ID,Language_ID,Language_name,Parameter_ID,Parameter_name,Value,Source,Comment
33A-giz,giz,Giziga,33A,Coding of Nominal Plurality,Plural word,Lukas-1970[ 17-18],
33A-rag,rag,Raga,33A,Coding of Nominal Plurality,Plural word,Crowley-2002c[ 629],
33A-xas,xas,Xasonga,33A,Coding of Nominal Plurality,Plural suffix,Koite-Herschel-1981-1982[ 96],
33A-zhn,zhn,Zhuang (Northern),33A,Coding of Nominal Plurality,No plural,Yongxian-Luo-2008[ 342-343],
33A-bmz,bmz,Berber (Mzab),33A,Coding of Nominal Plurality,Plural suffix,Lounis-1897[140-141],
33A-cnm,cnm,Canamarí,33A,Coding of Nominal Plurality,Plural word,,
33A-eny,eny,Enya,33A,Coding of Nominal Plurality,Plural prefix,Spa-1973[45ff],
33A-ina,ina,Inanwatan,33A,Coding of Nominal Plurality,Plural suffix,de-Vries-1996[ 33],
33A-kai,kai,Kaian,33A,Coding of Nominal Plurality,Plural suffix,ZGraggen-1969[211-223],
33A-kyo,kyo,Kanyok,33A,Coding of Nominal Plurality,Plural prefix,Mukash-Kalel-1982[ 201-207],
33A-les,les,Lese,33A,Coding of Nominal Plurality,Plural suffix,Vorbichler-1965[ 86],
33A-mij,mij,Miju,33A,Coding of Nominal Plurality,Plural suffix,Das-Gupta-1977[ passim],
33A-mkr,mkr,Mikarew,33A,Coding of Nominal Plurality,Plural suffix,ZGraggen-1969[209],
33A-nif,nif,Niuafo'ou,33A,Coding of Nominal Plurality,Plural word,Early-2002[ 853],
33A-shd,shd,Sherdukpen,33A,Coding of Nominal Plurality,Plural suffix,Dondrup-1988[10],
33A-tpt,tpt,Tapieté,33A,Coding of Nominal Plurality,Plural suffix,Gonzalez-2005[ passim],
33A-xar,xar,Xârâcùù,33A,Coding of Nominal Plurality,Plural word,,
33A-anu,anu,Anufo,33A,Coding of Nominal Plurality,Plural clitic,Smye-2004[ 29],
33A-bga,bga,Benga,33A,Coding of Nominal Plurality,Plural prefix,Mackey-and-Nassau-1892[13-15],
33A-eip,eip,Eipo,33A,Coding of Nominal Plurality,Plural suffix,Heeschen-1998[ 201],
33A-otr,otr,Otoro,33A,Coding of Nominal Plurality,Plural prefix,Stevenson-1957[ 28],
33A-sub,sub,Subiya,33A,Coding of Nominal Plurality,Plural prefix,Baumbach-1997[322],
33A-suk,suk,Suki,33A,Coding of Nominal Plurality,Plural suffix,Hatfield-2008[ 7],
33A-blg,blg,Balangao,33A,Coding of Nominal Plurality,Plural prefix,Shetler-1976[107],
33A-cup,cup,Cupeño,33A,Coding of Nominal Plurality,Plural suffix,Hill-2005[ 177],
33A-hoa,hoa,Hoava,33A,Coding of Nominal Plurality,Plural word,"Davis-2003[ 34, 36]",
33A-kpo,kpo,Kposo,33A,Coding of Nominal Plurality,Plural clitic,"Wolf-1981[20, passim]",
33A-laf,laf,Lafofa,33A,Coding of Nominal Plurality,Plural prefix,Stevenson-1957[ 44],
33A-lul,lul,Lule,33A,Coding of Nominal Plurality,Plural suffix,Adelaar-2004[390],
33A-pdp,pdp,Folopa,33A,Coding of Nominal Plurality,Plural suffix,,
33A-dun,dun,Duna,33A,Coding of Nominal Plurality,Plural clitic,,
33A-ifm,ifm,Ifumu,33A,Coding of Nominal Plurality,Plural prefix,"Makouta-Mboukou-1977[ 200, 203, 206, 209]",
33A-jlu,jlu,Luwo,33A,Coding of Nominal Plurality,Plural suffix,Buth-1981[6-7],
33A-mcc,mcc,Mochica,33A,Coding of Nominal Plurality,Plural clitic,Adelaar-2004[ 335],
33A-shy,shy,Shira Yughur,33A,Coding of Nominal Plurality,Plural suffix,Nugteren-2003[270],
33A-blu,blu,Bena-Lulua,33A,Coding of Nominal Plurality,Plural prefix,DeClercq-1897[5],
33A-bik,bik,Biak,33A,Coding of Nominal Plurality,Plural clitic,van-den-Heuvel-2006[ 201-204],
33A-big,big,Binga,33A,Coding of Nominal Plurality,Plural suffix,Santandrea-1956[25],
33A-hdi,hdi,Hdi,33A,Coding of Nominal Plurality,Plural suffix,Frajzyngier-and-Shay-2002[ 46],
33A-iha,iha,Iha,33A,Coding of Nominal Plurality,Mixed morphological plural,Voorhoeve-1975[433],
33A-mzn,mzn,Mazanderani,33A,Coding of Nominal Plurality,Plural suffix,Yoshie-1996[14],
33A-tgo,tgo,Tsogo,33A,Coding of Nominal Plurality,Plural prefix,Raponda-Walker-1950[12],
33A-bsi,bsi,Berber (Siwa),33A,Coding of Nominal Plurality,Mixed morphological plural,Vycichl-1991[73];Basset-1890[15],
33A-gil,gil,Gilaki,33A,Coding of Nominal Plurality,Plural suffix,Christensen-1930[78],
33A-lng,lng,Lengua,33A,Coding of Nominal Plurality,Plural suffix,Susnik-1977[113],
33A-mgh,mgh,Magahi,33A,Coding of Nominal Plurality,Plural suffix,Verma-2003b[507],
33A-nde,nde,Nande,33A,Coding of Nominal Plurality,Plural prefix,Baudet-1947[10],
33A-nke,nke,Nkem,33A,Coding of Nominal Plurality,Plural prefix,Sibomana-1986[ 262-264],
33A-sec,sec,Secoya,33A,Coding of Nominal Plurality,Plural suffix,Johnson-and-Levinsohn-1990[25-26],
33A-tba,tba,Tabare,33A,Coding of Nominal Plurality,No plural,McVinney-and-Luzbetak-1954[13],
33A-tmg,tmg,Tamagario,33A,Coding of Nominal Plurality,No plural,Voorhoeve-1975[367],
33A-bun,bun,Buin,33A,Coding of Nominal Plurality,Plural suffix,"Grisward-and-Kieta-1910[84, passim]",
33A-chb,chb,Chambri,33A,Coding of Nominal Plurality,Plural suffix,Laycock-and-Zgraggen-1975[755],
33A-oir,oir,Oirat,33A,Coding of Nominal Plurality,Plural suffix,Birtalan-2003[216],
33A-sea,sea,Southeast Ambrym,33A,Coding of Nominal Plurality,Plural word,Crowley-2002b[ 662],
33A-sug,sug,Sungor,33A,Coding of Nominal Plurality,Plural suffix,Tucker-and-Bryan-1966[209],
33A-ayi,ayi,Anyi,33A,Coding of Nominal Plurality,Plural prefix,Retord-1981[150],
33A-bti,bti,Betoi,33A,Coding of Nominal Plurality,Plural suffix,Zamponi-2003b[14],
33A-des,des,Desano,33A,Coding of Nominal Plurality,Plural suffix,Miller-1999[ 52],
33A-dhw,dhw,Dharawal,33A,Coding of Nominal Plurality,Plural suffix,Eades-1976[47],
33A-kbu,kbu,Kanembu,33A,Coding of Nominal Plurality,Plural suffix,Lukas-1931[27],
33A-saa,saa,Sa'a,33A,Coding of Nominal Plurality,Plural word,Ivens-1918[140],
33A-sil,sil,Sila,33A,Coding of Nominal Plurality,Plural suffix,Tucker-and-Bryan-1966[235],
33A-bgn,bgn,Bugun,33A,Coding of Nominal Plurality,Plural suffix,Dondrup-1990[7],
33A-cln,cln,Cholón,33A,Coding of Nominal Plurality,Plural suffix,Alexander-Bakkerus-2005[ 154],
33A-hem,hem,Hemba,33A,Coding of Nominal Plurality,Plural prefix,Vandermeiren-1912[25],
33A-jug,jug,Jugli,33A,Coding of Nominal Plurality,Plural suffix,Rekhung-1988a[2],
33A-khi,khi,Khinalug,33A,Coding of Nominal Plurality,Plural suffix,Kibrik-1994b[374],
33A-kie,kie,Kire,33A,Coding of Nominal Plurality,Plural suffix,Stanhope-1972[passim],
33A-lmb,lmb,Lamba,33A,Coding of Nominal Plurality,Plural prefix,Doke-1922[17],
33A-mda,mda,Mada (in Cameroon),33A,Coding of Nominal Plurality,Plural word,Barreteau-and-Brunet-2000[22],
33A-mbl,mbl,Mbole,33A,Coding of Nominal Plurality,Plural prefix,De-Rop-1971[45ff],
33A-oks,oks,Oksapmin,33A,Coding of Nominal Plurality,Plural suffix,,
33A-spi,spi,Spitian,33A,Coding of Nominal Plurality,Plural suffix,Sharma-1992[35],
33A-zpr,zpr,Zaparo,33A,Coding of Nominal Plurality,Plural suffix,Peeke-1962[188ff],
33A-bnk,bnk,Bankon,33A,Coding of Nominal Plurality,Plural prefix,Spellenberg-1969[26ff],
33A-deu,deu,Deuri,33A,Coding of Nominal Plurality,Plural suffix,Goswami-1994[15],
33A-gwo,gwo,Gworok,33A,Coding of Nominal Plurality,Plural tone,Adwiraah-1989[28-32],
33A-mkh,mkh,Mongol (Khamnigan),33A,Coding of Nominal Plurality,Plural suffix,Janhunen-2003[89],
33A-one,one,One,33A,Coding of Nominal Plurality,Plural suffix,,
33A-ord,ord,Ordos,33A,Coding of Nominal Plurality,Plural suffix,Georg-2003[199],
33A-rao,rao,Rao,33A,Coding of Nominal Plurality,No plural,Stanhope-1980[9],
33A-tts,tts,Tati (Southern),33A,Coding of Nominal Plurality,Plural suffix,Yar-Shater-1969[75],
33A-tsz,tsz,Tsez,33A,Coding of Nominal Plurality,Plural suffix,Alekseev-and-Radzhabov-2004[ 120-124],
33A-bfi,bfi,Bafia,33A,Coding of Nominal Plurality,Plural prefix,Guarisma-1973[65],
33A-bao,bao,Bao'an,33A,Coding of Nominal Plurality,Plural clitic,Wu-2003[332],
33A-bnu,bnu,Bularnu,33A,Coding of Nominal Plurality,Plural suffix,Breen-1980[21],
33A-coe,coe,Coeur d'Alene,33A,Coding of Nominal Plurality,Plural word,Doak-1997[216],
33A-dul,dul,Dulong,33A,Coding of Nominal Plurality,Plural word,LaPolla-2003a[ 676],
33A-gnd,gnd,Ga'anda,33A,Coding of Nominal Plurality,Plural suffix,Newman-1971[85],
33A-guh,guh,Guhu-Samane,33A,Coding of Nominal Plurality,Plural suffix,Richert-1975[778],
33A-kdw,kdw,Kadiwéu,33A,Coding of Nominal Plurality,Plural suffix,Sandalo-1997[56],
33A-leg,leg,Lega,33A,Coding of Nominal Plurality,Plural prefix,Meeussen-1971[6-7],
33A-lun,lun,Lungchang,33A,Coding of Nominal Plurality,Plural suffix,Rekhung-1988b[2],
33A-ma,ma,Ma,33A,Coding of Nominal Plurality,Plural suffix,Tucker-and-Bryan-1966[110-112],
33A-muu,muu,Mundurukú,33A,Coding of Nominal Plurality,Plural suffix,Crofts-1973[84],
33A-ngj,ngj,Ngadjumaja,33A,Coding of Nominal Plurality,Plural suffix,von-Brandenstein-1980[passim],
33A-ptw,ptw,Patwin,33A,Coding of Nominal Plurality,Plural suffix,"Whistler-1977[174, passim 22]",
33A-wir,wir,Wirangu,33A,Coding of Nominal Plurality,No plural,Hercus-1999a[passim],
33A-bob,bob,Bobangi,33A,Coding of Nominal Plurality,Plural prefix,Whitehead-1899[9],
33A-bbf,bbf,Bobo Madaré (Northern),33A,Coding of Nominal Plurality,Plural clitic,"Prost-1983[ 15, 19]",
33A-cqt,cqt,Chiquitano,33A,Coding of Nominal Plurality,Plural suffix,Adam-and-Henry-1880[VIII],
33A-ktc,ktc,Katcha,33A,Coding of Nominal Plurality,Plural prefix,Tucker-and-Bryan-1966[303],
33A-kga,kga,Kinga,33A,Coding of Nominal Plurality,Plural prefix,Wolff-1905[13ff],
33A-kwz,kwz,Kwaza,33A,Coding of Nominal Plurality,No plural,van-der-Voort-2004[ 213],
33A-mua,mua,Makua,33A,Coding of Nominal Plurality,Plural prefix,Woodward-1926[272],
33A-mgk,mgk,Mungaka,33A,Coding of Nominal Plurality,Plural prefix,Tischhauser-1992[3],
33A-nal,nal,Nalik,33A,Coding of Nominal Plurality,Plural word,"Volker-1998[97, 101]",
33A-svs,svs,Savosavo,33A,Coding of Nominal Plurality,Plural clitic,Wegener-2008[ 118],
33A-sme,sme,Seme,33A,Coding of Nominal Plurality,Plural tone,Prost-1964d[ 349],
33A-shm,shm,Shambala,33A,Coding of Nominal Plurality,Plural prefix,Besha-1993[13],
33A-amx,amx,Anamuxra,33A,Coding of Nominal Plurality,Plural suffix,Ingram-2001,
33A-bas,bas,Basaá,33A,Coding of Nominal Plurality,Plural prefix,Schurle-1912[13],
33A-daw,daw,Dâw,33A,Coding of Nominal Plurality,Plural clitic,Martins-1994[131],
33A-day,day,Day,33A,Coding of Nominal Plurality,Plural word,"Nougayrol-1979[119, 121]",
33A-djn,djn,Djinang,33A,Coding of Nominal Plurality,Plural suffix,Waters-1989[passim],
33A-fon,fon,Fongbe,33A,Coding of Nominal Plurality,Plural word,Lefebvre-and-Brousseau-2002[ 38],
33A-hhu,hhu,Hanga Hundi,33A,Coding of Nominal Plurality,Plural suffix,Wendel-1993[58],
33A-jel,jel,Jeli,33A,Coding of Nominal Plurality,Plural clitic,Trobs-1998[166],
33A-kgr,kgr,Kagulu,33A,Coding of Nominal Plurality,Plural prefix,Last-1886[7],
33A-mag,mag,Magar,33A,Coding of Nominal Plurality,Plural suffix,Shepherd-and-Shepherd-1973[304],
33A-mtb,mtb,Matuumbi,33A,Coding of Nominal Plurality,Plural prefix,Odden-1996[20-22],
33A-mus,mus,Mussau,33A,Coding of Nominal Plurality,Plural word,Ross-2002b[154],
33A-ngb,ngb,Ngbaka (Minagende),33A,Coding of Nominal Plurality,Mixed morphological plural,GrandEury-1991[ 331],
33A-pam,pam,Pame,33A,Coding of Nominal Plurality,Mixed morphological plural,Manrique-1967[343-344],
33A-shb,shb,Shabo,33A,Coding of Nominal Plurality,Plural word,Teferra-and-Unseth-1989[414];Teferra-1991[378],
33A-wau,wau,Waunana,33A,Coding of Nominal Plurality,Plural suffix,Loewen-1954[77-78],
33A-xav,xav,Xavánte,33A,Coding of Nominal Plurality,No plural,McLeod-and-Mitchell-1980[61],
33A-yam,yam,Yaminahua,33A,Coding of Nominal Plurality,Plural suffix,Eakin-1991[94],
33A-ann,ann,Anindilyakwa,33A,Coding of Nominal Plurality,Plural prefix,Leeding-1989[226],
33A-bku,bku,Bakueri,33A,Coding of Nominal Plurality,Plural prefix,Kagaya-1992[8],
33A-bbu,bbu,Barambu,33A,Coding of Nominal Plurality,Plural prefix,Tucker-and-Bryan-1966[145];Santandrea-1965b[ 46],
33A-bry,bry,Baruya,33A,Coding of Nominal Plurality,Plural clitic,"Lloyd-1969[8, 26, passim]",
33A-crp,crp,Carapana,33A,Coding of Nominal Plurality,Plural suffix,Metzger-1981[passim],
33A-kac,kac,Kachari,33A,Coding of Nominal Plurality,Plural suffix,Endle-1884[vii-viii],
33A-kyq,kyq,Kyuquot,33A,Coding of Nominal Plurality,Plural suffix,"Rose-1981[240, 246]",
33A-mkg,mkg,Mandinka (Gambian),33A,Coding of Nominal Plurality,Plural suffix,Rowlands-1959[38],
33A-mdo,mdo,Mbodomo,33A,Coding of Nominal Plurality,Plural prefix,Boyd-1997[62],
33A-ras,ras,Rashad,33A,Coding of Nominal Plurality,Plural suffix,Tucker-and-Bryan-1966[293],
33A-sob,sob,Sobei,33A,Coding of Nominal Plurality,Plural suffix,Sterner-and-Ross-2002[ 170];Sterner-1976[163],
33A-thn,thn,Thangmi,33A,Coding of Nominal Plurality,Plural suffix,Turin-2000[passim],
33A-trm,trm,Tirmaga,33A,Coding of Nominal Plurality,Plural suffix,Bryant-1999[56],
33A-toz,toz,Tonga (in Zambia),33A,Coding of Nominal Plurality,Plural prefix,Collins-1962[11-20],
33A-trw,trw,Torwali,33A,Coding of Nominal Plurality,Plural suffix,Lunsford-2001[43],
33A-wed,wed,Wedau,33A,Coding of Nominal Plurality,Plural prefix,King-1901a[passim],
33A-bni,bni,Bini,33A,Coding of Nominal Plurality,No plural,Dunn-1968[207],
33A-bnb,bnb,Bunuba,33A,Coding of Nominal Plurality,Plural clitic,Rumsey-2000[115],
33A-cld,cld,Chaldean (Modern),33A,Coding of Nominal Plurality,Plural suffix,Sara-1974[55-57],
33A-dgo,dgo,Dongo,33A,Coding of Nominal Plurality,Plural suffix,"Tucker-and-Bryan-1966[110-112, passim]",
33A-dmk,dmk,Dumaki,33A,Coding of Nominal Plurality,Plural suffix,Lorimer-1939[24-34],
33A-gnn,gnn,Gunin,33A,Coding of Nominal Plurality,No plural,McGregor-1993[ passim],
33A-isa,isa,I'saka,33A,Coding of Nominal Plurality,No plural,Donohue-and-San-Roque-2002[ passim],
33A-kba,kba,Kamba,33A,Coding of Nominal Plurality,Plural prefix,Whiteley-and-Muli-1962[passim],
33A-knw,knw,Konkow,33A,Coding of Nominal Plurality,Plural suffix,Ultan-1967[142-145],
33A-ldo,ldo,Londo,33A,Coding of Nominal Plurality,Plural prefix,Kuperus-1985[97-98],
33A-msk,msk,Masakin,33A,Coding of Nominal Plurality,Plural prefix,Tucker-and-Bryan-1966[276],
33A-mtt,mtt,Massachusett,33A,Coding of Nominal Plurality,Plural suffix,Goddard-and-Bragdon-1988[490],
33A-mki,mki,Mikasuki,33A,Coding of Nominal Plurality,Mixed morphological plural,"Boynton-1982[48, 52]",
33A-mof,mof,Mofu-Gudur,33A,Coding of Nominal Plurality,Plural word,"Barreteau-1988[39, 57]",
33A-mdg,mdg,Mundang,33A,Coding of Nominal Plurality,Plural clitic,Elders-2000[392],
33A-nkb,nkb,Ngalkbun,33A,Coding of Nominal Plurality,Plural suffix,Capell-1962b[110],
33A-pnu,pnu,Bunu (Younuo),33A,Coding of Nominal Plurality,No plural,Mao-and-Tsu-yao-1972[251],
33A-sle,sle,Samba Leko,33A,Coding of Nominal Plurality,Plural word,"Fabre-2003[184, 186]",
33A-sav,sav,Savi,33A,Coding of Nominal Plurality,Plural suffix,Buddruss-1967[35],
33A-stn,stn,Sotho (Northern),33A,Coding of Nominal Plurality,Plural prefix,Louwrens-et-al-1995[19],
33A-tbw,tbw,Tabwa,33A,Coding of Nominal Plurality,Plural prefix,de-Beerst-1896[291ff],
33A-thu,thu,Thulung,33A,Coding of Nominal Plurality,No plural,Allen-1975b[passim],
33A-tou,tou,Toussian,33A,Coding of Nominal Plurality,Plural suffix,Prost-1964g[261ff],
33A-tgh,tgh,Tuareg (Ghat),33A,Coding of Nominal Plurality,Mixed morphological plural,Nehlil-1909[15],
33A-tnk,tnk,Tungak,33A,Coding of Nominal Plurality,Plural word,Fast-1990[passim],
33A-awe,awe,Arrernte (Western),33A,Coding of Nominal Plurality,Plural suffix,Strehlow-1944[77],
33A-bka,bka,Baka (in Sudan),33A,Coding of Nominal Plurality,Plural clitic,Santandrea-1976[72],
33A-bid,bid,Bidiya,33A,Coding of Nominal Plurality,Plural suffix,Alio-1986[231],
33A-bin,bin,Binandere,33A,Coding of Nominal Plurality,Mixed morphological plural,Wilson-1996[29-30],
33A-dhr,dhr,Dhargari,33A,Coding of Nominal Plurality,Plural suffix,"Klokeid-1969[22, passim]",
33A-dms,dms,Dimasa,33A,Coding of Nominal Plurality,Plural suffix,Dundas-1908[2],
33A-gal,gal,Galo,33A,Coding of Nominal Plurality,Plural suffix,Das-Gupta-1963[6],
33A-ggu,ggu,Gureng Gureng,33A,Coding of Nominal Plurality,Plural suffix,Brasch-1975[22C],
33A-kum,kum,Kumauni,33A,Coding of Nominal Plurality,Plural suffix,Apte-and-Pattanayak-1967[29],
33A-lew,lew,Lewo,33A,Coding of Nominal Plurality,Plural word,Early-1994a[187-187],
33A-lou,lou,Lou,33A,Coding of Nominal Plurality,Plural word,Stutzman-1997[passim],
33A-mur,mur,Mursi,33A,Coding of Nominal Plurality,Plural suffix,Turton-and-Bender-1976[544],
33A-nze,nze,Naga (Zeme),33A,Coding of Nominal Plurality,Plural word,Soppitt-1885[5-6],
33A-ndu,ndu,Ndumu,33A,Coding of Nominal Plurality,Plural prefix,Biton-1969[557],
33A-nog,nog,Noghay,33A,Coding of Nominal Plurality,Plural suffix,Csato-and-Karakoc-1998[336],
33A-smn,smn,Seminole,33A,Coding of Nominal Plurality,Plural suffix,Nathan-1977[58-59],
33A-sht,sht,Shatt,33A,Coding of Nominal Plurality,Plural suffix,Tucker-and-Bryan-1966[235],
33A-sud,sud,Sudest,33A,Coding of Nominal Plurality,Mixed morphological plural,Anderson-and-Ross-2002[326-327],
33A-trr,trr,Tairora,33A,Coding of Nominal Plurality,Plural suffix,Vincent-1973a[533],
33A-tao,tao,Tarao,33A,Coding of Nominal Plurality,Plural suffix,Singh-2002[38-39],
33A-tsg,tsg,Tausug,33A,Coding of Nominal Plurality,Plural word,Rubino-2006[ 38],
33A-tig,tig,Tigrinya,33A,Coding of Nominal Plurality,Plural suffix,Kogan-1997[ 431],
33A-tgn,tgn,Tugun,33A,Coding of Nominal Plurality,Plural word,Hinton-1991[50],
33A-avo,avo,Avokaya,33A,Coding of Nominal Plurality,Plural suffix,Kilpatrick-1981[passim],
33A-azi,azi,Azari (Iranian),33A,Coding of Nominal Plurality,Plural suffix,Dehghani-2000[108],
33A-bus,bus,Busa,33A,Coding of Nominal Plurality,Plural clitic,"Wedekind-1972[23-24, 115]",
33A-cas,cas,Cashibo,33A,Coding of Nominal Plurality,Plural suffix,Abreu-1914[19-20],
33A-cav,cav,Cavineña,33A,Coding of Nominal Plurality,Plural clitic,"Guillaume-2004[ 69, 73]",
33A-jar,jar,Jarawa (in Nigeria),33A,Coding of Nominal Plurality,Plural prefix,Lukas-and-Willms-1961[6],
33A-kel,kel,Kele,33A,Coding of Nominal Plurality,No plural,Ross-2002k[ passim],
33A-ksa,ksa,Keresan (Santa Ana),33A,Coding of Nominal Plurality,Plural clitic,Davis-1960[107];Davis-1964[123],
33A-kir,kir,Kirma,33A,Coding of Nominal Plurality,Plural suffix,Prost-1964b[25],
33A-mmv,mmv,Mamvu,33A,Coding of Nominal Plurality,Mixed morphological plural,Vorbichler-1971[222],
33A-mek,mek,Mekens,33A,Coding of Nominal Plurality,Plural clitic,Galucio-2001[ 111],
33A-mer,mer,Meryam Mir,33A,Coding of Nominal Plurality,Plural suffix,"Piper-1989[32, 190]",
33A-omi,omi,Ömie,33A,Coding of Nominal Plurality,No plural,Austing-and-Upia-1975[521],
33A-ong,ong,Onge,33A,Coding of Nominal Plurality,Plural suffix,Dasgupta-and-Sharma-1982[passim],
33A-pum,pum,Pumi,33A,Coding of Nominal Plurality,Plural clitic,Ding-1998[170];Lu-1983[30],
33A-sta,sta,Santa,33A,Coding of Nominal Plurality,Plural suffix,Kim-2003[353],
33A-sia,sia,Siane,33A,Coding of Nominal Plurality,No plural,Salisbury-1956[467],
33A-sgb,sgb,Sougb,33A,Coding of Nominal Plurality,Plural suffix,Reesink-2002[221],
33A-thy,thy,Kuuk Thaayorre,33A,Coding of Nominal Plurality,No plural,Hall-1972[76],
33A-tmc,tmc,Timucua,33A,Coding of Nominal Plurality,Plural suffix,"Granberry-1993[79, 87]",
33A-bvi,bvi,Bali-Vitu,33A,Coding of Nominal Plurality,Plural word,"Ross-2002c[368, 369]",
33A-chx,chx,Chontal (Huamelultec Oaxaca),33A,Coding of Nominal Plurality,Plural suffix,Waterhouse-1967[357],
33A-cro,cro,Crow,33A,Coding of Nominal Plurality,Plural suffix,Lowie-1941[31],
33A-drm,drm,Darma,33A,Coding of Nominal Plurality,Plural word,Sharma-1989a[46],
33A-dim,dim,Dime,33A,Coding of Nominal Plurality,Plural clitic,Fleming-1990[517],
33A-ene,ene,Enets,33A,Coding of Nominal Plurality,Plural suffix,Kunnap-1999a[13],
33A-gam,gam,Gamo,33A,Coding of Nominal Plurality,Plural suffix,Taylor-1994[50],
33A-gbk,gbk,Gbaya Kara,33A,Coding of Nominal Plurality,Plural prefix,Tucker-and-Bryan-1966[88],
33A-gel,gel,Gela,33A,Coding of Nominal Plurality,Plural word,Crowley-2002a[528],
33A-git,git,Gitksan,33A,Coding of Nominal Plurality,Plural prefix,Rigsby-1986[92],
33A-ken,ken,Kenga,33A,Coding of Nominal Plurality,Plural clitic,"Vandame-1968[16, 19-20]",
33A-lmh,lmh,Lamaholot,33A,Coding of Nominal Plurality,Plural complete reduplication,Arndt-1937[18],
33A-mts,mts,Matis,33A,Coding of Nominal Plurality,Plural suffix,Ferreira-2001[49],
33A-mbi,mbi,Mbili,33A,Coding of Nominal Plurality,Plural prefix,Ayuninjam-1998[190],
33A-mco,mco,Mixe (Coatlán),33A,Coding of Nominal Plurality,Plural word,Van-Haitsma-and-Van-Haitsma-1976[73],
33A-nag,nag,Nagatman,33A,Coding of Nominal Plurality,Plural suffix,Campbell-and-Campbell-1987[2],
33A-nza,nza,Nzakara,33A,Coding of Nominal Plurality,Plural prefix,Tucker-and-Bryan-1966[145];Santandrea-1965b[45],
33A-oya,oya,Oriya,33A,Coding of Nominal Plurality,Plural suffix,Ray-2003[451],
33A-osa,osa,Osage,33A,Coding of Nominal Plurality,Plural word,Quintero-1997[33],
33A-pre,pre,Pare,33A,Coding of Nominal Plurality,Plural prefix,Kagaya-1989[8-10],
33A-stl,stl,Santali,33A,Coding of Nominal Plurality,Plural suffix,Macphail-1953[16];Neukom-2001[ 21],
33A-tny,tny,Tenyer,33A,Coding of Nominal Plurality,Plural suffix,Prost-1964h[216ff],
33A-tgl,tgl,Tshangla,33A,Coding of Nominal Plurality,Plural clitic,Andvik-1999[123],
33A-udi,udi,Udi,33A,Coding of Nominal Plurality,Plural suffix,Schulze-1982[97-98],
33A-usr,usr,Usarufa,33A,Coding of Nominal Plurality,Plural suffix,Bee-1973[251],
33A-amn,amn,Amanab,33A,Coding of Nominal Plurality,No plural,Minch-1992[126],
33A-aml,aml,Ambae (Lolovoli Northeast),33A,Coding of Nominal Plurality,Plural word,"Hyslop-2001[ 105, 119-120]",
33A-awa,awa,Awa,33A,Coding of Nominal Plurality,Plural suffix,Loving-and-Loving-1973[20],
33A-blt,blt,Balti,33A,Coding of Nominal Plurality,Plural suffix,Read-1934[5],
33A-bnn,bnn,Banoni,33A,Coding of Nominal Plurality,Plural word,"Lincoln-1976[100-101, 183]",
33A-bsh,bsh,Bushoong,33A,Coding of Nominal Plurality,Plural prefix,Edmiston-1932[15],
33A-cku,cku,Chinook (Upper),33A,Coding of Nominal Plurality,Mixed morphological plural,"Hymes-1955[90, 1133, 135]",
33A-dom,dom,Domari,33A,Coding of Nominal Plurality,Plural suffix,Macalister-1914[15-17],
33A-gah,gah,Gahuku,33A,Coding of Nominal Plurality,Plural suffix,Deibler-1976[46],
33A-gku,gku,Gününa Küne,33A,Coding of Nominal Plurality,No plural,Casamiquela-1983[40],
33A-hya,hya,Haya,33A,Coding of Nominal Plurality,Plural prefix,Byarushengo-1977[6],
33A-hid,hid,Hidatsa,33A,Coding of Nominal Plurality,Plural suffix,Matthews-1965[passim];Robinett-1955[passim],
33A-ho,ho,Ho,33A,Coding of Nominal Plurality,Plural suffix,Deeney-1975[5],
33A-idn,idn,Iduna,33A,Coding of Nominal Plurality,Plural suffix,Huckett-1974[82],
33A-ila,ila,Ila,33A,Coding of Nominal Plurality,Plural prefix,Smith-1907[16ff],
33A-khr,khr,Kharia,33A,Coding of Nominal Plurality,Plural clitic,,
33A-knn,knn,Kinnauri,33A,Coding of Nominal Plurality,Plural suffix,Sharma-1988[65],
33A-kta,kta,Koita,33A,Coding of Nominal Plurality,Plural suffix,"Dutton-1975[316, 330]",
33A-kop,kop,Komi-Permyak,33A,Coding of Nominal Plurality,Plural suffix,Riese-1998[268];Lytkin-1966a[304],
33A-kni,kni,Konni,33A,Coding of Nominal Plurality,Plural suffix,Cahill-1999[42],
33A-lag,lag,Lagwan,33A,Coding of Nominal Plurality,Mixed morphological plural,Lukas-1936[16ff],
33A-mas,mas,Masa,33A,Coding of Nominal Plurality,Plural suffix,Caitucoli-1986[28],
33A-mea,mea,Meyah,33A,Coding of Nominal Plurality,Plural suffix,Gravelle-2002[125];Gravelle-2004[ 130],
33A-mga,mga,Mondunga,33A,Coding of Nominal Plurality,Mixed morphological plural,"De-Boeck-1952[14, 17-18]",
33A-mwe,mwe,Mwera,33A,Coding of Nominal Plurality,Plural prefix,Harries-1950[20],
33A-noc,noc,Nocte,33A,Coding of Nominal Plurality,Plural suffix,Das-Gupta-1971[4],
33A-ork,ork,Orok,33A,Coding of Nominal Plurality,Plural suffix,Petrova-1968[175],
33A-pwn,pwn,Pawnee,33A,Coding of Nominal Plurality,Plural suffix,Parks-1976[106ff],
33A-pia,pia,Piaroa,33A,Coding of Nominal Plurality,Plural suffix,Krute-1989[96],
33A-qia,qia,Qiang,33A,Coding of Nominal Plurality,Plural clitic,"LaPolla-2003b[39, 69]",
33A-shp,shp,Sahaptin (Northern),33A,Coding of Nominal Plurality,Plural suffix,Jacobs-1931[226],
33A-sho,sho,Shoshone,33A,Coding of Nominal Plurality,Plural suffix,Crapo-1976[15],
33A-tak,tak,Takia,33A,Coding of Nominal Plurality,Plural word,"Ross-2002h[225, 227]",
33A-tnc,tnc,Tanacross,33A,Coding of Nominal Plurality,Plural suffix,Holton-2000[157],
33A-thk,thk,Thakali,33A,Coding of Nominal Plurality,Plural suffix,Georg-1996[74-75],
33A-tob,tob,Toba,33A,Coding of Nominal Plurality,Plural suffix,"Klein-1973[200, 214];Klein-2001[19]",
33A-wrw,wrw,Warrwa,33A,Coding of Nominal Plurality,Plural clitic,"McGregor-1994[14, 35]",
33A-zar,zar,Zarma,33A,Coding of Nominal Plurality,Plural clitic,"Tersis-1972[88, 103, 106];Westermann-1921b[195]",
33A-alk,alk,Arop-Lokep,33A,Coding of Nominal Plurality,Plural word,DJernes-2002[253],
33A-bgr,bgr,Bagiro,33A,Coding of Nominal Plurality,Plural word,Boyeldieu-2000[92],
33A-baq,baq,Baure,33A,Coding of Nominal Plurality,Plural suffix,Baptista-and-Wallin-1967[75],
33A-cde,cde,Carib (De'kwana),33A,Coding of Nominal Plurality,Plural suffix,Hall-1988[97],
33A-goe,goe,Goemai,33A,Coding of Nominal Plurality,Plural word,Hellwig-2003[31],
33A-hma,hma,Hmar,33A,Coding of Nominal Plurality,Plural suffix,Dutta-Baruah-and-Bapui-1996[34],
33A-kms,kms,Kamass,33A,Coding of Nominal Plurality,Plural suffix,Kunnap-1999b[14],
33A-kar,kar,Kara (in Central African Republic),33A,Coding of Nominal Plurality,Plural clitic,Santandrea-1970[131];Boyeldieu-1987[60],
33A-klw,klw,Kiliwa,33A,Coding of Nominal Plurality,Plural suffix,Mixco-1971[109],
33A-kla,kla,Klao,33A,Coding of Nominal Plurality,Plural suffix,Rickard-1970[9-11],
33A-kmo,kmo,Koiali (Mountain),33A,Coding of Nominal Plurality,Plural suffix,Garland-and-Garland-1975[421],
33A-kxo,kxo,Kxoe,33A,Coding of Nominal Plurality,Plural suffix,Kohler-1981[513],
33A-laa,laa,Laal,33A,Coding of Nominal Plurality,Plural stem change,Boyeldieu-1982[70-82],
33A-lot,lot,Lotha,33A,Coding of Nominal Plurality,Mixed morphological plural,"Acharya-1983[152, 153, passim]",
33A-mpr,mpr,Maipure,33A,Coding of Nominal Plurality,Plural suffix,Zamponi-2003a[25],
33A-mbt,mbt,Mangbetu,33A,Coding of Nominal Plurality,Plural prefix,Tucker-and-Bryan-1966[40],
33A-mbr,mbr,Mbara,33A,Coding of Nominal Plurality,Plural suffix,Tourneux-et-al-1986[153-156],
33A-mxj,mxj,Mixtec (Jicaltepec),33A,Coding of Nominal Plurality,No plural,Bradley-1970[passim],
33A-mxy,mxy,Mixtec (Yosondúa),33A,Coding of Nominal Plurality,Plural word,Farris-1992[73],
33A-ngn,ngn,Ngandi,33A,Coding of Nominal Plurality,Plural prefix,Heath-1978[35],
33A-oro,oro,Orokaiva,33A,Coding of Nominal Plurality,Plural complete reduplication,Healey-et-al-1969[46],
33A-orw,orw,Oromo (Waata),33A,Coding of Nominal Plurality,No plural,Heine-1981[26-27],
33A-sna,sna,Shina,33A,Coding of Nominal Plurality,Plural suffix,Bailey-1924[11-20],
33A-ura,ura,Ura,33A,Coding of Nominal Plurality,Plural word,"Crowley-1999[187, 188]",
33A-wak,wak,Wakhi,33A,Coding of Nominal Plurality,Plural suffix,Lorimer-1958[52],
33A-yok,yok,Yokuts (Yaudanchi),33A,Coding of Nominal Plurality,Plural suffix,Kroeber-1904[189-191],
33A-aar,aar,Aari,33A,Coding of Nominal Plurality,No plural,Hayward-1990a[444],
33A-agt,agt,Anguthimri,33A,Coding of Nominal Plurality,Plural suffix,Crowley-1981[169],
33A-bdm,bdm,Badimaya,33A,Coding of Nominal Plurality,Plural suffix,Dunn-1988[passim],
33A-bkl,bkl,Bikol,33A,Coding of Nominal Plurality,Plural word,Mintz-1971a[99],
33A-bgo,bgo,Bongo,33A,Coding of Nominal Plurality,Plural clitic,Santandrea-1963[24],
33A-cai,cai,Chai,33A,Coding of Nominal Plurality,Plural suffix,Last-and-Lucassen-1998[392],
33A-drg,drg,Dargwa,33A,Coding of Nominal Plurality,Plural suffix,Isaev-2004[ 315],
33A-eud,eud,Eudeve,33A,Coding of Nominal Plurality,Plural prefix,Shaul-1991[75],
33A-gln,gln,Golin,33A,Coding of Nominal Plurality,Plural word,Bunn-1974[passim],
33A-gul,gul,Gula (in Central African Republic),33A,Coding of Nominal Plurality,Plural word,Nougayrol-1999[91],
33A-irx,irx,Iranxe,33A,Coding of Nominal Plurality,No plural,Meader-1967[ passim],
33A-kad,kad,Kadugli,33A,Coding of Nominal Plurality,Plural prefix,"Abdalla-1969[44, 76]",
33A-kim,kim,Kimaghama,33A,Coding of Nominal Plurality,Plural word,Boelaars-1950[33],
33A-koe,koe,Koegu,33A,Coding of Nominal Plurality,Plural clitic,"Hieda-1998[351, 354, 356]",
33A-kkt,kkt,Kokota,33A,Coding of Nominal Plurality,Plural word,Palmer-2002[503],
33A-kyk,kyk,Kyaka,33A,Coding of Nominal Plurality,Plural word,Draper-and-Draper-2002[7],
33A-lar,lar,Laragia,33A,Coding of Nominal Plurality,Plural suffix,Capell-1984b[62-63],
33A-mmn,mmn,Mamanwa,33A,Coding of Nominal Plurality,Plural word,Miller-and-Miller-1976[26],
33A-mru,mru,Maru,33A,Coding of Nominal Plurality,Plural word,Abbey-1899[13],
33A-mno,mno,Mono (in United States),33A,Coding of Nominal Plurality,Plural suffix,Norris-1986[76-77],
33A-mwo,mwo,Mwotlap,33A,Coding of Nominal Plurality,Plural word,Crowley-2002d[591],
33A-ngo,ngo,Ngoni,33A,Coding of Nominal Plurality,Plural prefix,Ngonyani-2003[29],
33A-nha,nha,Nhanda,33A,Coding of Nominal Plurality,Plural suffix,Blevins-2001[58],
33A-ptt,ptt,Pattani,33A,Coding of Nominal Plurality,Plural suffix,Sharma-1982a[111],
33A-pok,pok,Poko-Rawo,33A,Coding of Nominal Plurality,No plural,,
33A-prk,prk,Purki,33A,Coding of Nominal Plurality,Plural suffix,Rangan-1979[65],
33A-rit,rit,Ritharngu,33A,Coding of Nominal Plurality,Plural suffix,Heath-1980a[29],
33A-rwe,rwe,Romani (Welsh),33A,Coding of Nominal Plurality,Plural suffix,Sampson-1926[129-137],
33A-run,run,Runga,33A,Coding of Nominal Plurality,Plural suffix,"Nougayrol-1989[40, 50-51]",
33A-srd,srd,Sardinian,33A,Coding of Nominal Plurality,Plural suffix,Jones-1988[329],
33A-sor,sor,Sora,33A,Coding of Nominal Plurality,Plural suffix,Ramamurti-1931[17],
33A-tlo,tlo,Tobelo,33A,Coding of Nominal Plurality,No plural,Holton-2003[13],
33A-ycn,ycn,Yucuna,33A,Coding of Nominal Plurality,Plural suffix,Schauer-and-Schauer-1958[ 43],
33A-arq,arq,Arabic (Iraqi),33A,Coding of Nominal Plurality,Mixed morphological plural,Erwin-1963[182],
33A-cak,cak,Cakchiquel,33A,Coding of Nominal Plurality,Mixed morphological plural,"Garcia-Matzar-and-Rodriguez-Guajan-1997[104, 251, passim]",
33A-cya,cya,Chatino (Yaitepec),33A,Coding of Nominal Plurality,No plural,Rasch-2002[62],
33A-gon,gon,Gondi,33A,Coding of Nominal Plurality,Plural suffix,Subrahmanyam-1968[33],
33A-hlp,hlp,Hualapai,33A,Coding of Nominal Plurality,Plural suffix,Watahomigie-et-al-1982[198-200],
33A-hnd,hnd,Hunde,33A,Coding of Nominal Plurality,Plural prefix,"Kahombo-1992[48, 62ff]",
33A-hpd,hpd,Hup,33A,Coding of Nominal Plurality,Plural clitic,Epps-2008[ 204],
33A-jva,jva,Karajá,33A,Coding of Nominal Plurality,Plural suffix,Maia-1998[38],
33A-ktl,ktl,Katla,33A,Coding of Nominal Plurality,Plural prefix,Tucker-and-Bryan-1966[265],
33A-kwn,kwn,Kwangali,33A,Coding of Nominal Plurality,Plural prefix,Dammann-1957[9],
33A-ldu,ldu,Lendu,33A,Coding of Nominal Plurality,Plural suffix,Tucker-1967[390],
33A-let,let,Leti,33A,Coding of Nominal Plurality,Plural clitic,van-Engelenhoven-1995[163],
33A-mae,mae,Mae,33A,Coding of Nominal Plurality,Plural word,"Capell-1962a[8, 13]",
33A-mot,mot,Motuna,33A,Coding of Nominal Plurality,Plural suffix,"Onishi-1994[72, 111ff]",
33A-mrw,mrw,Muruwari,33A,Coding of Nominal Plurality,Mixed morphological plural,Oates-1988[49-50],
33A-nma,nma,Naga (Mao),33A,Coding of Nominal Plurality,Mixed morphological plural,Giridhar-1994[114ff],
33A-nhm,nhm,Nahuatl (Michoacán),33A,Coding of Nominal Plurality,Mixed morphological plural,Sischo-1979[338],
33A-nph,nph,Nar-Phu,33A,Coding of Nominal Plurality,Plural clitic,Noonan-2003a[340],
33A-paa,paa,Pa'a,33A,Coding of Nominal Plurality,Plural suffix,Skinner-1979[155-156],
33A-pkt,pkt,Pokot,33A,Coding of Nominal Plurality,Mixed morphological plural,Tucker-and-Bryan-1966[461];Baroja-1989[23-28];Crazzolara-1978[30-34],
33A-rny,rny,Runyankore,33A,Coding of Nominal Plurality,Plural suffix,"Morris-and-Kirwan-1972[25, 44, 67, 93, 99]",
33A-sak,sak,Sakao,33A,Coding of Nominal Plurality,Plural prefix,"Guy-1974a[36, passim]",
33A-sis,sis,Sisiqa,33A,Coding of Nominal Plurality,Plural word,Ross-2002l[459],
33A-son,son,Sonsorol-Tobi,33A,Coding of Nominal Plurality,No plural,Capell-1969[passim],
33A-sti,sti,Stieng,33A,Coding of Nominal Plurality,Plural word,Miller-1976[34],
33A-tmo,tmo,Tibetan (Modern Literary),33A,Coding of Nominal Plurality,Plural word,Goldstein-1991[50-52],
33A-wrn,wrn,Warndarang,33A,Coding of Nominal Plurality,Plural prefix,Heath-1980b[22],
33A-zay,zay,Zayse,33A,Coding of Nominal Plurality,Plural suffix,Hayward-1990b[246],
33A-apt,apt,Apatani,33A,Coding of Nominal Plurality,Plural word,Abraham-1985[26],
33A-bil,bil,Bilua,33A,Coding of Nominal Plurality,Plural word,Obata-2003,
33A-bii,bii,Biri,33A,Coding of Nominal Plurality,No plural,Terrill-1998[30],
33A-chg,chg,Chang,33A,Coding of Nominal Plurality,Plural suffix,Hutton-1987[9],
33A-cmr,cmr,Chin (Mara),33A,Coding of Nominal Plurality,Plural word,Lorrain-1951[5-6],
33A-chs,chs,Chin (Siyin),33A,Coding of Nominal Plurality,Plural suffix,Naylor-1925[5],
33A-juk,juk,Jukun,33A,Coding of Nominal Plurality,Plural prefix,Shimuzu-1980[124],
33A-kaa,kaa,Karó (Arára),33A,Coding of Nominal Plurality,Plural clitic,"Gabas-1999[95, 139, 148]",
33A-kem,kem,Kemant,33A,Coding of Nominal Plurality,Plural suffix,Appleyard-1975[322-323],
33A-maj,maj,Majang,33A,Coding of Nominal Plurality,Plural suffix,Unseth-1989[98],
33A-mlg,mlg,Malgwa,33A,Coding of Nominal Plurality,Plural suffix,Lohr-2002[98],
33A-man,man,Mano,33A,Coding of Nominal Plurality,Plural suffix,Becker-Donner-1965[15],
33A-mwb,mwb,Manobo (Western Bukidnon),33A,Coding of Nominal Plurality,Plural word,"Elkins-1970[6, 7, 49]",
33A-mee,mee,Me'en,33A,Coding of Nominal Plurality,Plural suffix,Will-1989[133-135],
33A-nhh,nhh,Nahuatl (Huasteca),33A,Coding of Nominal Plurality,Plural suffix,Beller-and-Beller-1979[238],
33A-nev,nev,Nevome,33A,Coding of Nominal Plurality,Plural prefix,Shaul-1982[passim],
33A-nwd,nwd,Newar (Dolakha),33A,Coding of Nominal Plurality,Plural clitic,"Genetti-1990[71, 225]",
33A-nkn,nkn,Nkonya,33A,Coding of Nominal Plurality,Plural prefix,Reineke-1972[passim],
33A-nym,nym,Nyamwezi,33A,Coding of Nominal Plurality,Plural prefix,Maganga-and-Schadeberg-1992[57],
33A-ocu,ocu,Ocuilteco,33A,Coding of Nominal Plurality,Plural prefix,Muntzel-1986[79],
33A-sdw,sdw,Sandawe,33A,Coding of Nominal Plurality,Plural suffix,Eaton-2008[ 14],
33A-sar,sar,Sare,33A,Coding of Nominal Plurality,Plural clitic,Sumbuk-2002,
33A-skk,skk,Sikkimese,33A,Coding of Nominal Plurality,Plural word,Sandberg-1888[23],
33A-tlf,tlf,Telefol,33A,Coding of Nominal Plurality,Plural suffix,Healey-1965a[10],
33A-uld,uld,Uldeme,33A,Coding of Nominal Plurality,Plural word,de-Colombel-1997[36],
33A-uyg,uyg,Uyghur,33A,Coding of Nominal Plurality,Plural suffix,Hahn-1998[388],
33A-wal,wal,Walman,33A,Coding of Nominal Plurality,Plural suffix,,
33A-acg,acg,Achagua,33A,Coding of Nominal Plurality,Plural suffix,Wilson-and-Levinsohn-1992[23],
33A-ale,ale,Aleut,33A,Coding of Nominal Plurality,Plural suffix,Bergsland-1997[47],
33A-amq,amq,Ambai,33A,Coding of Nominal Plurality,Plural clitic,"Silzer-1983[92, 95]",
33A-bho,bho,Bhojpuri,33A,Coding of Nominal Plurality,Plural suffix,Shukla-1981[70],
33A-btk,btk,Bontok,33A,Coding of Nominal Plurality,Plural prefix,Waterman-1932[22],
33A-cam,cam,Camsá,33A,Coding of Nominal Plurality,Plural suffix,Adelaar-2004[155],
33A-ckl,ckl,Chinook (Lower),33A,Coding of Nominal Plurality,Plural suffix,Boas-1911b[605],
33A-eno,eno,Enggano,33A,Coding of Nominal Plurality,Plural prefix,Kahler-1940[85],
33A-gok,gok,Gokana,33A,Coding of Nominal Plurality,Plural word,,
33A-hal,hal,Halia,33A,Coding of Nominal Plurality,Plural word,"Allen-and-Allen-1965[16, 36]",
33A-hui,hui,Huichol,33A,Coding of Nominal Plurality,Plural suffix,Grimes-1964[30],
33A-kbw,kbw,Karen (Bwe),33A,Coding of Nominal Plurality,No plural,Henderson-1997[passim],
33A-kok,kok,Kokborok,33A,Coding of Nominal Plurality,Plural suffix,Karapurkar-1976[90],
33A-kre,kre,Kresh,33A,Coding of Nominal Plurality,Plural word,Santandrea-1976[88],
33A-kuv,kuv,Kuvi,33A,Coding of Nominal Plurality,Plural suffix,Israel-1979[47],
33A-lgu,lgu,Longgu,33A,Coding of Nominal Plurality,Plural clitic,Hill-2002[544],
33A-msg,msg,Mising,33A,Coding of Nominal Plurality,Mixed morphological plural,"Prasad-1991[52-53, passim]",
33A-mut,mut,Mutsun,33A,Coding of Nominal Plurality,Plural suffix,Okrand-1977[135-136],
33A-nam,nam,Namia,33A,Coding of Nominal Plurality,No plural,Feldpausch-and-Feldpausch-1992[21],
33A-ndb,ndb,Ndebele (in South Africa),33A,Coding of Nominal Plurality,Plural prefix,Bowern-and-Lotridge-2002[16ff],
33A-ngd,ngd,Ngad'a,33A,Coding of Nominal Plurality,No plural,Arndt-1933b[5],
33A-olo,olo,Olo,33A,Coding of Nominal Plurality,Plural suffix,Staley-1995[28],
33A-pga,pga,Pilagá,33A,Coding of Nominal Plurality,Plural suffix,Vidal-2001[91],
33A-seb,seb,Sebei,33A,Coding of Nominal Plurality,Plural suffix,OBrien-and-Cuypers-1975[55],
33A-teo,teo,Teop,33A,Coding of Nominal Plurality,Plural word,"Mosel-and-Spriggs-1992[42, 43, 45, 53]",
33A-tim,tim,Timugon,33A,Coding of Nominal Plurality,Plural clitic,"Prentice-1971[178, 183, 185]",
33A-xho,xho,Xhosa,33A,Coding of Nominal Plurality,Plural prefix,McLaren-1939[17-26],
33A-zap,zap,Zapotec (Mitla),33A,Coding of Nominal Plurality,Plural prefix,Briggs-1961[74],
33A-adi,adi,Adioukrou,33A,Coding of Nominal Plurality,Plural prefix,"Herault-1978[141, passim]",
33A-agc,agc,Agta (Central),33A,Coding of Nominal Plurality,Plural word,Healey-1960[31],
33A-agm,agm,Angami,33A,Coding of Nominal Plurality,Plural clitic,Giridhar-1980[29],
33A-bak,bak,Baka (in Cameroon),33A,Coding of Nominal Plurality,Plural clitic,Kilian-Hatz-1995[22];Kilian-Hatz-1989[xii-xiii],
33A-brf,brf,Berber (Rif),33A,Coding of Nominal Plurality,Mixed morphological plural,Kossmann-2000[31-32],
33A-chn,chn,Chantyal,33A,Coding of Nominal Plurality,Plural suffix,Noonan-2003b[318],
33A-for,for,Fore,33A,Coding of Nominal Plurality,Plural suffix,Scott-1978[100],
33A-gur,gur,Gurung,33A,Coding of Nominal Plurality,Plural word,"Glover-1974[96-97, 127-128]",
33A-izi,izi,Izi,33A,Coding of Nominal Plurality,No plural,Meier-et-al-1975[passim],
33A-khg,khg,Khaling,33A,Coding of Nominal Plurality,Plural suffix,Toba-1984[7],
33A-krw,krw,Korowai,33A,Coding of Nominal Plurality,Plural suffix,van-Enk-and-de-Vries-1997[65-66],
33A-lmg,lmg,Lamang,33A,Coding of Nominal Plurality,Plural suffix,Wolff-1983[89],
33A-mny,mny,Margany,33A,Coding of Nominal Plurality,Plural suffix,"Breen-1981a[312, 319]",
33A-mik,mik,Mikir,33A,Coding of Nominal Plurality,Plural word,"Grussner-1978[75-76];Jeyapaul-1987[72, 105]",
33A-mxo,mxo,Mixtec (Ocotepec),33A,Coding of Nominal Plurality,Plural word,"Alexander-1988[212-213, passim]",
33A-mui,mui,Muinane,33A,Coding of Nominal Plurality,Plural suffix,Walton-and-Walton-1975[52-53],
33A-nab,nab,Nabak,33A,Coding of Nominal Plurality,Plural suffix,"Fabian-et-al-1998[21, 23]",
33A-pba,pba,Pima Bajo,33A,Coding of Nominal Plurality,Mixed morphological plural,Estrada-Fernandez-1996[8],
33A-tma,tma,Tama,33A,Coding of Nominal Plurality,Plural suffix,Tucker-and-Bryan-1966[209],
33A-tmn,tmn,Temein,33A,Coding of Nominal Plurality,Mixed morphological plural,Tucker-and-Bryan-1966[256],
33A-tep,tep,Tepehua (Tlachichilco),33A,Coding of Nominal Plurality,Plural suffix,Watters-1988[458],
33A-tir,tir,Tiriyo,33A,Coding of Nominal Plurality,Plural suffix,Meira-1999[220],
33A-tsf,tsf,Tsafiki,33A,Coding of Nominal Plurality,Plural clitic,Dickinson-2002[55-56],
33A-tnn,tnn,Tunen,33A,Coding of Nominal Plurality,Plural prefix,Dugast-1971[65-88],
33A-tzo,tzo,Tzotzil,33A,Coding of Nominal Plurality,Plural suffix,Cowan-1969[67-70],
33A-wly,wly,Wolaytta,33A,Coding of Nominal Plurality,Plural suffix,Tucker-and-Bryan-1966[557],
33A-yny,yny,Yanyuwa,33A,Coding of Nominal Plurality,Plural prefix,Kirton-1971b[38],
33A-aln,aln,Alune,33A,Coding of Nominal Plurality,Plural suffix,Niggemeyer-1951[64],
33A-abn,abn,Arabana,33A,Coding of Nominal Plurality,Plural suffix,"Hercus-1994[61, 63]",
33A-cem,cem,Cèmuhî,33A,Coding of Nominal Plurality,Plural word,"Lynch-2002c[756, 757]",
33A-chh,chh,Chaha,33A,Coding of Nominal Plurality,No plural,Leslau-1950[16],
33A-ga,ga,Gã,33A,Coding of Nominal Plurality,Plural suffix,Ablorh-Odjidja-1968[121],
33A-ign,ign,Ignaciano,33A,Coding of Nominal Plurality,Plural suffix,"Ott-and-Ott-1967b[91, 118, 104]",
33A-kkp,kkp,Karakalpak,33A,Coding of Nominal Plurality,Plural suffix,Wurm-1951[559],
33A-kri,kri,Kipea,33A,Coding of Nominal Plurality,Plural suffix,Adam-1897[10-12],
33A-lal,lal,Lalo,33A,Coding of Nominal Plurality,No plural,Bjorverud-1998[passim],
33A-lmn,lmn,Lamani,33A,Coding of Nominal Plurality,Plural suffix,Trail-1970[135-137],
33A-lbu,lbu,Lunda,33A,Coding of Nominal Plurality,Plural prefix,Kawasha-2003[73],
33A-mog,mog,Moghol,33A,Coding of Nominal Plurality,Plural suffix,Weiers-2003[254],
33A-mor,mor,Mor,33A,Coding of Nominal Plurality,Plural suffix,Laycock-1978[298],
33A-ngt,ngt,Naga (Tangkhul),33A,Coding of Nominal Plurality,Plural clitic,"Pettigrew-1918[8, 14]",
33A-obg,obg,Ogbronuagum,33A,Coding of Nominal Plurality,Plural prefix,Kari-2000[10-11],
33A-tbo,tbo,Tboli,33A,Coding of Nominal Plurality,Plural word,Porter-1977[52],
33A-ten,ten,Tennet,33A,Coding of Nominal Plurality,Plural suffix,Randal-1998[passim],
33A-tes,tes,Teso,33A,Coding of Nominal Plurality,Mixed morphological plural,Hilders-and-Lawrance-1956[3],
33A-wlo,wlo,Wolio,33A,Coding of Nominal Plurality,Plural word,Anceaux-1952[36],
33A-acl,acl,Acholi,33A,Coding of Nominal Plurality,Mixed morphological plural,Crazzolara-1955[41],
33A-ath,ath,Athpare,33A,Coding of Nominal Plurality,Plural suffix,Ebert-1997b[82],
33A-chi,chi,Chimariko,33A,Coding of Nominal Plurality,No plural,Dixon-1910[323],
33A-cpl,cpl,Chinantec (Palantla),33A,Coding of Nominal Plurality,No plural,Merrifield-1968[passim],
33A-fua,fua,Fula (Cameroonian),33A,Coding of Nominal Plurality,Plural suffix,"Taylor-1953[11-20];Stennes-1967[62, 66, 72, 74]",
33A-ful,ful,Fulniô,33A,Coding of Nominal Plurality,Plural suffix,Lapenda-1968[75-76],
33A-ito,ito,Itonama,33A,Coding of Nominal Plurality,Plural suffix,"Camp-and-Liccardi-1967[316, 321]",
33A-khl,khl,Khalaj,33A,Coding of Nominal Plurality,Plural suffix,Doerfer-1988[69],
33A-kik,kik,Kikuyu,33A,Coding of Nominal Plurality,Plural prefix,"Barlow-1960[15, 18-25]",
33A-msn,msn,Maisin,33A,Coding of Nominal Plurality,Plural clitic,"Ross-1984[27, 53, 22, 23]",
33A-mdn,mdn,Mandan,33A,Coding of Nominal Plurality,Plural suffix,Kennard-1936[16],
33A-maw,maw,Maninka (Western),33A,Coding of Nominal Plurality,Plural clitic,Delafosse-1929[176],
33A-mba,mba,Mba,33A,Coding of Nominal Plurality,Plural suffix,Tucker-and-Bryan-1966[111-112],
33A-mon,mon,Mon,33A,Coding of Nominal Plurality,Plural word,"Bauer-1982a[319-320, 323]",
33A-mou,mou,Moru,33A,Coding of Nominal Plurality,Plural suffix,"Tucker-and-Bryan-1966[40];Tucker-1967[128, 136]",
33A-mgu,mgu,Musgu,33A,Coding of Nominal Plurality,Plural suffix,Meyer-Bahlburg-1972[59-66];Tourneaux-1978[195],
33A-nue,nue,Nuer,33A,Coding of Nominal Plurality,Plural stem change,Crazzolara-1933[28];Frank-1999,
33A-pkn,pkn,Paakantyi,33A,Coding of Nominal Plurality,No plural,Hercus-1982[81],
33A-shl,shl,Shilluk,33A,Coding of Nominal Plurality,Plural suffix,Kohnen-1933[20-22];Westermann-1912[46-55],
33A-sng,sng,Sinaugoro,33A,Coding of Nominal Plurality,Plural clitic,"Kolia-1975[124, 135]",
33A-tps,tps,Tepehuan (Southeastern),33A,Coding of Nominal Plurality,Plural prefix,Willett-1991[24],
33A-tus,tus,Tuscarora,33A,Coding of Nominal Plurality,Plural prefix,Williams-1976[205-207],
33A-url,url,Urak Lawoi',33A,Coding of Nominal Plurality,No plural,"Hogan-1988[61, 78]",
33A-ywl,ywl,Yawelmani,33A,Coding of Nominal Plurality,Plural suffix,Newman-1944[204-213],
33A-amo,amo,Amo,33A,Coding of Nominal Plurality,Plural prefix,Di-Luzio-1972[passim],
33A-bln,bln,Bilin,33A,Coding of Nominal Plurality,Plural suffix,Reinisch-1882[88],
33A-cmy,cmy,Chontal Maya,33A,Coding of Nominal Plurality,Plural suffix,Knowles-1984[203],
33A-coc,coc,Cocama,33A,Coding of Nominal Plurality,Plural suffix,Faust-1972[68],
33A-did,did,Didinga,33A,Coding of Nominal Plurality,Plural suffix,Rosato-1980[7-8];Tucker-and-Bryan-1966[375],
33A-gim,gim,Gimira,33A,Coding of Nominal Plurality,Plural suffix,Breeze-1990[11],
33A-jmo,jmo,Jur Mödö,33A,Coding of Nominal Plurality,Plural word,Persson-and-Persson-1991[17],
33A-krr,krr,Kairiru,33A,Coding of Nominal Plurality,Plural word,Wivell-1981[passim],
33A-knc,knc,Kugu Nganhcara,33A,Coding of Nominal Plurality,No plural,Smith-and-Johnson-2000[passim],
33A-mng,mng,Manggarai,33A,Coding of Nominal Plurality,No plural,Semiun-1993[passim],
33A-mra,mra,Mara,33A,Coding of Nominal Plurality,Plural prefix,Heath-1981[71],
33A-mka,mka,Mauka,33A,Coding of Nominal Plurality,Plural word,"Ebermann-1986a[111, 160]",
33A-mtu,mtu,Motu,33A,Coding of Nominal Plurality,Mixed morphological plural,Lawes-1888[3-4],
33A-ngk,ngk,Ngankikurungkurr,33A,Coding of Nominal Plurality,Mixed morphological plural,Hoddinott-and-Kofod-1988[ 36],
33A-nyi,nyi,Nyimang,33A,Coding of Nominal Plurality,No plural,Tucker-and-Bryan-1966[246],
33A-plh,plh,Paulohi,33A,Coding of Nominal Plurality,Plural suffix,Stresemann-1918[40],
33A-pme,pme,Pomo (Eastern),33A,Coding of Nominal Plurality,Plural suffix,McLendon-1975[38],
33A-src,src,Sarcee,33A,Coding of Nominal Plurality,Plural suffix,Cook-1984[65],
33A-sin,sin,Siona,33A,Coding of Nominal Plurality,Plural suffix,Wheeler-1962[264],
33A-tul,tul,Tulu,33A,Coding of Nominal Plurality,Plural suffix,Brigel-1982[10-11],
33A-any,any,Anywa,33A,Coding of Nominal Plurality,Plural suffix,Reh-1996[92];Lusted-1976[500-501],
33A-aro,aro,Arosi,33A,Coding of Nominal Plurality,Plural word,Capell-1971[44-45],
33A-blx,blx,Biloxi,33A,Coding of Nominal Plurality,No plural,Einaudi-1976[passim],
33A-cic,cic,Chichewa,33A,Coding of Nominal Plurality,Plural prefix,"Bentley-and-Kulemeka-2001[11];Price-1966[14-15, 25]",
33A-don,don,Dong,33A,Coding of Nominal Plurality,No plural,Long-and-Zheng-1998[81],
33A-emb,emb,Emberá (Northern),33A,Coding of Nominal Plurality,Plural suffix,"Loewen-1958[96, 98]",
33A-gds,gds,Gadsup,33A,Coding of Nominal Plurality,Plural suffix,Frantz-1973[428],
33A-god,god,Godoberi,33A,Coding of Nominal Plurality,Plural suffix,Kibrik-1996[ 11],
33A-igs,igs,Ingessana,33A,Coding of Nominal Plurality,Plural suffix,Bender-1989[158],
33A-krn,krn,Korana,33A,Coding of Nominal Plurality,Plural suffix,Meinhof-1930[35-36],
33A-kpe,kpe,Kpelle,33A,Coding of Nominal Plurality,Plural suffix,Casthelain-and-Lassort-1952[32],
33A-mbm,mbm,Mbum,33A,Coding of Nominal Plurality,Plural word,"Hagege-1970[231, 233, passim]",
33A-meh,meh,Mehri,33A,Coding of Nominal Plurality,Plural suffix,Simeone-Senelle-1997[392],
33A-ngm,ngm,Ngambay,33A,Coding of Nominal Plurality,Plural suffix,Vandame-1963[79-81],
33A-sem,sem,Sema,33A,Coding of Nominal Plurality,Plural clitic,Sreedhar-1980[160],
33A-twe,twe,Tarahumara (Western),33A,Coding of Nominal Plurality,Plural stem change,Burgess-1984[ 58],
33A-tic,tic,Ticuna,33A,Coding of Nominal Plurality,Plural suffix,Montes-Rodriguez-2004[ 60],
33A-tvl,tvl,Tuvaluan,33A,Coding of Nominal Plurality,Plural word,"Besnier-2000[ 359, 365]",
33A-uby,uby,Ubykh,33A,Coding of Nominal Plurality,Plural suffix,Charachidze-1989[370],
33A-urd,urd,Urdu,33A,Coding of Nominal Plurality,Plural suffix,Bender-1967[passim],
33A-yin,yin,Yindjibarndi,33A,Coding of Nominal Plurality,Plural suffix,Wordick-1982[51-54],
33A-bfg,bfg,Berber (Figuig),33A,Coding of Nominal Plurality,Mixed morphological plural,"Kossmann-1997[71, 85, 91-104]",
33A-kmj,kmj,Karimojong,33A,Coding of Nominal Plurality,Plural prefix,"Novelli-1985[21, 41]",
33A-moe,moe,Mordvin (Erzya),33A,Coding of Nominal Plurality,Plural suffix,Zaicz-1998[191],
33A-nup,nup,Nupe,33A,Coding of Nominal Plurality,Plural clitic,"Smith-1967a[19-24, 46]",
33A-slb,slb,Saliba (in Papua New Guinea),33A,Coding of Nominal Plurality,Plural suffix,Margetts-1999b[20],
33A-slo,slo,Slovene,33A,Coding of Nominal Plurality,Plural suffix,Priestly-1993[400ff],
33A-taj,taj,Tajik,33A,Coding of Nominal Plurality,Plural suffix,"Rastorgueva-1963[17-19, 36]",
33A-twn,twn,Tiwa (Northern),33A,Coding of Nominal Plurality,Plural suffix,Trager-1946[202],
33A-tno,tno,Tondano,33A,Coding of Nominal Plurality,Plural word,Sneddon-1975[115],
33A-tot,tot,Totonac (Misantla),33A,Coding of Nominal Plurality,Mixed morphological plural,MacKay-1991[414],
33A-wik,wik,Wikchamni,33A,Coding of Nominal Plurality,Plural suffix,Gamble-1978[94-95],
33A-bud,bud,Buduma,33A,Coding of Nominal Plurality,Plural suffix,Lukas-and-Nachtigal-1939[29],
33A-crn,crn,Cornish,33A,Coding of Nominal Plurality,Plural suffix,Jenner-1904[83-84],
33A-egn,egn,Engenni,33A,Coding of Nominal Plurality,No plural,Thomas-1978[116],
33A-ese,ese,Ese Ejja,33A,Coding of Nominal Plurality,Plural word,Shoemaker-and-Shoemaker-1967[252-255],
33A-grf,grf,Garífuna,33A,Coding of Nominal Plurality,Plural suffix,Taylor-1977[59],
33A-hmi,hmi,Huitoto (Minica),33A,Coding of Nominal Plurality,Plural suffix,Minor-et-al-1982[33],
33A-kom,kom,Komo,33A,Coding of Nominal Plurality,Plural prefix,Tucker-and-Bryan-1966[359],
33A-kku,kku,Korku,33A,Coding of Nominal Plurality,Plural suffix,Drake-1903[8],
33A-llm,llm,Lelemi,33A,Coding of Nominal Plurality,Plural prefix,Hoftmann-1971[36],
33A-ndo,ndo,Ndonga,33A,Coding of Nominal Plurality,Plural prefix,Viljoen-and-Amakali-1978[21],
33A-naj,naj,Neo-Aramaic (Arbel Jewish),33A,Coding of Nominal Plurality,Plural suffix,Khan-1999[159-166],
33A-nsg,nsg,Nisgha,33A,Coding of Nominal Plurality,No plural,Tarpent-1987[passim],
33A-nis,nis,Nyishi,33A,Coding of Nominal Plurality,Plural word,"Hamilton-1900[5, 11]",
33A-par,par,Päri,33A,Coding of Nominal Plurality,Mixed morphological plural,Simeoni-1978[26-27],
33A-raw,raw,Rawang,33A,Coding of Nominal Plurality,Plural word,"Barnard-1934[5, 8]",
33A-rut,rut,Rutul,33A,Coding of Nominal Plurality,Plural suffix,Alekseev-1994b[218],
33A-tar,tar,Tariana,33A,Coding of Nominal Plurality,Plural suffix,Aikhenvald-2003,
33A-yar,yar,Yareba,33A,Coding of Nominal Plurality,Plural suffix,Weimer-and-Weimer-1975[694],
33A-yuw,yuw,Yuwaalaraay,33A,Coding of Nominal Plurality,Plural suffix,Williams-1980a[43],
33A-zai,zai,Zapotec (Isthmus),33A,Coding of Nominal Plurality,Plural word,Pickett-et-al-1998[19],
33A-arw,arw,Armenian (Western),33A,Coding of Nominal Plurality,Plural suffix,"Gulian-1965[6, passim]",
33A-baa,baa,Barai,33A,Coding of Nominal Plurality,Plural suffix,Olson-1975[483],
33A-cti,cti,Chin (Tiddim),33A,Coding of Nominal Plurality,No plural,Henderson-1965[passim],
33A-djr,djr,Djaru,33A,Coding of Nominal Plurality,Plural complete reduplication,Tsunoda-1981[234],
33A-hay,hay,Hayu,33A,Coding of Nominal Plurality,Plural suffix,Michailovsky-1988[164],
33A-kma,kma,Kamaiurá,33A,Coding of Nominal Plurality,Plural suffix,Seki-2000[58-59],
33A-kuo,kuo,Kuot,33A,Coding of Nominal Plurality,Plural word,Chung-and-Chung-1996[19],
33A-lda,lda,Luganda,33A,Coding of Nominal Plurality,Plural prefix,Ashton-et-al-1954[passim],
33A-nak,nak,Nakanai,33A,Coding of Nominal Plurality,Plural word,Johnston-1980[175],
33A-plk,plk,Palikur,33A,Coding of Nominal Plurality,Plural suffix,Green-and-Green-1972[51-53],
33A-sro,sro,Siroi,33A,Coding of Nominal Plurality,Plural word,Wells-1979[24-25],
33A-sul,sul,Sulka,33A,Coding of Nominal Plurality,Plural prefix,"Tharp-1996[81, 84]",
33A-tri,tri,Trique (Copala),33A,Coding of Nominal Plurality,No plural,Hollenbach-1992[passim],
33A-xoo,xoo,!Xóõ,33A,Coding of Nominal Plurality,Plural suffix,Traill-1994[20],
33A-yul,yul,Yulu,33A,Coding of Nominal Plurality,Plural clitic,"Santandrea-1970[30];Boyeldieu-1987[155, 160]",
33A-anj,anj,Anejom,33A,Coding of Nominal Plurality,Plural prefix,Lynch-2000[50],
33A-asy,asy,Arabic (Syrian),33A,Coding of Nominal Plurality,Mixed morphological plural,Cowell-1964[211-231],
33A-brn,brn,Burunge,33A,Coding of Nominal Plurality,Plural suffix,Kiessling-1994[50-62],
33A-ccm,ccm,Chinantec (Comaltepec),33A,Coding of Nominal Plurality,Plural word,"Anderson-1989[55, 61]",
33A-ctm,ctm,Chitimacha,33A,Coding of Nominal Plurality,Plural suffix,Swadesh-1946b[319];Swanton-1919[32],
33A-gmw,gmw,Gumawana,33A,Coding of Nominal Plurality,Plural suffix,"Olson-1988[62, passim 70]",
33A-kmk,kmk,Kalmyk,33A,Coding of Nominal Plurality,Plural suffix,Street-1959[66],
33A-krc,krc,Karachay-Balkar,33A,Coding of Nominal Plurality,Plural suffix,Seegmiller-1996[13],
33A-mad,mad,Ma'di,33A,Coding of Nominal Plurality,Mixed morphological plural,Blackings-and-Fabb-2003;Tucker-and-Bryan-1966[40];Tucker-1967[129],
33A-mnm,mnm,Manam,33A,Coding of Nominal Plurality,No plural,Gregersen-1976[ passim],
33A-ndt,ndt,Ndut,33A,Coding of Nominal Plurality,Plural suffix,Morgan-1996[40-41],
33A-obo,obo,Obolo,33A,Coding of Nominal Plurality,No plural,"Faraclas-1984[1, 18]",
33A-udm,udm,Udmurt,33A,Coding of Nominal Plurality,Plural suffix,Tepljashina-1966[264],
33A-wbn,wbn,Wambon,33A,Coding of Nominal Plurality,Plural suffix,de-Vries-1989[36],
33A-ytu,ytu,Yukaghir (Tundra),33A,Coding of Nominal Plurality,Plural suffix,Krejnovich-1958[70],
33A-bai,bai,Bai,33A,Coding of Nominal Plurality,Plural word,Fitzgerald-1941[passim];Xu-and-Zhao-1984[passim],
33A-bya,bya,Byansi,33A,Coding of Nominal Plurality,Plural suffix,Trivedi-1991[31-32],
33A-dji,dji,Djingili,33A,Coding of Nominal Plurality,Plural suffix,Chadwick-1975[16],
33A-kmh,kmh,Kham,33A,Coding of Nominal Plurality,Plural suffix,Watters-1998[113],
33A-kol,kol,Kolami,33A,Coding of Nominal Plurality,Plural suffix,Emeneau-1955[34],
33A-kry,kry,Koryak,33A,Coding of Nominal Plurality,Plural suffix,Zhukova-1972[156],
33A-min,min,Minangkabau,33A,Coding of Nominal Plurality,No plural,Moussay-1981[passim],
33A-mxp,mxp,Mixtec (Peñoles),33A,Coding of Nominal Plurality,Plural word,"Daly-1973[11, 20, passim]",
33A-moh,moh,Mohawk,33A,Coding of Nominal Plurality,Plural prefix,"Bonvillain-1973[25-26, 235-236]",
33A-mos,mos,Mosetén,33A,Coding of Nominal Plurality,Plural suffix,Bibolotti-1917[lii],
33A-nua,nua,Nuaulu,33A,Coding of Nominal Plurality,Plural suffix,Bolton-1990[51],
33A-ute,ute,Ute,33A,Coding of Nominal Plurality,Plural suffix,Southern-Ute-Tribe-1980[23],
33A-anc,anc,Angas,33A,Coding of Nominal Plurality,Plural word,"Burquest-1973[18, 29]",
33A-api,api,Apinayé,33A,Coding of Nominal Plurality,Plural word,Callow-1962[127],
33A-bod,bod,Bodo,33A,Coding of Nominal Plurality,Plural suffix,Bhattacharya-1977[154-156],
33A-chq,chq,Chinantec (Quiotepec),33A,Coding of Nominal Plurality,No plural,Robbins-1968[passim],
33A-dan,dan,Dan,33A,Coding of Nominal Plurality,Plural word,Doneux-1968[38],
33A-gud,gud,Gude,33A,Coding of Nominal Plurality,Plural suffix,Hoskison-1983[34],
33A-koy,koy,Koya,33A,Coding of Nominal Plurality,Plural suffix,Tyler-1969[40-49],
33A-men,men,Menomini,33A,Coding of Nominal Plurality,Plural suffix,Bloomfield-1962[113],
33A-mie,mie,Mien,33A,Coding of Nominal Plurality,No plural,Mao-and-Tsu-yao-1972[251],
33A-nia,nia,Nias,33A,Coding of Nominal Plurality,Plural prefix,Brown-2001,
33A-rem,rem,Remo,33A,Coding of Nominal Plurality,Plural suffix,Fernandez-1967[65],
33A-slp,slp,Selepet,33A,Coding of Nominal Plurality,Plural suffix,McElhanon-1972[66],
33A-shi,shi,Shiriana,33A,Coding of Nominal Plurality,Plural word,"Gomez-1990[75, 79]",
33A-tbu,tbu,Tubu,33A,Coding of Nominal Plurality,Plural suffix,"Lukas-1953[32-33];Tucker-and-Bryan-1966[177, 192]",
33A-tuc,tuc,Tucano,33A,Coding of Nominal Plurality,Plural suffix,West-1980[passim],
33A-bla,bla,Blackfoot,33A,Coding of Nominal Plurality,Plural suffix,Frantz-1991[8];Uhlenbeck-1938[21ff];Taylor-1969b[191-192],
33A-fut,fut,Futuna-Aniwa,33A,Coding of Nominal Plurality,Plural word,Dougherty-1983[23],
33A-hum,hum,Huitoto (Murui),33A,Coding of Nominal Plurality,Plural suffix,Burtch-and-Wise-1968[28],
33A-jiv,jiv,Jivaro,33A,Coding of Nominal Plurality,Plural suffix,Beuchat-and-Rivet-1909[817],
33A-lao,lao,Lao,33A,Coding of Nominal Plurality,No plural,Yates-and-Sayisthsena-1970[passim],
33A-lnd,lnd,Linda,33A,Coding of Nominal Plurality,Plural word,"Cloarec-Heiss-1986[5, 81, 201-202, 244]",
33A-mai,mai,Maithili,33A,Coding of Nominal Plurality,Plural word,Jha-1958[293-294],
33A-msl,msl,Masalit,33A,Coding of Nominal Plurality,Plural suffix,Edgar-1989[46],
33A-nhn,nhn,Nahuatl (North Puebla),33A,Coding of Nominal Plurality,Plural suffix,Brockway-1979[157],
33A-syu,syu,Salt-Yui,33A,Coding of Nominal Plurality,No plural,Irwin-1974[27],
33A-ser,ser,Seri,33A,Coding of Nominal Plurality,Plural suffix,Marlett-1981[189-191],
33A-shn,shn,Shona,33A,Coding of Nominal Plurality,Plural prefix,"Fortune-1955[54, 53-54, 59]",
33A-sre,sre,Sre,33A,Coding of Nominal Plurality,Plural prefix,Manley-1972[94],
33A-tng,tng,Tongan,33A,Coding of Nominal Plurality,Plural word,Churchward-1953[passim],
33A-vai,vai,Vai,33A,Coding of Nominal Plurality,Plural word,Welmers-1976[71-72],
33A-wrl,wrl,Warlpiri,33A,Coding of Nominal Plurality,Plural suffix,Capell-1962b[26],
33A-gum,gum,Gumbaynggir,33A,Coding of Nominal Plurality,Plural suffix,Eades-1979[288],
33A-kws,kws,Kawaiisu,33A,Coding of Nominal Plurality,Plural suffix,Zigmond-et-al-1990-1991[40],
33A-kgz,kgz,Kirghiz,33A,Coding of Nominal Plurality,Plural suffix,Hebert-and-Poppe-1963[18],
33A-lon,lon,Loniu,33A,Coding of Nominal Plurality,Plural word,"Hamel-1985[89, 90]",
33A-mde,mde,Mende,33A,Coding of Nominal Plurality,Plural suffix,Aginsky-1935[17-18],
33A-nbr,nbr,Ngäbere,33A,Coding of Nominal Plurality,Plural suffix,Alphonse-1956[2],
33A-niu,niu,Niuean,33A,Coding of Nominal Plurality,Plural word,Seiter-1980[38-39],
33A-pno,pno,Paiute (Northern),33A,Coding of Nominal Plurality,Mixed morphological plural,Snapp-et-al-1982[34-35],
33A-sal,sal,Salinan,33A,Coding of Nominal Plurality,Plural suffix,Mason-1918[22-28],
33A-aly,aly,Alyawarra,33A,Coding of Nominal Plurality,No plural,Yallop-1977[85],
33A-cbo,cbo,Chácobo,33A,Coding of Nominal Plurality,Plural word,Prost-1967[320-321],
33A-kan,kan,Kana,33A,Coding of Nominal Plurality,Plural word,"Ikoro-1996[67, 69-70]",
33A-kiw,kiw,Kiwai,33A,Coding of Nominal Plurality,Plural suffix,Ray-1933[12],
33A-kwo,kwo,Kwoma,33A,Coding of Nominal Plurality,Plural word,Kooyers-1974[passim],
33A-mnc,mnc,Manchu,33A,Coding of Nominal Plurality,Plural suffix,Gorelova-2002[ 134];Haenisch-1961[passim],
33A-non,non,Noni,33A,Coding of Nominal Plurality,Plural prefix,Hyman-1981b[7-12],
33A-per,per,Pero,33A,Coding of Nominal Plurality,No plural,Frajzyngier-1989[123],
33A-bco,bco,Bella Coola,33A,Coding of Nominal Plurality,Plural prefix,Nater-1984[41],
33A-ber,ber,Berta,33A,Coding of Nominal Plurality,Mixed morphological plural,Triulzi-et-al-1976a[524],
33A-cso,cso,Chatino (Sierra Occidental),33A,Coding of Nominal Plurality,No plural,Pride-1965[passim],
33A-cmh,cmh,Chemehuevi,33A,Coding of Nominal Plurality,Plural suffix,Press-1979[53],
33A-ewo,ewo,Ewondo,33A,Coding of Nominal Plurality,Plural prefix,Redden-1979[20-34],
33A-ksg,ksg,Karen (Sgaw),33A,Coding of Nominal Plurality,Plural word,Jones-1961[passim],
33A-miz,miz,Mizo,33A,Coding of Nominal Plurality,Plural word,Chhangte-1989[passim],
33A-ruk,ruk,Rukai (Tanan),33A,Coding of Nominal Plurality,Plural prefix,"Li-1973[100, 98, 108]",
33A-wah,wah,Wahgi,33A,Coding of Nominal Plurality,No plural,Luzbetak-1954[34],
33A-wrk,wrk,Warekena,33A,Coding of Nominal Plurality,Plural suffix,Aikhenvald-1998[300-301],
33A-aze,aze,Azerbaijani,33A,Coding of Nominal Plurality,Plural suffix,Householder-and-Lofti-1965[44-45],
33A-bae,bae,Baré,33A,Coding of Nominal Plurality,Plural suffix,Aikhenvald-1996[18],
33A-bar,bar,Bari,33A,Coding of Nominal Plurality,Plural suffix,Spagnolo-1933[31-42],
33A-but,but,Buriat,33A,Coding of Nominal Plurality,Plural suffix,Poppe-1960[32],
33A-chc,chc,Chechen,33A,Coding of Nominal Plurality,Plural suffix,Desheriev-1967[194];Nichols-1994a[23],
33A-err,err,Erromangan,33A,Coding of Nominal Plurality,Plural word,Crowley-1998a[161],
33A-iba,iba,Iban,33A,Coding of Nominal Plurality,No plural,Omar-1981[passim],
33A-jeb,jeb,Jebero,33A,Coding of Nominal Plurality,Plural suffix,Bendor-Samuel-1961b[97],
33A-jng,jng,Jingpho,33A,Coding of Nominal Plurality,Plural word,Hertz-1917[5],
33A-mme,mme,Mari (Meadow),33A,Coding of Nominal Plurality,Plural suffix,"Kangasmaa-Minn-1998[227-228];Sebeok-and-Ingemann-1961[14, 33]",
33A-mby,mby,Mbay,33A,Coding of Nominal Plurality,Plural clitic,"Fortier-1971[9, 14, 19, 26-27]",
33A-new,new,Newari (Kathmandu),33A,Coding of Nominal Plurality,Plural clitic,Malla-1985[31],
33A-sno,sno,Saami (Northern),33A,Coding of Nominal Plurality,Plural suffix,"Bartens-1989[48, 511-512]",
33A-ukr,ukr,Ukrainian,33A,Coding of Nominal Plurality,Plural suffix,Stechishin-1958[357-372],
33A-yuk,yuk,Yukulta,33A,Coding of Nominal Plurality,Plural suffix,Keen-1983[211],
33A-kkv,kkv,Lusi,33A,Coding of Nominal Plurality,Plural prefix,Counts-1969[67],
33A-kya,kya,Kuku-Yalanji,33A,Coding of Nominal Plurality,Plural complete reduplication,Patz-2002[ 55],
33A-sah,sah,Sahu,33A,Coding of Nominal Plurality,No plural,Visser-and-Voorhoeve-1987[passim],
33A-skp,skp,Selkup,33A,Coding of Nominal Plurality,Plural suffix,"Helimski-1998b[557, 560]",
33A-ttu,ttu,Tsova-Tush,33A,Coding of Nominal Plurality,Plural suffix,Holisky-and-Gagua-1994[163],
33A-alw,alw,Alawa,33A,Coding of Nominal Plurality,Plural prefix,Sharpe-1972[64],
33A-ao,ao,Ao,33A,Coding of Nominal Plurality,Plural suffix,Gowda-1975[29],
33A-apl,apl,Apalaí,33A,Coding of Nominal Plurality,Plural word,Koehn-and-Koehn-1986[86-89],
33A-bbw,bbw,Bininj Gun-Wok,33A,Coding of Nominal Plurality,Plural prefix,Evans-2004,
33A-fye,fye,Fyem,33A,Coding of Nominal Plurality,Plural prefix,Nettle-1998[17],
33A-lai,lai,Lai,33A,Coding of Nominal Plurality,Plural word,"Hay-Neave-1953[40, passim]",
33A-mro,mro,Moro,33A,Coding of Nominal Plurality,Plural prefix,"Black-and-Black-1971[10, 13-16]",
33A-nar,nar,Nara (in Ethiopia),33A,Coding of Nominal Plurality,Plural suffix,Tucker-and-Bryan-1966[331];Thompson-1976a[482],
33A-tam,tam,Tamang (Eastern),33A,Coding of Nominal Plurality,Plural word,Mazaudon-1976[12],
33A-tvo,tvo,Tatar,33A,Coding of Nominal Plurality,Plural suffix,Poppe-1968[29],
33A-tpn,tpn,Tepehuan (Northern),33A,Coding of Nominal Plurality,Plural prefix,Bascom-1982[307-311],
33A-tlp,tlp,Tlapanec,33A,Coding of Nominal Plurality,No plural,Suarez-1983a[70],
33A-zan,zan,Zande,33A,Coding of Nominal Plurality,Plural prefix,Gore-1926[23],
33A-cct,cct,Choctaw,33A,Coding of Nominal Plurality,No plural,,
33A-cop,cop,Coptic,33A,Coding of Nominal Plurality,No plural,Lambdin-1983[1],
33A-dgb,dgb,Dagbani,33A,Coding of Nominal Plurality,Plural suffix,Olawsky-1999[80],
33A-oss,oss,Ossetic,33A,Coding of Nominal Plurality,Plural suffix,Abaev-1964[12],
33A-tas,tas,Tashlhiyt,33A,Coding of Nominal Plurality,Mixed morphological plural,"Applegate-1958[22, 32-33]",
33A-trb,trb,Teribe,33A,Coding of Nominal Plurality,Plural suffix,Quesada-2000[51],
33A-tja,tja,Tiipay (Jamul),33A,Coding of Nominal Plurality,Plural stem change,Miller-2001[115],
33A-tla,tla,Tolai,33A,Coding of Nominal Plurality,Plural word,Mosel-1984[19];Franklin-et-al-1974[129],
33A-yel,yel,Yelî Dnye,33A,Coding of Nominal Plurality,Plural word,Henderson-1995[73],
33A-amr,amr,Arabic (Moroccan),33A,Coding of Nominal Plurality,Mixed morphological plural,Harrell-1962[101-128],
33A-ara,ara,Arawak,33A,Coding of Nominal Plurality,Plural suffix,Pet-1987[35],
33A-bto,bto,Batak (Toba),33A,Coding of Nominal Plurality,Plural word,Nababan-1981[115],
33A-bir,bir,Birom,33A,Coding of Nominal Plurality,Plural prefix,Bouquiaux-1970[233-236],
33A-din,din,Dinka,33A,Coding of Nominal Plurality,Plural stem change,Nebel-1948[3],
33A-evn,evn,Even,33A,Coding of Nominal Plurality,Plural suffix,Benzing-1955[51],
33A-goa,goa,Goajiro,33A,Coding of Nominal Plurality,Plural suffix,Holmer-1949a[112],
33A-mgg,mgg,Mangghuer,33A,Coding of Nominal Plurality,Plural clitic,"Slater-2003[90, 98]",
33A-oji,oji,Ojibwa (Eastern),33A,Coding of Nominal Plurality,Plural suffix,Valentine-2001[ 178],
33A-res,res,Resígaro,33A,Coding of Nominal Plurality,Plural suffix,Allin-1976[163],
33A-tah,tah,Tahitian,33A,Coding of Nominal Plurality,Plural word,Tryon-1970a[9],
33A-tkl,tkl,Takelma,33A,Coding of Nominal Plurality,Plural suffix,Sapir-1922b[247],
33A-che,che,Cherokee,33A,Coding of Nominal Plurality,Plural prefix,"Foley-1980[25];Holmes-and-Smith-1976[297];Cook-1979[145-146, 148];Scancarelli-1987[289, 291, 301-302]",
33A-cze,cze,Czech,33A,Coding of Nominal Plurality,Plural suffix,Harkins-1953[277],
33A-dsh,dsh,Danish,33A,Coding of Nominal Plurality,Plural suffix,Allan-et-al-1995[21];Bredsdorff-1958[48-50],
33A-hup,hup,Hupa,33A,Coding of Nominal Plurality,No plural,Golla-1970[215];Goddard-1911[passim],
33A-ite,ite,Itelmen,33A,Coding of Nominal Plurality,Plural suffix,Volodin-1976[124];Georg-and-Volodin-1999[64-68],
33A-kab,kab,Kabardian,33A,Coding of Nominal Plurality,Plural suffix,Colarusso-1989[289-290],
33A-knk,knk,Kanakuru,33A,Coding of Nominal Plurality,Plural suffix,Newman-1974[82-84],
33A-kwa,kwa,Kwaio,33A,Coding of Nominal Plurality,Plural word,Keesing-1985[86],
33A-lel,lel,Lele,33A,Coding of Nominal Plurality,Plural suffix,Frajzyngier-2001[56-57],
33A-so,so,So,33A,Coding of Nominal Plurality,Plural suffix,Serzisko-1989[388];Tucker-and-Bryan-1966[395],
33A-tne,tne,Temne,33A,Coding of Nominal Plurality,Plural prefix,Scott-1956[9-10];Wilson-1961a[13],
33A-lui,lui,Luiseño,33A,Coding of Nominal Plurality,Plural suffix,Hyde-1971[221],
33A-por,por,Portuguese,33A,Coding of Nominal Plurality,Plural suffix,Hutchinson-and-Lloyd-1996[12],
33A-siu,siu,Siuslaw,33A,Coding of Nominal Plurality,Plural suffix,Frachtenberg-1914[460],
33A-sun,sun,Sundanese,33A,Coding of Nominal Plurality,Plural complete reduplication,Hardjadibrata-1985[11],
33A-chr,chr,Chrau,33A,Coding of Nominal Plurality,No plural,Thomas-1971[passim],
33A-est,est,Estonian,33A,Coding of Nominal Plurality,Plural suffix,de-Sivers-1969[32],
33A-gae,gae,Gaelic (Scots),33A,Coding of Nominal Plurality,Mixed morphological plural,Calder-1923[81-94],
33A-guu,guu,Guugu Yimidhirr,33A,Coding of Nominal Plurality,Plural suffix,Haviland-1979[55],
33A-hop,hop,Hopi,33A,Coding of Nominal Plurality,Plural suffix,Kalectaca-1978[55],
33A-mis,mis,Miskito,33A,Coding of Nominal Plurality,Plural word,Anonymous-1985[45];Adam-1891[13],
33A-mum,mum,Mumuye,33A,Coding of Nominal Plurality,Plural word,Shimizu-1983[80],
33A-tac,tac,Tacana,33A,Coding of Nominal Plurality,Plural word,Ottaviano-1980[passim],
33A-ter,ter,Tera,33A,Coding of Nominal Plurality,Plural clitic,"Newman-1970[37, 50, 111]",
33A-wiy,wiy,Wiyot,33A,Coding of Nominal Plurality,No plural,Teeter-1964[78],
33A-abu,abu,Abun,33A,Coding of Nominal Plurality,No plural,Berry-1995a[passim];Berry-and-Berry-1999[ 21],
33A-djp,djp,Djapu,33A,Coding of Nominal Plurality,Plural word,Morphy-1983[47-48],
33A-doy,doy,Doyayo,33A,Coding of Nominal Plurality,Plural suffix,Wiering-and-Wiering-1994[131],
33A-krd,krd,Kurdish (Central),33A,Coding of Nominal Plurality,Plural suffix,"Blau-1980[45];Abdulla-and-McCarus-1967[56, 145-146]",
33A-len,len,Lenakel,33A,Coding of Nominal Plurality,Plural word,"Lynch-1978[74, 37-38, 29]",
33A-mam,mam,Mam,33A,Coding of Nominal Plurality,Plural clitic,England-1983[145],
33A-nca,nca,Nicobarese (Car),33A,Coding of Nominal Plurality,No plural,Braine-1970[passim],
33A-ttn,ttn,Tetun,33A,Coding of Nominal Plurality,Plural word,Morris-1984[xiv];van-Klinken-1997[133-134],
33A-tid,tid,Tidore,33A,Coding of Nominal Plurality,No plural,van-Staden-2000[passim],
33A-ygr,ygr,Yagaria,33A,Coding of Nominal Plurality,Plural clitic,Renck-1975[48-50],
33A-arg,arg,Arabic (Gulf),33A,Coding of Nominal Plurality,Mixed morphological plural,"Holes-1990[148, 150]",
33A-htc,htc,Huastec,33A,Coding of Nominal Plurality,Plural suffix,"Edmonson-1988[403, 515]",
33A-ik,ik,Ik,33A,Coding of Nominal Plurality,Plural suffix,Tucker-1971[347];Serzisko-1989[388],
33A-nun,nun,Nung (in Vietnam),33A,Coding of Nominal Plurality,Plural word,Saul-and-Wilson-1980[22],
33A-pae,pae,Páez,33A,Coding of Nominal Plurality,Plural suffix,Slocum-1986[9-10],
33A-sed,sed,Sedang,33A,Coding of Nominal Plurality,Plural word,Smith-1979[90],
33A-bsk,bsk,Bashkir,33A,Coding of Nominal Plurality,Plural suffix,Poppe-1964[33],
33A-mns,mns,Mansi,33A,Coding of Nominal Plurality,Plural suffix,Murphy-1968[33];Honti-1988[152],
33A-mna,mna,Muna,33A,Coding of Nominal Plurality,Plural suffix,van-den-Berg-1989b[77],
33A-mup,mup,Mupun,33A,Coding of Nominal Plurality,Plural word,Frajzyngier-1993[46],
33A-ngl,ngl,Ngalakan,33A,Coding of Nominal Plurality,No plural,Merlan-1983[53-55],
33A-scr,scr,Serbian-Croatian,33A,Coding of Nominal Plurality,Plural suffix,Partridge-1964[47-49],
33A-tin,tin,Tinrin,33A,Coding of Nominal Plurality,Plural word,"Osumi-1995[156, 159, 160]",
33A-arc,arc,Archi,33A,Coding of Nominal Plurality,Plural suffix,"Kibrik-et-al-1977[(III) 248, (III) 256]",
33A-ava,ava,Avar,33A,Coding of Nominal Plurality,Plural suffix,Bokarev-1949b[259],
33A-gbb,gbb,Gbeya Bossangoa,33A,Coding of Nominal Plurality,Plural word,Samarin-1966[80-81],
33A-lim,lim,Limbu,33A,Coding of Nominal Plurality,No plural,Weidert-and-Subba-1985[129-134],
33A-miy,miy,Miya,33A,Coding of Nominal Plurality,Plural suffix,Schuh-1998[193],
33A-ngz,ngz,Ngizim,33A,Coding of Nominal Plurality,Plural suffix,Schuh-1972[96],
33A-poh,poh,Pohnpeian,33A,Coding of Nominal Plurality,No plural,Rehg-1981[passim],
33A-tna,tna,Turkana,33A,Coding of Nominal Plurality,Mixed morphological plural,Dimmendaal-1983a[224-250],
33A-uzb,uzb,Uzbek,33A,Coding of Nominal Plurality,Plural suffix,Sjoberg-1963[passim],
33A-hve,hve,Huave (San Mateo del Mar),33A,Coding of Nominal Plurality,Plural prefix,Stairs-and-Hollenbach-1981[290-291],
33A-kty,kty,Khanty,33A,Coding of Nominal Plurality,Plural suffix,Filchenko-2007[ 76];Honti-1988[179],
33A-tel,tel,Telugu,33A,Coding of Nominal Plurality,Plural suffix,Lisker-1963[56-57],
33A-ykt,ykt,Yakut,33A,Coding of Nominal Plurality,Plural suffix,Stachowski-and-Menz-1998[421];Krueger-1962[73],
33A-awt,awt,Awtuw,33A,Coding of Nominal Plurality,Plural suffix,"Feldman-1986[40, passim]",
33A-klm,klm,Klamath,33A,Coding of Nominal Plurality,Mixed morphological plural,"Barker-1964[183, 187, 213]",
33A-nep,nep,Nepali,33A,Coding of Nominal Plurality,Plural suffix,Hari-1973[passim],
33A-tgr,tgr,Tigré,33A,Coding of Nominal Plurality,Mixed morphological plural,Raz-1983[17-23],
33A-tuv,tuv,Tuvan,33A,Coding of Nominal Plurality,Plural suffix,Krueger-1977[117],
33A-hat,hat,Hatam,33A,Coding of Nominal Plurality,Plural clitic,Reesink-1999[50],
33A-mok,mok,Mokilese,33A,Coding of Nominal Plurality,Plural clitic,"Harrison-and-Albert-1976[75, 87]",
33A-nor,nor,Norwegian,33A,Coding of Nominal Plurality,Plural suffix,Olson-1901[17];Strandskogen-and-Strandskogen-1986[59ff],
33A-qui,qui,Quileute,33A,Coding of Nominal Plurality,Plural prefix,Andrade-1933[passim],
33A-tau,tau,Tauya,33A,Coding of Nominal Plurality,No plural,"MacDonald-1990[116, 142]",
33A-bre,bre,Breton,33A,Coding of Nominal Plurality,Plural suffix,Ternes-1970[188-202],
33A-ijo,ijo,Ijo (Kolokuma),33A,Coding of Nominal Plurality,Plural suffix,Williamson-1965[41],
33A-luo,luo,Luo,33A,Coding of Nominal Plurality,Plural suffix,Omondi-1982[87-90],
33A-pal,pal,Palauan,33A,Coding of Nominal Plurality,Plural prefix,Josephs-1975[42],
33A-psh,psh,Pashto,33A,Coding of Nominal Plurality,Plural suffix,Shafeev-1964[12-14],
33A-sam,sam,Samoan,33A,Coding of Nominal Plurality,Plural word,Mosel-and-Hovdhaugen-1992[ 149];Marsack-1962[149],
33A-wao,wao,Waorani,33A,Coding of Nominal Plurality,Plural suffix,"Peeke-1979[16-17, passim]",
33A-wap,wap,Wappo,33A,Coding of Nominal Plurality,Plural suffix,Radin-1929[133];Li-et-al-1977[passim],
33A-akn,akn,Akan,33A,Coding of Nominal Plurality,Mixed morphological plural,Christaller-1875[33-34];Welmers-1946[41-42],
33A-bri,bri,Bribri,33A,Coding of Nominal Plurality,Plural suffix,Margery-Pena-1982[xxxi],
33A-kis,kis,Kisi,33A,Coding of Nominal Plurality,Plural clitic,Childs-1995[148],
33A-cax,cax,Campa (Axininca),33A,Coding of Nominal Plurality,Plural suffix,Payne-1981[27],
33A-kon,kon,Kongo,33A,Coding of Nominal Plurality,Plural prefix,Bentley-1887[545-549],
33A-lug,lug,Lugbara,33A,Coding of Nominal Plurality,Plural suffix,Crazzolara-1960[17-20];Barr-1965[81],
33A-maa,maa,Maasai,33A,Coding of Nominal Plurality,Plural suffix,Tucker-and-Mpaayei-1955[4-5],
33A-tsh,tsh,Tümpisa Shoshone,33A,Coding of Nominal Plurality,Plural suffix,Dayley-1989a[218],
33A-wel,wel,Welsh,33A,Coding of Nominal Plurality,Plural suffix,Bowen-and-Jones-1960[35];Williams-1980b[9];Thomas-1992a[303],
33A-yap,yap,Yapese,33A,Coding of Nominal Plurality,Plural word,Jensen-et-al-1977a[passim],
33A-iaa,iaa,Iaai,33A,Coding of Nominal Plurality,Plural word,"Tryon-1968[80, passim]",
33A-jaq,jaq,Jaqaru,33A,Coding of Nominal Plurality,Plural suffix,Hardman-1966[86],
33A-tgk,tgk,Tigak,33A,Coding of Nominal Plurality,Plural word,Beaumont-1979[64],
33A-ton,ton,Tonkawa,33A,Coding of Nominal Plurality,Plural suffix,Troike-1967[326],
33A-pip,pip,Pipil,33A,Coding of Nominal Plurality,Plural suffix,Campbell-1985[51-52],
33A-tzu,tzu,Tzutujil,33A,Coding of Nominal Plurality,Plural word,"Dayley-1985[139, 261, 281]",
33A-amp,amp,Arrernte (Mparntwe),33A,Coding of Nominal Plurality,No plural,Wilkins-1989[passim],
33A-die,die,Diegueño (Mesa Grande),33A,Coding of Nominal Plurality,No plural,Langdon-1970[136];Couro-and-Langdon-1975[121],
33A-ice,ice,Icelandic,33A,Coding of Nominal Plurality,Plural suffix,Jonsson-1927[14-20],
33A-pan,pan,Panjabi,33A,Coding of Nominal Plurality,Plural suffix,Gill-and-Gleason-1963[100-101],
33A-mne,mne,Maidu (Northeast),33A,Coding of Nominal Plurality,Plural suffix,Shipley-1964[28-29],
33A-mrg,mrg,Margi,33A,Coding of Nominal Plurality,Plural clitic,Hoffmann-1963[57],
33A-nan,nan,Nandi,33A,Coding of Nominal Plurality,Plural suffix,"Creider-and-Creider-1989[30-31, 34-37]",
33A-mac,mac,Macushi,33A,Coding of Nominal Plurality,Plural suffix,Williams-1932[51];Abbott-1991[90];Carson-1982[73],
33A-abi,abi,Abipón,33A,Coding of Nominal Plurality,Plural suffix,"Najlis-1966[42-43, 45]",
33A-mab,mab,Maba,33A,Coding of Nominal Plurality,Plural suffix,Tucker-and-Bryan-1966[198],
33A-swe,swe,Swedish,33A,Coding of Nominal Plurality,Plural suffix,Holmes-and-Hinchliffe-1994[12-20];McClean-1963[passim],
33A-wlf,wlf,Wolof,33A,Coding of Nominal Plurality,Mixed morphological plural,"Sauvageot-1965[73-75, 189]",
33A-ace,ace,Acehnese,33A,Coding of Nominal Plurality,No plural,Durie-1985[passim],
33A-chv,chv,Chuvash,33A,Coding of Nominal Plurality,Plural suffix,Krueger-1961[94],
33A-dut,dut,Dutch,33A,Coding of Nominal Plurality,Plural suffix,Shetter-1958[19-21],
33A-pur,pur,Purépecha,33A,Coding of Nominal Plurality,Plural suffix,Foster-1969[68],
33A-haw,haw,Hawaiian,33A,Coding of Nominal Plurality,Plural word,"Hawkins-1982[8-9];Elbert-and-Pukui-1979[41, 156, 162]",
33A-ita,ita,Italian,33A,Coding of Nominal Plurality,Plural suffix,Sauer-1891[12],
33A-kch,kch,Koyra Chiini,33A,Coding of Nominal Plurality,Plural word,Heath-1999b[11],
33A-lit,lit,Lithuanian,33A,Coding of Nominal Plurality,Plural suffix,Dambriunas-et-al-1966[327-331],
33A-ood,ood,O'odham,33A,Coding of Nominal Plurality,Plural prefix,Saxton-1982[106];Zepeda-1983[7-8],
33A-rom,rom,Romanian,33A,Coding of Nominal Plurality,Plural suffix,"Mallinson-1986[206, 243, 244]",
33A-tml,tml,Tamil,33A,Coding of Nominal Plurality,Plural suffix,Asher-1982[135],
33A-bul,bul,Bulgarian,33A,Coding of Nominal Plurality,Plural suffix,"Scatton-1984[26, 128]",
33A-lah,lah,Lahu,33A,Coding of Nominal Plurality,Plural suffix,Matisoff-1973[65],
33A-yuc,yuc,Yuchi,33A,Coding of Nominal Plurality,Plural word,Wagner-1933-1938[322];Linn-2001[379],
33A-pso,pso,Pomo (Southeastern),33A,Coding of Nominal Plurality,Plural suffix,Moshinsky-1974[96-97],
33A-zun,zun,Zuni,33A,Coding of Nominal Plurality,Plural suffix,"Nichols-1997b[ 12, 15];Nichols-1997c[12, 15]",
33A-snt,snt,Sentani,33A,Coding of Nominal Plurality,No plural,Cowan-1965[passim],
33A-krb,krb,Kiribati,33A,Coding of Nominal Plurality,Mixed morphological plural,"Cowell-1951[16];Groves-et-al-1985[33, 41-43]",
33A-som,som,Somali,33A,Coding of Nominal Plurality,Plural suffix,Kirk-1905[22-25];Saeed-1987[119],
33A-ypk,ypk,Yup'ik (Central),33A,Coding of Nominal Plurality,Plural suffix,Reed-et-al-1977[41-42],
33A-cnt,cnt,Cantonese,33A,Coding of Nominal Plurality,No plural,Matthews-and-Yip-1994[ impl],
33A-fur,fur,Fur,33A,Coding of Nominal Plurality,Mixed morphological plural,Tucker-and-Bryan-1966[221],
33A-pol,pol,Polish,33A,Coding of Nominal Plurality,Plural suffix,Bielec-1998[87ff];Stone-1980[44],
33A-ker,ker,Kera,33A,Coding of Nominal Plurality,Plural prefix,Ebert-1979[149-151],
33A-lad,lad,Ladakhi,33A,Coding of Nominal Plurality,Plural suffix,"Koshal-1979[41, 60]",
33A-lep,lep,Lepcha,33A,Coding of Nominal Plurality,Plural word,Mainwaring-1876[27],
33A-tli,tli,Tlingit,33A,Coding of Nominal Plurality,Plural suffix,Boas-1917[81];Kelly-and-Willard-1904[718],
33A-alb,alb,Albanian,33A,Coding of Nominal Plurality,Plural suffix,"Mann-1977[42-43];Newmark-et-al-1982[141, 163]",
33A-bam,bam,Bambara,33A,Coding of Nominal Plurality,Plural suffix,Bird-et-al-1977[135],
33A-kyl,kyl,Kayah Li (Eastern),33A,Coding of Nominal Plurality,No plural,Solnit-1986[passim],
33A-nti,nti,Ngiti,33A,Coding of Nominal Plurality,Plural tone,Kutsch-Lojenga-1994[132-137],
33A-car,car,Carib,33A,Coding of Nominal Plurality,Plural suffix,Hoff-1968[228],
33A-mak,mak,Makah,33A,Coding of Nominal Plurality,Plural clitic,,
33A-tsi,tsi,Tsimshian (Coast),33A,Coding of Nominal Plurality,Plural prefix,"Dunn-1979[2ff., 13ff]",
33A-tun,tun,Tunica,33A,Coding of Nominal Plurality,Plural suffix,Haas-1940[65],
33A-mku,mku,Maranungku,33A,Coding of Nominal Plurality,No plural,Tryon-1970b[12],
33A-mrl,mrl,Murle,33A,Coding of Nominal Plurality,Plural suffix,Lyth-1971[6];Arensen-1982[29],
33A-psm,psm,Passamaquoddy-Maliseet,33A,Coding of Nominal Plurality,Plural suffix,Ng-2002,
33A-amh,amh,Amharic,33A,Coding of Nominal Plurality,Plural suffix,Leslau-1966[600],
33A-ana,ana,Araona,33A,Coding of Nominal Plurality,Plural word,"Pitman-1980[77-78, 92-93]",
33A-cyv,cyv,Cayuvava,33A,Coding of Nominal Plurality,Plural clitic,"Key-1967[50, 63-64]",
33A-dio,dio,Diola-Fogny,33A,Coding of Nominal Plurality,Plural prefix,Sapir-1965[26],
33A-arm,arm,Armenian (Eastern),33A,Coding of Nominal Plurality,Plural suffix,,
33A-aym,aym,Aymara (Central),33A,Coding of Nominal Plurality,Plural suffix,Wexler-1967[106];Ebbing-1965[26],
33A-baw,baw,Bawm,33A,Coding of Nominal Plurality,Plural word,Reichle-1981[passim],
33A-nbd,nbd,Nubian (Dongolese),33A,Coding of Nominal Plurality,Plural suffix,"Armbruster-1960[132, 158]",
33A-wrd,wrd,Wardaman,33A,Coding of Nominal Plurality,Plural suffix,Merlan-1994[90],
33A-hai,hai,Haida,33A,Coding of Nominal Plurality,Plural suffix,Swanton-1911b[260];Harrison-1895[131],
33A-kmu,kmu,Khmu',33A,Coding of Nominal Plurality,No plural,Smalley-1961[passim],
33A-ung,ung,Ungarinjin,33A,Coding of Nominal Plurality,Plural complete reduplication,Rumsey-1982[60],
33A-bej,bej,Beja,33A,Coding of Nominal Plurality,Plural suffix,"Reinisch-1893[60, 62];Hudson-1974[120]",
33A-dre,dre,Drehu,33A,Coding of Nominal Plurality,Plural word,Tryon-1967a[passim],
33A-gar,gar,Garo,33A,Coding of Nominal Plurality,Plural clitic,"Burling-1961[33, 44]",
33A-pms,pms,Paamese,33A,Coding of Nominal Plurality,Plural word,Crowley-1982[95],
33A-mss,mss,Miwok (Southern Sierra),33A,Coding of Nominal Plurality,Plural suffix,Broadbent-1964[104],
33A-yur,yur,Yurok,33A,Coding of Nominal Plurality,Mixed morphological plural,Robins-1958[23],
33A-igb,igb,Igbo,33A,Coding of Nominal Plurality,Mixed morphological plural,Emenanjo-1978[passim],
33A-brh,brh,Brahui,33A,Coding of Nominal Plurality,Plural suffix,Bray-1909[36-42],
33A-cah,cah,Cahuilla,33A,Coding of Nominal Plurality,Plural suffix,"Seiler-1977[43, 78]",
33A-cle,cle,Chinantec (Lealao),33A,Coding of Nominal Plurality,Plural word,Rupp-1989[29],
33A-knm,knm,Kunama,33A,Coding of Nominal Plurality,Plural clitic,Tucker-and-Bryan-1966[338],
33A-nav,nav,Navajo,33A,Coding of Nominal Plurality,Plural suffix,Young-and-Morgan-1980[21];Sapir-and-Hoijer-1967[116];Haile-1926[37],
33A-zqc,zqc,Zoque (Copainalá),33A,Coding of Nominal Plurality,Plural suffix,"Harrison-et-al-1981[404, 408]",
33A-bkr,bkr,Batak (Karo),33A,Coding of Nominal Plurality,Plural complete reduplication,Woollams-1996[94],
33A-cmn,cmn,Comanche,33A,Coding of Nominal Plurality,Plural suffix,Wistrand-Robinson-and-Armagost-1990[284];Osborn-and-Smalley-1949[94],
33A-iri,iri,Irish,33A,Coding of Nominal Plurality,Mixed morphological plural,"O-Dochartaigh-1992[62-63];Dillon-and-O-Croinin-1961[25-26, 193ff]",
33A-nko,nko,Nkore-Kiga,33A,Coding of Nominal Plurality,Plural prefix,Taylor-1985[122],
33A-tru,tru,Trumai,33A,Coding of Nominal Plurality,Plural word,Monod-Becquelin-1975[203],
33A-nen,nen,Nenets,33A,Coding of Nominal Plurality,Plural suffix,Hajdu-1963[65];Collinder-1957[428];Tereshchenko-1966a[379],
33A-urk,urk,Urubú-Kaapor,33A,Coding of Nominal Plurality,Plural suffix,"Kakumasu-1986[373-374, passim]",
33A-coo,coo,Coos (Hanis),33A,Coding of Nominal Plurality,Mixed morphological plural,Frachtenberg-1922a[374],
33A-cre,cre,Cree (Plains),33A,Coding of Nominal Plurality,Plural suffix,Wolfart-1973[16-17],
33A-nht,nht,Nahuatl (Tetelcingo),33A,Coding of Nominal Plurality,Plural suffix,Tuggy-1979[53-54],
33A-yim,yim,Yimas,33A,Coding of Nominal Plurality,Plural suffix,Foley-1991[123],
33A-ika,ika,Ika,33A,Coding of Nominal Plurality,Plural word,Frank-1990[29],
33A-kse,kse,Koyraboro Senni,33A,Coding of Nominal Plurality,Plural clitic,"Prost-1956[44-45, 58];Heath-1999a[114]",
33A-mun,mun,Mundari,33A,Coding of Nominal Plurality,Plural suffix,Sinha-1975[60],
33A-yid,yid,Yidiny,33A,Coding of Nominal Plurality,No plural,Dixon-1977a[passim],
33A-krk,krk,Karok,33A,Coding of Nominal Plurality,Plural suffix,Bright-1957[81],
33A-brs,brs,Barasano,33A,Coding of Nominal Plurality,Plural suffix,Smith-1973[46-48];Jones-and-Jones-1991[20];Garcia-and-Sanchez-1975[12-17],
33A-tab,tab,Taba,33A,Coding of Nominal Plurality,Plural clitic,Bowden-1997a[218],
33A-aco,aco,Acoma,33A,Coding of Nominal Plurality,Plural suffix,Miller-1965[148],
33A-pau,pau,Paumarí,33A,Coding of Nominal Plurality,No plural,Chapman-and-Derbyshire-1991[254],
33A-arp,arp,Arapesh (Mountain),33A,Coding of Nominal Plurality,Plural suffix,Conrad-and-Wogiga-1991[9],
33A-ond,ond,Oneida,33A,Coding of Nominal Plurality,Mixed morphological plural,,
33A-asm,asm,Asmat,33A,Coding of Nominal Plurality,Plural suffix,Voorhoeve-1965[130-132],
33A-ewe,ewe,Ewe,33A,Coding of Nominal Plurality,Plural clitic,"Warburton-et-al-1968[22-23, 147];Ameka-1991[45, 46, 48]",
33A-grb,grb,Grebo,33A,Coding of Nominal Plurality,Plural suffix,"Innes-1966[37-38, 40]",
33A-khs,khs,Khasi,33A,Coding of Nominal Plurality,Plural word,Rabel-1961[131],
33A-khm,khm,Khmer,33A,Coding of Nominal Plurality,Plural word,Ehrman-1970[43],
33A-kio,kio,Kiowa,33A,Coding of Nominal Plurality,Plural suffix,"Watkins-1984[74, 78-84]",
33A-wic,wic,Wichita,33A,Coding of Nominal Plurality,No plural,Rood-1976[6],
33A-juh,juh,Ju|'hoan,33A,Coding of Nominal Plurality,Plural clitic,Snyman-1970[68-69];Dickens-1992[8],
33A-klv,klv,Kilivila,33A,Coding of Nominal Plurality,Mixed morphological plural,Senft-1986[43],
33A-nug,nug,Nunggubuyu,33A,Coding of Nominal Plurality,Plural prefix,"Heath-1984[159, 195-196]",
33A-irq,irq,Iraqw,33A,Coding of Nominal Plurality,Plural suffix,Whiteley-1958[12];Tucker-and-Bryan-1966[574],
33A-kew,kew,Kewa,33A,Coding of Nominal Plurality,Plural suffix,Franklin-1971[53],
33A-snm,snm,Sanuma,33A,Coding of Nominal Plurality,Plural word,"Borgman-1990[129, 144-148]",
33A-shk,shk,Shipibo-Konibo,33A,Coding of Nominal Plurality,Plural suffix,Faust-1973[68],
33A-epe,epe,Epena Pedee,33A,Coding of Nominal Plurality,Plural clitic,Harms-1994[56],
33A-ket,ket,Ket,33A,Coding of Nominal Plurality,Plural suffix,Dulzon-1968[68];Werner-1997a[96],
33A-koa,koa,Koasati,33A,Coding of Nominal Plurality,Plural clitic,"Kimball-1991[passim 403, 446]",
33A-luv,luv,Luvale,33A,Coding of Nominal Plurality,Plural prefix,Horton-1949[24],
33A-san,san,Sango,33A,Coding of Nominal Plurality,Plural prefix,Samarin-1967b[131],
33A-bag,bag,Bagirmi,33A,Coding of Nominal Plurality,Plural clitic,Stevenson-1969[28],
33A-hzb,hzb,Hunzib,33A,Coding of Nominal Plurality,Plural suffix,van-den-Berg-1995[39],
33A-ing,ing,Ingush,33A,Coding of Nominal Plurality,Plural suffix,Nichols-1994b,
33A-mau,mau,Maung,33A,Coding of Nominal Plurality,Plural word,"Capell-and-Hinch-1970[50, 53]",
33A-kfe,kfe,Koromfe,33A,Coding of Nominal Plurality,Plural suffix,Rennison-1997[198],
33A-qim,qim,Quechua (Imbabura),33A,Coding of Nominal Plurality,Plural suffix,Cole-1982[128],
33A-ram,ram,Rama,33A,Coding of Nominal Plurality,Plural clitic,Grinevald-1988[ 92];Grinevald-nd[92],
33A-wch,wch,Wichí,33A,Coding of Nominal Plurality,Plural suffix,Tovar-1981[180];Hunt-1940[15];Vinas-Urquiza-1974[53],
33A-yag,yag,Yagua,33A,Coding of Nominal Plurality,Plural suffix,Payne-and-Payne-1990[446],
33A-niv,niv,Nivkh,33A,Coding of Nominal Plurality,Plural suffix,Panfilov-1962[91],
33A-apu,apu,Apurinã,33A,Coding of Nominal Plurality,Plural suffix,Polak-1894[4];Facundes-2000[264],
33A-bma,bma,Berber (Middle Atlas),33A,Coding of Nominal Plurality,Mixed morphological plural,Abdel-Massih-1971[93-115];Penchoen-1973b[14],
33A-wra,wra,Warao,33A,Coding of Nominal Plurality,Plural suffix,de-Goeje-1930[passim];Romero-Figueroa-1997[45];Vaquero-1965[467],
33A-imo,imo,Imonda,33A,Coding of Nominal Plurality,No plural,Seiler-1985[passim],
33A-awp,awp,Awa Pit,33A,Coding of Nominal Plurality,Plural suffix,Curnow-1997[131],
33A-kob,kob,Kobon,33A,Coding of Nominal Plurality,Plural suffix,Davies-1981b[147],
33A-lat,lat,Latvian,33A,Coding of Nominal Plurality,Plural suffix,Lazdina-1966[16],
33A-mar,mar,Maricopa,33A,Coding of Nominal Plurality,Plural stem change,Gordon-1986[29],
33A-ala,ala,Alamblak,33A,Coding of Nominal Plurality,Plural clitic,Bruce-1984[96],
33A-goo,goo,Gooniyandi,33A,Coding of Nominal Plurality,Plural clitic,"McGregor-1990[173-176, 188, passim]",
33A-kut,kut,Kutenai,33A,Coding of Nominal Plurality,Plural prefix,,
33A-mxc,mxc,Mixtec (Chalcatongo),33A,Coding of Nominal Plurality,Plural word,"Macaulay-1996[14, 96-98, 114, 80]",
33A-lav,lav,Lavukaleve,33A,Coding of Nominal Plurality,Plural suffix,"Terrill-1999[102, 5.6.2]",
33A-rap,rap,Rapanui,33A,Coding of Nominal Plurality,Plural word,"Chapin-1978[148, 152]",
33A-ain,ain,Ainu,33A,Coding of Nominal Plurality,Plural suffix,Shibatani-1990[32];Refsing-1986[81];Dettmer-1989[161-162],
33A-jak,jak,Jakaltek,33A,Coding of Nominal Plurality,Plural word,"Craig-1977[passim];Day-1973[66, passim]",
33A-lkt,lkt,Lakhota,33A,Coding of Nominal Plurality,Plural word,Rood-and-Taylor-1996[passim],
33A-mrt,mrt,Martuthunira,33A,Coding of Nominal Plurality,Plural suffix,Dench-1995[95],
33A-prh,prh,Pirahã,33A,Coding of Nominal Plurality,No plural,Everett-1986[passim],
33A-war,war,Wari',33A,Coding of Nominal Plurality,Plural word,"Everett-and-Kern-1997[154-155, 158]",
33A-gua,gua,Guaraní,33A,Coding of Nominal Plurality,Plural word,"Gregores-and-Suarez-1967[148, 150]",
33A-kho,kho,Khoekhoe,33A,Coding of Nominal Plurality,Plural suffix,Hagman-1977[22],
33A-ngi,ngi,Ngiyambaa,33A,Coding of Nominal Plurality,Plural suffix,"Donaldson-1980[99, 101]",
33A-brm,brm,Burmese,33A,Coding of Nominal Plurality,Plural word,Wheatley-1982[121];Okell-1969[82],
33A-kro,kro,Krongo,33A,Coding of Nominal Plurality,Plural prefix,Reh-1985[101],
33A-myi,myi,Mangarrayi,33A,Coding of Nominal Plurality,Plural suffix,Merlan-1982[87],
33A-tiw,tiw,Tiwi,33A,Coding of Nominal Plurality,Plural suffix,"Osborne-1974[34, 52]",
33A-knr,knr,Kanuri,33A,Coding of Nominal Plurality,Plural suffix,Hutchison-1981[43];Lukas-1937[16],
33A-kay,kay,Kayardild,33A,Coding of Nominal Plurality,No plural,"Evans-1995[183-185, 200]",
33A-map,map,Mapudungun,33A,Coding of Nominal Plurality,Plural word,Augusta-1903[15],
33A-yor,yor,Yoruba,33A,Coding of Nominal Plurality,Plural word,Rowlands-1969[25],
33A-yko,yko,Yukaghir (Kolyma),33A,Coding of Nominal Plurality,Plural suffix,"Maslova-1999[4, 91]",
33A-may,may,Maybrat,33A,Coding of Nominal Plurality,No plural,Dol-1999[98],
33A-tuk,tuk,Tukang Besi,33A,Coding of Nominal Plurality,No plural,Donohue-1999a[passim],
33A-bur,bur,Burushaski,33A,Coding of Nominal Plurality,Plural suffix,"Lorimer-1935[15, 25ff];Tiffou-and-Pesot-1989[17-19]",
33A-cha,cha,Chamorro,33A,Coding of Nominal Plurality,Plural word,Topping-1973[234-235],
33A-chk,chk,Chukchi,33A,Coding of Nominal Plurality,Plural suffix,Dunn-1999[111],
33A-heb,heb,Hebrew (Modern),33A,Coding of Nominal Plurality,Plural suffix,"Glinert-1989[450, 453]",
33A-lan,lan,Lango,33A,Coding of Nominal Plurality,Plural suffix,Noonan-1992[83-84],
33A-orh,orh,Oromo (Harar),33A,Coding of Nominal Plurality,No plural,Owens-1985[94],
33A-yaq,yaq,Yaqui,33A,Coding of Nominal Plurality,Plural suffix,"Lindenfeld-1973[11, 46-48]",
33A-zul,zul,Zulu,33A,Coding of Nominal Plurality,Plural prefix,Ziervogel-et-al-1981[2-3],
33A-sla,sla,Slave,33A,Coding of Nominal Plurality,Plural suffix,Rice-1989[247],
33A-aeg,aeg,Arabic (Egyptian),33A,Coding of Nominal Plurality,Mixed morphological plural,Gary-and-Gamal-Eldin-1982[72-75],
33A-grw,grw,Greenlandic (West),33A,Coding of Nominal Plurality,Plural suffix,Schultz-Lorentzen-1945[17];Fortescue-1984[206],
33A-hix,hix,Hixkaryana,33A,Coding of Nominal Plurality,Plural word,Derbyshire-1979[passim],
33A-swa,swa,Swahili,33A,Coding of Nominal Plurality,Plural prefix,Ashton-1947[10],
33A-vie,vie,Vietnamese,33A,Coding of Nominal Plurality,Plural word,"Thompson-1965[264, passim];Binh-1971[113, 112-115]",
33A-hin,hin,Hindi,33A,Coding of Nominal Plurality,Plural suffix,McGregor-1977[1-2],
33A-ckr,ckr,Canela-Krahô,33A,Coding of Nominal Plurality,No plural,Popjes-and-Popjes-1986[185-186],
33A-tag,tag,Tagalog,33A,Coding of Nominal Plurality,Plural word,Schachter-and-Otanes-1972[111],
33A-geo,geo,Georgian,33A,Coding of Nominal Plurality,Plural suffix,Vogt-1971[17],
33A-knd,knd,Kannada,33A,Coding of Nominal Plurality,Plural suffix,Sridhar-1990[197-198];Bright-1958[20-21],
33A-kha,kha,Khalkha,33A,Coding of Nominal Plurality,Mixed morphological plural,Binnick-1979[8],
33A-mal,mal,Malagasy,33A,Coding of Nominal Plurality,No plural,Dez-1980b[45],
33A-sup,sup,Supyire,33A,Coding of Nominal Plurality,Plural suffix,Carlson-1994[79ff],
33A-hau,hau,Hausa,33A,Coding of Nominal Plurality,Plural suffix,Migeod-1914[22];Newman-2000[430],
33A-mao,mao,Maori,33A,Coding of Nominal Plurality,Plural word,"Bauer-1993[110, 120, 353]",
33A-bsq,bsq,Basque,33A,Coding of Nominal Plurality,Plural clitic,"Saltarelli-et-al-1988[ 198, 300];Lafitte-1962[68]",
33A-abk,abk,Abkhaz,33A,Coding of Nominal Plurality,Plural suffix,Hewitt-1979[149],
33A-eve,eve,Evenki,33A,Coding of Nominal Plurality,Plural suffix,Konstantinova-1968[73];Nedjalkov-1997[141],
33A-kor,kor,Korean,33A,Coding of Nominal Plurality,Plural suffix,Sohn-1999[300],
33A-prs,prs,Persian,33A,Coding of Nominal Plurality,Plural suffix,Lambton-1967[8];Rastorgueva-1964[18],
33A-ame,ame,Amele,33A,Coding of Nominal Plurality,Mixed morphological plural,"Roberts-1987[88, 86, 171, 200-201]",
33A-ger,ger,German,33A,Coding of Nominal Plurality,Plural suffix,Lederer-1969[172-175],
33A-grk,grk,Greek (Modern),33A,Coding of Nominal Plurality,Plural suffix,Mackridge-1985[361],
33A-lez,lez,Lezgian,33A,Coding of Nominal Plurality,Plural suffix,Haspelmath-1993[71],
33A-jpn,jpn,Japanese,33A,Coding of Nominal Plurality,Plural suffix,Hinds-1986[passim],
33A-mnd,mnd,Mandarin,33A,Coding of Nominal Plurality,Plural suffix,"Li-and-Thompson-1981[12, 40]",
33A-hun,hun,Hungarian,33A,Coding of Nominal Plurality,Plural suffix,Benko-and-Imre-1972[163],
33A-ind,ind,Indonesian,33A,Coding of Nominal Plurality,Plural complete reduplication,Sneddon-1996a[16],
33A-fin,fin,Finnish,33A,Coding of Nominal Plurality,Plural suffix,Whitney-1973[29];Sulkala-and-Karjalainen-1992[266],
33A-rus,rus,Russian,33A,Coding of Nominal Plurality,Plural suffix,Stilman-and-Harkins-1964[491-494],
33A-spa,spa,Spanish,33A,Coding of Nominal Plurality,Plural suffix,,
33A-tur,tur,Turkish,33A,Coding of Nominal Plurality,Plural suffix,Lewis-1967[25];Underhill-1976[33],
33A-fre,fre,French,33A,Coding of Nominal Plurality,Plural suffix,Harris-1988[226],
33A-eng,eng,English,33A,Coding of Nominal Plurality,Plural suffix,,
33A-dds,dds,Donno So,33A,Coding of Nominal Plurality,Plural clitic,"Kervran-and-Prost-1969[21, 23, 31-32]",
33A-tia,tia,Tima,33A,Coding of Nominal Plurality,Plural prefix,Tucker-and-Bryan-1966[ 265],
33A-jms,jms,Jamsay,33A,Coding of Nominal Plurality,Mixed morphological plural,"Heath-2008[ 15, 140]",
33A-nrg,nrg,Nanerge,33A,Coding of Nominal Plurality,Plural suffix,Ouedraogo-1984[412-415],
33A-ncm,ncm,Ncàm,33A,Coding of Nominal Plurality,Mixed morphological plural,Cox-1998[ 135-137],
33A-mmi,mmi,Mambai,33A,Coding of Nominal Plurality,Plural suffix,Eguchi-1971[ 154],
33A-myg,myg,Mayogo,33A,Coding of Nominal Plurality,Plural prefix,Sawka-2001[ 54],
33A-mnz,mnz,Munzombo,33A,Coding of Nominal Plurality,Plural clitic,"Boyi-1983[ 245, 248]",
33A-ajg,ajg,Ajagbe,33A,Coding of Nominal Plurality,Plural clitic,"Tchitchi-1984[280, 290]",
33A-avk,avk,Avikam,33A,Coding of Nominal Plurality,Plural word,Schang-1995[ 22],
33A-bdu,bdu,Budu,33A,Coding of Nominal Plurality,Plural prefix,Asangama-1983[ 203],
33A-kwy,kwy,Iwoyo,33A,Coding of Nominal Plurality,Plural prefix,Mingas-1994[ 167-169],
33A-zag,zag,Beria,33A,Coding of Nominal Plurality,Plural tone,Crass-and-Jakobi-2004[ 107],
33A-mgq,mgq,Mango,33A,Coding of Nominal Plurality,Plural suffix,Khamis-1983[ 154],
33A-tsk,tsk,Tamashek,33A,Coding of Nominal Plurality,Mixed morphological plural,"Heath-2005[ 162, 170-236]",
33A-hna,hna,Mina,33A,Coding of Nominal Plurality,Plural clitic,Frajzyngier-and-Johnston-2005[ 62],
33A-sid,sid,Sidaama,33A,Coding of Nominal Plurality,Plural suffix,"Kawachi-2007[86, 345]",
33A-arj,arj,Arabic (Kuwaiti),33A,Coding of Nominal Plurality,Mixed morphological plural,,
33A-bkb,bkb,Betta Kurumba,33A,Coding of Nominal Plurality,Plural suffix,Coelho-2003[ 163],
33A-rji,rji,Raji,33A,Coding of Nominal Plurality,No plural,Sharma-1990[ 195],
33A-kgy,kgy,Kyirong,33A,Coding of Nominal Plurality,Plural clitic,Huber-2005[53],
33A-khd,khd,Kham (Dege),33A,Coding of Nominal Plurality,Plural clitic,Hasler-1999[93],
33A-wme,wme,Wambule,33A,Coding of Nominal Plurality,Plural word,"Opgenort-2004[121, 138]",
33A-gyc,gyc,Gyarong (Cogtse),33A,Coding of Nominal Plurality,Plural suffix,Lin-1993[ 352],
33A-rgc,rgc,rGyalrong (Caodeng),33A,Coding of Nominal Plurality,Plural suffix,Sun-2003[ 493],
33A-smp,smp,Shompen,33A,Coding of Nominal Plurality,No plural,Chattopadhyay-and-Mukhopadhyay-2003[ 15],
33A-agd,agd,Agta (Dupaningan),33A,Coding of Nominal Plurality,Plural word,Robinson-2008[ 99],
33A-bwc,bwc,Bajau (West Coast),33A,Coding of Nominal Plurality,Plural word,Miller-2007[ 112-113],
33A-ttd,ttd,Tetun Dili,33A,Coding of Nominal Plurality,Plural word,Williams-van-Klinken-et-al-2002[ 25],
33A-vnm,vnm,Vinmavis,33A,Coding of Nominal Plurality,Plural word,Crowley-2002g[ 641],
33A-psw,psw,Port Sandwich,33A,Coding of Nominal Plurality,Plural word,Crowley-2002e[ 653],
33A-lmu,lmu,Lamen,33A,Coding of Nominal Plurality,Plural word,Early-2002b[ 674],
33A-mpt,mpt,Mian,33A,Coding of Nominal Plurality,Plural suffix,Fedden-2007[25],
33A-mkj,mkj,Makasae,33A,Coding of Nominal Plurality,Plural clitic,Huber-2008[ 14-15],
33A-abv,abv,Abui,33A,Coding of Nominal Plurality,Plural word,Kratochvil-2007[ 165],
33A-adg,adg,Adang,33A,Coding of Nominal Plurality,No plural,Haan-2001[passim],
33A-brp,brp,Barupu,33A,Coding of Nominal Plurality,No plural,Corris-2005[ 94],
33A-fqs,fqs,Momu,33A,Coding of Nominal Plurality,No plural,Blake-2007[ passim],
33A-kwt,kwt,Kwomtari,33A,Coding of Nominal Plurality,Plural suffix,Spencer-2008[ 56],
33A-urt,urt,Urat,33A,Coding of Nominal Plurality,Plural word,Sposato-2008[ own work],
33A-xbi,xbi,Kombio,33A,Coding of Nominal Plurality,Plural word,"Yi-2008[ 5, 10]",
33A-aoj,aoj,Mufian,33A,Coding of Nominal Plurality,Plural word,Wilson-2008[ 5],
33A-kmz,kmz,Kamasau,33A,Coding of Nominal Plurality,No plural,Sanders-and-Sanders-1994[7],
33A-inn,inn,Innamincka,33A,Coding of Nominal Plurality,Plural suffix,Breen-2004[ 87],
33A-tee,tee,Tepehua (Huehuetla),33A,Coding of Nominal Plurality,Mixed morphological plural,"Kung-2007[ 345, 347]",
33A-qum,qum,Sipakapense,33A,Coding of Nominal Plurality,Plural word,Barrett-1999[ 199],
33A-lec,lec,Leko,33A,Coding of Nominal Plurality,Plural suffix,van-de-Kerke-2002[passim],
33A-eme,eme,Émérillon,33A,Coding of Nominal Plurality,Plural clitic,Rose-2003b[ 160ff],
33A-kyz,kyz,Kayabí,33A,Coding of Nominal Plurality,No plural,Dobson-1997[ 125],
33A-cpy,cpy,Chipaya,33A,Coding of Nominal Plurality,Plural suffix,Cerron-Palomino-2006[120],
33A-urn,urn,Urarina,33A,Coding of Nominal Plurality,Plural suffix,"Olawsky-2002[10];Olawsky-2006[ 355, 357-359]",
33A-qhu,qhu,Quechua (Huallaga),33A,Coding of Nominal Plurality,Plural suffix,Weber-1989[55],
33A-mcv,mcv,Mocoví,33A,Coding of Nominal Plurality,Plural suffix,Grondona-1998[43],
33A-ndy,ndy,Ndyuka,33A,Coding of Nominal Plurality,Plural word,"Huttar-and-Huttar-1994[203, 215]",
