ID,Language_ID,Language_name,Parameter_ID,Parameter_name,Value,Source,Comment
101A-ina,ina,Inanwatan,101A,Expression of Pronominal Subjects,Subject affixes on verb,de-Vries-1996[ 36],
101A-buw,buw,Bulu,101A,Expression of Pronominal Subjects,Subject pronouns in different position,Bates-1904[passim],
101A-eip,eip,Eipo,101A,Expression of Pronominal Subjects,Subject affixes on verb,"Heeschen-1998[ 149, 223]",
101A-luy,luy,Luyia,101A,Expression of Pronominal Subjects,Subject affixes on verb,Appleby-1961[passim],
101A-cup,cup,Cupeño,101A,Expression of Pronominal Subjects,Mixed,Hill-2005[ 77],
101A-jwr,jwr,Jarawara,101A,Expression of Pronominal Subjects,Mixed,Dixon-2003[165-167],
101A-lul,lul,Lule,101A,Expression of Pronominal Subjects,Subject affixes on verb,Adelaar-2004[passim],
101A-dun,dun,Duna,101A,Expression of Pronominal Subjects,Optional pronouns in subject position,,
101A-eko,eko,Ekoti,101A,Expression of Pronominal Subjects,Subject affixes on verb,Schadeberg-and-Mucanheia-2000[passim],
101A-mcc,mcc,Mochica,101A,Expression of Pronominal Subjects,Subject affixes on verb,Adelaar-2004[337],
101A-rim,rim,Rimi,101A,Expression of Pronominal Subjects,Subject affixes on verb,Olson-1964[96],
101A-skm,skm,Sukuma,101A,Expression of Pronominal Subjects,Subject affixes on verb,Batibo-1985[passim],
101A-tet,tet,Tetela,101A,Expression of Pronominal Subjects,Subject affixes on verb,Wetshemongo-1996[ 412];Jacobs-1964[passim],
101A-tsn,tsn,Tsonga,101A,Expression of Pronominal Subjects,Subject pronouns in different position,Baumbach-1987[160],
101A-bik,bik,Biak,101A,Expression of Pronominal Subjects,Subject affixes on verb,van-den-Heuvel-2006[ 106],
101A-big,big,Binga,101A,Expression of Pronominal Subjects,Subject affixes on verb,Santandrea-1956[29-30],
101A-mmw,mmw,Mambwe,101A,Expression of Pronominal Subjects,Subject affixes on verb,London-Missionary-Society-1962[12],
101A-mir,mir,Miriwung,101A,Expression of Pronominal Subjects,Subject affixes on verb,"Kofod-1978[178, 179, 194]",
101A-mbo,mbo,Monumbo,101A,Expression of Pronominal Subjects,Subject affixes on verb,Vormann-and-Scharfenberger-1914[50],
101A-pog,pog,Pogoro,101A,Expression of Pronominal Subjects,Subject affixes on verb,Hendle-1907[35],
101A-nke,nke,Nkem,101A,Expression of Pronominal Subjects,Subject pronouns in different position,Sibomana-1986[271],
101A-tki,tki,Tuki,101A,Expression of Pronominal Subjects,Subject affixes on verb,Biloa-1997[26],
101A-wlm,wlm,Walmatjari,101A,Expression of Pronominal Subjects,Subject pronouns in different position,Hudson-1978[56],
101A-mhu,mhu,Mbalanhu,101A,Expression of Pronominal Subjects,Subject pronouns in different position,Fourie-1993[passim],
101A-wya,wya,Wyandot,101A,Expression of Pronominal Subjects,Subject affixes on verb,Kopris-2001[147],
101A-ayr,ayr,Ayoreo,101A,Expression of Pronominal Subjects,Subject affixes on verb,Adelaar-2004[passim],
101A-bsr,bsr,Basari,101A,Expression of Pronominal Subjects,Subject affixes on verb,Ferry-1981[58],
101A-bol,bol,Bolia,101A,Expression of Pronominal Subjects,Subject affixes on verb,Mamet-1960[43],
101A-des,des,Desano,101A,Expression of Pronominal Subjects,Subject affixes on verb,Miller-1999[ 64],
101A-ebi,ebi,Ebira,101A,Expression of Pronominal Subjects,Subject pronouns in different position,Adive-1989[77ff],
101A-mkd,mkd,Makonde,101A,Expression of Pronominal Subjects,Subject affixes on verb,Harries-1940[106],
101A-sgl,sgl,Sengele,101A,Expression of Pronominal Subjects,Subject affixes on verb,Mangulu-2001[passim],
101A-wrb,wrb,Warrnambool,101A,Expression of Pronominal Subjects,Subject clitics on variable host,Blake-2003[38],
101A-yao,yao,Yao (in Malawi),101A,Expression of Pronominal Subjects,Subject affixes on verb,Whiteley-1966[56],
101A-cln,cln,Cholón,101A,Expression of Pronominal Subjects,Subject affixes on verb,Adelaar-2004[passim];Alexander-Bakkerus-2005[ 197ff],
101A-esm,esm,Esmeraldeño,101A,Expression of Pronominal Subjects,Subject affixes on verb,Adelaar-2004[156],
101A-lmb,lmb,Lamba,101A,Expression of Pronominal Subjects,Subject pronouns in different position,Doke-1922[43],
101A-mbl,mbl,Mbole,101A,Expression of Pronominal Subjects,Subject affixes on verb,De-Rop-1971[56],
101A-rru,rru,Runyoro-Rutooro,101A,Expression of Pronominal Subjects,Subject affixes on verb,Rubongoya-1999[passim],
101A-aja,aja,Aja,101A,Expression of Pronominal Subjects,Subject affixes on verb,Santandrea-1976[146],
101A-dhi,dhi,Dhivehi,101A,Expression of Pronominal Subjects,Subject affixes on verb,Cain-and-Gair-2000[37],
101A-gwo,gwo,Gworok,101A,Expression of Pronominal Subjects,Subject pronouns in different position,Adwiraah-1989[passim],
101A-heh,heh,Hehe,101A,Expression of Pronominal Subjects,Subject affixes on verb,Velten-1899a[179],
101A-luc,luc,Lucazi,101A,Expression of Pronominal Subjects,Subject affixes on verb,Fleisch-2001[117],
101A-nnd,nnd,Nend,101A,Expression of Pronominal Subjects,Subject affixes on verb,Harris-1990[119],
101A-tsz,tsz,Tsez,101A,Expression of Pronominal Subjects,Subject affixes on verb,Alekseev-and-Radzhabov-2004[ 149],
101A-blz,blz,Balanta,101A,Expression of Pronominal Subjects,Subject affixes on verb,Fudemann-1999[55],
101A-kby,kby,Kabiyé,101A,Expression of Pronominal Subjects,Optional pronouns in subject position,Lebikaza-1999[456],
101A-kdw,kdw,Kadiwéu,101A,Expression of Pronominal Subjects,Subject affixes on verb,Sandalo-1997[36],
101A-lgi,lgi,Langi,101A,Expression of Pronominal Subjects,Subject affixes on verb,Seidel-1898[399],
101A-leg,leg,Lega,101A,Expression of Pronominal Subjects,Subject affixes on verb,Meeussen-1971[438],
101A-ngj,ngj,Ngadjumaja,101A,Expression of Pronominal Subjects,Obligatory pronouns in subject position,von-Brandenstein-1980[16],
101A-ory,ory,Orya,101A,Expression of Pronominal Subjects,Subject pronouns in different position,Fields-1997[263],
101A-tiv,tiv,Tiv,101A,Expression of Pronominal Subjects,Subject pronouns in different position,Abraham-1940[25],
101A-wir,wir,Wirangu,101A,Expression of Pronominal Subjects,Optional pronouns in subject position,Hercus-1999a[96],
101A-bob,bob,Bobangi,101A,Expression of Pronominal Subjects,Subject affixes on verb,Whitehead-1899[60],
101A-kyr,kyr,Karkar-Yuri,101A,Expression of Pronominal Subjects,Obligatory pronouns in subject position,Rigden-nd-a[passim],
101A-kga,kga,Kinga,101A,Expression of Pronominal Subjects,Subject affixes on verb,Wolff-1905[passim],
101A-kwz,kwz,Kwaza,101A,Expression of Pronominal Subjects,Subject affixes on verb,van-der-Voort-2004[ passim],
101A-mua,mua,Makua,101A,Expression of Pronominal Subjects,Subject affixes on verb,Woodward-1926[281],
101A-nal,nal,Nalik,101A,Expression of Pronominal Subjects,Subject pronouns in different position,Volker-1998[46],
101A-shm,shm,Shambala,101A,Expression of Pronominal Subjects,Subject affixes on verb,Besha-1993[passim],
101A-ven,ven,Venda,101A,Expression of Pronominal Subjects,Subject affixes on verb,Poulos-1990[98],
101A-wai,wai,Wai Wai,101A,Expression of Pronominal Subjects,Subject affixes on verb,Hawkins-1998[81ff.],
101A-amx,amx,Anamuxra,101A,Expression of Pronominal Subjects,Subject affixes on verb,Ingram-2001,
101A-bas,bas,Basaá,101A,Expression of Pronominal Subjects,Obligatory pronouns in subject position,Schurle-1912[passim],
101A-bem,bem,Bemba,101A,Expression of Pronominal Subjects,Subject affixes on verb,van-Sambeek-1955[43],
101A-kgr,kgr,Kagulu,101A,Expression of Pronominal Subjects,Subject affixes on verb,Last-1886[57],
101A-mtb,mtb,Matuumbi,101A,Expression of Pronominal Subjects,Subject affixes on verb,Odden-1996[71],
101A-mus,mus,Mussau,101A,Expression of Pronominal Subjects,Subject pronouns in different position,Ross-2002b[ 161],
101A-nse,nse,Nsenga,101A,Expression of Pronominal Subjects,Subject affixes on verb,Ranger-1928[63],
101A-nyn,nyn,Nyigina,101A,Expression of Pronominal Subjects,Subject affixes on verb,"Stokes-1982[39, 233]",
101A-pam,pam,Pame,101A,Expression of Pronominal Subjects,Obligatory pronouns in subject position,"Manrique-1967[344, 347]",
101A-ron,ron,Ron,101A,Expression of Pronominal Subjects,Subject pronouns in different position,Seibert-1998[passim],
101A-snn,snn,Soninke,101A,Expression of Pronominal Subjects,Obligatory pronouns in subject position,Diagana-1995[passim],
101A-wth,wth,Wathawurrung,101A,Expression of Pronominal Subjects,Subject clitics on variable host,Blake-et-al-1998a[77],
101A-bbl,bbl,Babole,101A,Expression of Pronominal Subjects,Subject affixes on verb,Leitch-1994[191],
101A-bku,bku,Bakueri,101A,Expression of Pronominal Subjects,Subject affixes on verb,Kagaya-1992[31],
101A-gaa,gaa,Gaagudju,101A,Expression of Pronominal Subjects,Subject affixes on verb,Harvey-2002[207],
101A-ige,ige,Igede,101A,Expression of Pronominal Subjects,Subject affixes on verb,Bergman-1981[9],
101A-kae,kae,Kaki Ae,101A,Expression of Pronominal Subjects,Subject affixes on verb,Clifton-1997[34],
101A-nya,nya,Nyawaygi,101A,Expression of Pronominal Subjects,Obligatory pronouns in subject position,Dixon-1983[passim],
101A-sob,sob,Sobei,101A,Expression of Pronominal Subjects,Subject affixes on verb,Sterner-and-Ross-2002[ 178],
101A-srb,srb,Sorbian,101A,Expression of Pronominal Subjects,Subject affixes on verb,Stone-1993[656],
101A-toz,toz,Tonga (in Zambia),101A,Expression of Pronominal Subjects,Subject affixes on verb,Collins-1962[32],
101A-wed,wed,Wedau,101A,Expression of Pronominal Subjects,Subject pronouns in different position,King-1901a[11],
101A-ble,ble,Baule,101A,Expression of Pronominal Subjects,Subject pronouns in different position,Carteron-1972[41],
101A-bnb,bnb,Bunuba,101A,Expression of Pronominal Subjects,Subject affixes on verb,Rumsey-2000[50],
101A-cld,cld,Chaldean (Modern),101A,Expression of Pronominal Subjects,Subject affixes on verb,Sara-1974[68],
101A-grg,grg,Gurr-goni,101A,Expression of Pronominal Subjects,Subject affixes on verb,Green-1995[162-169],
101A-hei,hei,Heiltsuk,101A,Expression of Pronominal Subjects,Subject clitics on variable host,Rath-1981[passim],
101A-isa,isa,I'saka,101A,Expression of Pronominal Subjects,Subject affixes on verb,Donohue-and-San-Roque-2002[52],
101A-kba,kba,Kamba,101A,Expression of Pronominal Subjects,Subject affixes on verb,Whiteley-and-Muli-1962[18],
101A-knw,knw,Konkow,101A,Expression of Pronominal Subjects,Subject clitics on variable host,Ultan-1967[102-105],
101A-ldo,ldo,Londo,101A,Expression of Pronominal Subjects,Subject affixes on verb,Kuperus-1985[129],
101A-mzh,mzh,Mazatec (Huautla),101A,Expression of Pronominal Subjects,Subject affixes on verb,Pike-1967[324],
101A-mki,mki,Mikasuki,101A,Expression of Pronominal Subjects,Subject affixes on verb,Boynton-1982[113],
101A-mof,mof,Mofu-Gudur,101A,Expression of Pronominal Subjects,Subject pronouns in different position,Barreteau-1988[50],
101A-pra,pra,Prasuni,101A,Expression of Pronominal Subjects,Subject affixes on verb,"Morgenstierne-1949[234, 236]",
101A-stn,stn,Sotho (Northern),101A,Expression of Pronominal Subjects,Subject affixes on verb,Louwrens-et-al-1995[44],
101A-tbw,tbw,Tabwa,101A,Expression of Pronominal Subjects,Subject affixes on verb,de-Beerst-1896[300-302],
101A-taf,taf,Taiof,101A,Expression of Pronominal Subjects,Obligatory pronouns in subject position,Ross-2002g[436],
101A-tgh,tgh,Tuareg (Ghat),101A,Expression of Pronominal Subjects,Subject affixes on verb,Nehlil-1909[41],
101A-tnk,tnk,Tungak,101A,Expression of Pronominal Subjects,Subject pronouns in different position,Fast-1990[passim],
101A-yah,yah,Yahgan,101A,Expression of Pronominal Subjects,Mixed,Adelaar-2004[575],
101A-all,all,Ala'ala,101A,Expression of Pronominal Subjects,Subject affixes on verb,Symonds-1989[17],
101A-bid,bid,Bidiya,101A,Expression of Pronominal Subjects,Mixed,Alio-1986[195],
101A-bin,bin,Binandere,101A,Expression of Pronominal Subjects,Subject affixes on verb,Wilson-1996[passim],
101A-lou,lou,Lou,101A,Expression of Pronominal Subjects,Subject pronouns in different position,Stutzman-1997[passim],
101A-msc,msc,Muisca,101A,Expression of Pronominal Subjects,Subject affixes on verb,Adelaar-2004[passim],
101A-sgu,sgu,Sangu,101A,Expression of Pronominal Subjects,Subject affixes on verb,Idiata-1998[passim],
101A-trr,trr,Tairora,101A,Expression of Pronominal Subjects,Subject affixes on verb,Vincent-1973b[563];Vincent-1973a[535],
101A-tgn,tgn,Tugun,101A,Expression of Pronominal Subjects,Subject affixes on verb,Hinton-1991[76],
101A-bus,bus,Busa,101A,Expression of Pronominal Subjects,Obligatory pronouns in subject position,Wedekind-1972[passim],
101A-cav,cav,Cavineña,101A,Expression of Pronominal Subjects,Mixed,Guillaume-2004[ 76-79],
101A-dha,dha,Dhaasanac,101A,Expression of Pronominal Subjects,Mixed,Tosco-2001[258-266],
101A-kel,kel,Kele,101A,Expression of Pronominal Subjects,Obligatory pronouns in subject position,Ross-2002k[ 142],
101A-ksa,ksa,Keresan (Santa Ana),101A,Expression of Pronominal Subjects,Subject affixes on verb,Davis-1960[118];Davis-1964[128],
101A-lml,lml,Limilngan,101A,Expression of Pronominal Subjects,Subject affixes on verb,Harvey-2001[80],
101A-mek,mek,Mekens,101A,Expression of Pronominal Subjects,Mixed,Galucio-2001[80],
101A-mpu,mpu,Mpur,101A,Expression of Pronominal Subjects,Subject affixes on verb,Ode-2002[52],
101A-sap,sap,Sapuan,101A,Expression of Pronominal Subjects,Optional pronouns in subject position,Jacq-and-Sidwell-1999[16],
101A-sgb,sgb,Sougb,101A,Expression of Pronominal Subjects,Subject affixes on verb,"Reesink-2002[203, 206-207]",
101A-thy,thy,Kuuk Thaayorre,101A,Expression of Pronominal Subjects,Obligatory pronouns in subject position,,
101A-tmc,tmc,Timucua,101A,Expression of Pronominal Subjects,Subject affixes on verb,Granberry-1993[84],
101A-wrm,wrm,Warembori,101A,Expression of Pronominal Subjects,Subject affixes on verb,Donohue-1999b[11],
101A-bvi,bvi,Bali-Vitu,101A,Expression of Pronominal Subjects,Subject pronouns in different position,Ross-2002c[374],
101A-chx,chx,Chontal (Huamelultec Oaxaca),101A,Expression of Pronominal Subjects,Subject affixes on verb,Waterhouse-1967[359],
101A-cro,cro,Crow,101A,Expression of Pronominal Subjects,Subject affixes on verb,Lowie-1941[34],
101A-dim,dim,Dime,101A,Expression of Pronominal Subjects,Subject affixes on verb,Fleming-1990[522],
101A-ene,ene,Enets,101A,Expression of Pronominal Subjects,Subject affixes on verb,Kunnap-1999a[37],
101A-ken,ken,Kenga,101A,Expression of Pronominal Subjects,Mixed,Vandame-1968[35],
101A-nag,nag,Nagatman,101A,Expression of Pronominal Subjects,Subject affixes on verb,Campbell-and-Campbell-1987[37],
101A-nsn,nsn,Nisenan,101A,Expression of Pronominal Subjects,Mixed,Eatough-1999[passim],
101A-osa,osa,Osage,101A,Expression of Pronominal Subjects,Subject affixes on verb,,
101A-pre,pre,Pare,101A,Expression of Pronominal Subjects,Subject affixes on verb,Kotz-1964[7-9];Kagaya-1989[26],
101A-rov,rov,Roviana,101A,Expression of Pronominal Subjects,Obligatory pronouns in subject position,Corston-Oliver-2002[passim],
101A-tte,tte,Tutelo,101A,Expression of Pronominal Subjects,Subject affixes on verb,Oliverio-1996[63],
101A-usr,usr,Usarufa,101A,Expression of Pronominal Subjects,Subject affixes on verb,Bee-1973[253],
101A-yal,yal,Yale (Kosarek),101A,Expression of Pronominal Subjects,Subject affixes on verb,"Heeschen-1992[24, 27]",
101A-aml,aml,Ambae (Lolovoli Northeast),101A,Expression of Pronominal Subjects,Subject pronouns in different position,Hyslop-2001[passim],
101A-apw,apw,Apache (Western),101A,Expression of Pronominal Subjects,Subject affixes on verb,Edgerton-1963[103],
101A-awa,awa,Awa,101A,Expression of Pronominal Subjects,Subject affixes on verb,"Loving-and-McKaughan-1973[37, 39]",
101A-bnn,bnn,Banoni,101A,Expression of Pronominal Subjects,Subject pronouns in different position,Lincoln-1976[74],
101A-bsh,bsh,Bushoong,101A,Expression of Pronominal Subjects,Subject affixes on verb,Edmiston-1932[183],
101A-cea,cea,Cree (Swampy),101A,Expression of Pronominal Subjects,Subject clitics on variable host,Ellis-1975[passim],
101A-dom,dom,Domari,101A,Expression of Pronominal Subjects,Subject affixes on verb,"Macalister-1914[27, 29]",
101A-gah,gah,Gahuku,101A,Expression of Pronominal Subjects,Subject affixes on verb,Deibler-1976[8],
101A-hya,hya,Haya,101A,Expression of Pronominal Subjects,Subject affixes on verb,Byarushengo-1977[11],
101A-ila,ila,Ila,101A,Expression of Pronominal Subjects,Subject affixes on verb,Smith-1907[80],
101A-mas,mas,Masa,101A,Expression of Pronominal Subjects,Optional pronouns in subject position,Caitucoli-1986[passim],
101A-mea,mea,Meyah,101A,Expression of Pronominal Subjects,Subject affixes on verb,"Gravelle-2004[ 70];Gravelle-2002[123, 130]",
101A-pwn,pwn,Pawnee,101A,Expression of Pronominal Subjects,Subject affixes on verb,Parks-1976[164],
101A-shp,shp,Sahaptin (Northern),101A,Expression of Pronominal Subjects,Mixed,"Jacobs-1931[142, 143-144]",
101A-tnc,tnc,Tanacross,101A,Expression of Pronominal Subjects,Subject affixes on verb,"Holton-2000[206, 278]",
101A-tob,tob,Toba,101A,Expression of Pronominal Subjects,Subject affixes on verb,"Klein-1973[81, 111-114];Klein-2001[30]",
101A-tkm,tkm,Turkmen,101A,Expression of Pronominal Subjects,Subject affixes on verb,Clark-1998b[214],
101A-wrw,wrw,Warrwa,101A,Expression of Pronominal Subjects,Subject affixes on verb,McGregor-1994[41],
101A-bgr,bgr,Bagiro,101A,Expression of Pronominal Subjects,Subject affixes on verb,"Boyeldieu-2000[155, 159-167]",
101A-cde,cde,Carib (De'kwana),101A,Expression of Pronominal Subjects,Subject affixes on verb,Hall-1988[passim],
101A-goe,goe,Goemai,101A,Expression of Pronominal Subjects,Optional pronouns in subject position,Hellwig-2003[41],
101A-hma,hma,Hmar,101A,Expression of Pronominal Subjects,Subject pronouns in different position,Dutta-Baruah-and-Bapui-1996[passim],
101A-kms,kms,Kamass,101A,Expression of Pronominal Subjects,Subject affixes on verb,Kunnap-1999b[21],
101A-kxo,kxo,Kxoe,101A,Expression of Pronominal Subjects,Optional pronouns in subject position,Kohler-1981[546],
101A-laa,laa,Laal,101A,Expression of Pronominal Subjects,Obligatory pronouns in subject position,Boyeldieu-1982[passim],
101A-mpr,mpr,Maipure,101A,Expression of Pronominal Subjects,Subject affixes on verb,Zamponi-2003a[23],
101A-mbt,mbt,Mangbetu,101A,Expression of Pronominal Subjects,Subject affixes on verb,Tucker-and-Bryan-1966[33],
101A-mbr,mbr,Mbara,101A,Expression of Pronominal Subjects,Subject pronouns in different position,Tourneux-et-al-1986[passim],
101A-mlm,mlm,Mlabri (Minor),101A,Expression of Pronominal Subjects,Optional pronouns in subject position,Rischel-1995[171],
101A-oro,oro,Orokaiva,101A,Expression of Pronominal Subjects,Subject affixes on verb,"Healey-et-al-1969[35, 40]",
101A-tbl,tbl,Tabla,101A,Expression of Pronominal Subjects,Obligatory pronouns in subject position,Abisay-et-al-1983[11],
101A-ura,ura,Ura,101A,Expression of Pronominal Subjects,Subject affixes on verb,Crowley-1999[184],
101A-aar,aar,Aari,101A,Expression of Pronominal Subjects,Subject affixes on verb,Hayward-1990a[474],
101A-aga,aga,Agarabi,101A,Expression of Pronominal Subjects,Subject affixes on verb,Goddard-1967[19],
101A-agt,agt,Anguthimri,101A,Expression of Pronominal Subjects,Obligatory pronouns in subject position,Crowley-1981[passim],
101A-bmb,bmb,Bimoba,101A,Expression of Pronominal Subjects,Obligatory pronouns in subject position,Jacobs-1970[198],
101A-bum,bum,Buma,101A,Expression of Pronominal Subjects,Subject affixes on verb,Tryon-2002[582],
101A-cai,cai,Chai,101A,Expression of Pronominal Subjects,Subject affixes on verb,Last-and-Lucassen-1998[396],
101A-fri,fri,Frisian,101A,Expression of Pronominal Subjects,Obligatory pronouns in subject position,Tiersma-1985[69],
101A-gln,gln,Golin,101A,Expression of Pronominal Subjects,Subject affixes on verb,Bunn-1974[21],
101A-gul,gul,Gula (in Central African Republic),101A,Expression of Pronominal Subjects,Subject affixes on verb,Nougayrol-1999[124],
101A-jam,jam,Jaminjung,101A,Expression of Pronominal Subjects,Subject affixes on verb,Schultze-Berndt-2000[85],
101A-kau,kau,Kaulong,101A,Expression of Pronominal Subjects,Mixed,Ross-2002i[389],
101A-koe,koe,Koegu,101A,Expression of Pronominal Subjects,Subject affixes on verb,Hieda-1998[360],
101A-kkt,kkt,Kokota,101A,Expression of Pronominal Subjects,Subject pronouns in different position,Palmer-2002[passim],
101A-kyk,kyk,Kyaka,101A,Expression of Pronominal Subjects,Subject affixes on verb,Draper-and-Draper-2002[9],
101A-mlu,mlu,Maleu,101A,Expression of Pronominal Subjects,Subject affixes on verb,Haywood-1996[150],
101A-ngo,ngo,Ngoni,101A,Expression of Pronominal Subjects,Subject affixes on verb,Ngonyani-2003[52],
101A-nha,nha,Nhanda,101A,Expression of Pronominal Subjects,Subject clitics on variable host,Blevins-2001[passim],
101A-rit,rit,Ritharngu,101A,Expression of Pronominal Subjects,Subject clitics on variable host,Heath-1980a[88],
101A-rum,rum,Rumu,101A,Expression of Pronominal Subjects,Optional pronouns in subject position,Petterson-1999[passim],
101A-run,run,Runga,101A,Expression of Pronominal Subjects,Subject affixes on verb,Nougayrol-1989[53-55],
101A-tlo,tlo,Tobelo,101A,Expression of Pronominal Subjects,Subject affixes on verb,Holton-2003[37],
101A-ang,ang,Anggor,101A,Expression of Pronominal Subjects,Subject affixes on verb,Litteral-1972[passim];Litteral-1980[ 53-61],
101A-arq,arq,Arabic (Iraqi),101A,Expression of Pronominal Subjects,Subject affixes on verb,Erwin-1963[84],
101A-ass,ass,Assamese,101A,Expression of Pronominal Subjects,Subject affixes on verb,Goswami-and-Tamuli-2003[422],
101A-hnd,hnd,Hunde,101A,Expression of Pronominal Subjects,Subject affixes on verb,Kahombo-1992[45-48],
101A-kwn,kwn,Kwangali,101A,Expression of Pronominal Subjects,Subject affixes on verb,Dammann-1957[51-59],
101A-let,let,Leti,101A,Expression of Pronominal Subjects,Subject affixes on verb,van-Engelenhoven-1995[127],
101A-mae,mae,Mae,101A,Expression of Pronominal Subjects,Subject pronouns in different position,Capell-1962a[25],
101A-nhm,nhm,Nahuatl (Michoacán),101A,Expression of Pronominal Subjects,Subject affixes on verb,Sischo-1979[351],
101A-nph,nph,Nar-Phu,101A,Expression of Pronominal Subjects,Optional pronouns in subject position,Noonan-2003a[passim],
101A-pkt,pkt,Pokot,101A,Expression of Pronominal Subjects,Subject affixes on verb,"Crazzolara-1978[77-78, 81];Tucker-and-Bryan-1966[469-470]",
101A-rny,rny,Runyankore,101A,Expression of Pronominal Subjects,Subject affixes on verb,Morris-and-Kirwan-1972[128],
101A-sak,sak,Sakao,101A,Expression of Pronominal Subjects,Subject affixes on verb,Guy-1974a[45-46],
101A-sis,sis,Sisiqa,101A,Expression of Pronominal Subjects,Obligatory pronouns in subject position,Ross-2002l[462],
101A-zay,zay,Zayse,101A,Expression of Pronominal Subjects,Subject affixes on verb,"Hayward-1990b[270, 302-308]",
101A-bil,bil,Bilua,101A,Expression of Pronominal Subjects,Subject clitics on variable host,Obata-2003,
101A-bii,bii,Biri,101A,Expression of Pronominal Subjects,Subject affixes on verb,Terrill-1998[25],
101A-chg,chg,Chang,101A,Expression of Pronominal Subjects,Optional pronouns in subject position,Hutton-1987[passim],
101A-chs,chs,Chin (Siyin),101A,Expression of Pronominal Subjects,Subject pronouns in different position,Naylor-1925[passim],
101A-grj,grj,Guarijío,101A,Expression of Pronominal Subjects,Subject clitics on variable host,Miller-1996a[76],
101A-juk,juk,Jukun,101A,Expression of Pronominal Subjects,Obligatory pronouns in subject position,Shimuzu-1980[passim],
101A-kaa,kaa,Karó (Arára),101A,Expression of Pronominal Subjects,Mixed,Gabas-1999[passim],
101A-maj,maj,Majang,101A,Expression of Pronominal Subjects,Subject affixes on verb,Unseth-1989[102],
101A-mlg,mlg,Malgwa,101A,Expression of Pronominal Subjects,Mixed,Lohr-2002[121],
101A-mwb,mwb,Manobo (Western Bukidnon),101A,Expression of Pronominal Subjects,Obligatory pronouns in subject position,Elkins-1970[66-67],
101A-mee,mee,Me'en,101A,Expression of Pronominal Subjects,Subject affixes on verb,Will-1989[140-141],
101A-nhh,nhh,Nahuatl (Huasteca),101A,Expression of Pronominal Subjects,Subject affixes on verb,Beller-and-Beller-1979[269],
101A-nwd,nwd,Newar (Dolakha),101A,Expression of Pronominal Subjects,Subject affixes on verb,,
101A-ntj,ntj,Ngaanyatjarra,101A,Expression of Pronominal Subjects,Mixed,Douglas-1964[passim],
101A-nym,nym,Nyamwezi,101A,Expression of Pronominal Subjects,Subject affixes on verb,Maganga-and-Schadeberg-1992[97],
101A-ocu,ocu,Ocuilteco,101A,Expression of Pronominal Subjects,Subject affixes on verb,Muntzel-1986[138],
101A-sdw,sdw,Sandawe,101A,Expression of Pronominal Subjects,Obligatory pronouns in subject position,Eaton-2008[ 127],
101A-sar,sar,Sare,101A,Expression of Pronominal Subjects,Subject affixes on verb,Sumbuk-2002,
101A-uld,uld,Uldeme,101A,Expression of Pronominal Subjects,Subject affixes on verb,de-Colombel-1997[51],
101A-uyg,uyg,Uyghur,101A,Expression of Pronominal Subjects,Obligatory pronouns in subject position,Hahn-1998[394],
101A-wal,wal,Walman,101A,Expression of Pronominal Subjects,Subject affixes on verb,,
101A-yng,yng,Yingkarta,101A,Expression of Pronominal Subjects,Subject clitics on variable host,Dench-1998[passim],
101A-acg,acg,Achagua,101A,Expression of Pronominal Subjects,Subject affixes on verb,Wilson-and-Levinsohn-1992[6],
101A-amq,amq,Ambai,101A,Expression of Pronominal Subjects,Subject affixes on verb,Silzer-1983[141],
101A-gjj,gjj,Guajajara,101A,Expression of Pronominal Subjects,Subject affixes on verb,"Bendor-Samuel-1972[83, 86-90]",
101A-ifu,ifu,Ifugao (Batad),101A,Expression of Pronominal Subjects,Subject affixes on verb,Newell-1993[passim],
101A-kre,kre,Kresh,101A,Expression of Pronominal Subjects,Subject affixes on verb,"Santandrea-1976[59, 100]",
101A-lgu,lgu,Longgu,101A,Expression of Pronominal Subjects,Subject pronouns in different position,Hill-2002[passim],
101A-mut,mut,Mutsun,101A,Expression of Pronominal Subjects,Subject clitics on variable host,Okrand-1977[passim],
101A-nam,nam,Namia,101A,Expression of Pronominal Subjects,Obligatory pronouns in subject position,Feldpausch-and-Feldpausch-1992[passim],
101A-ndb,ndb,Ndebele (in South Africa),101A,Expression of Pronominal Subjects,Subject affixes on verb,Ziervogel-1959[133];Bowern-and-Lotridge-2002[32],
101A-olo,olo,Olo,101A,Expression of Pronominal Subjects,Subject affixes on verb,Staley-1995[16],
101A-pga,pga,Pilagá,101A,Expression of Pronominal Subjects,Subject affixes on verb,Vidal-2001[132],
101A-tim,tim,Timugon,101A,Expression of Pronominal Subjects,Optional pronouns in subject position,Prentice-1971[passim],
101A-xho,xho,Xhosa,101A,Expression of Pronominal Subjects,Subject pronouns in different position,"McLaren-1939[40, 42]",
101A-zap,zap,Zapotec (Mitla),101A,Expression of Pronominal Subjects,Subject affixes on verb,Briggs-1961[63-65],
101A-brf,brf,Berber (Rif),101A,Expression of Pronominal Subjects,Subject affixes on verb,Kossmann-2000[54],
101A-chn,chn,Chantyal,101A,Expression of Pronominal Subjects,Optional pronouns in subject position,Noonan-2003b[334],
101A-gur,gur,Gurung,101A,Expression of Pronominal Subjects,Optional pronouns in subject position,Glover-1974[passim],
101A-izi,izi,Izi,101A,Expression of Pronominal Subjects,Subject affixes on verb,Meier-et-al-1975[236],
101A-krw,krw,Korowai,101A,Expression of Pronominal Subjects,Subject affixes on verb,van-Enk-and-de-Vries-1997[90],
101A-lil,lil,Lillooet,101A,Expression of Pronominal Subjects,Subject affixes on verb,van-Eijk-1997[163],
101A-mny,mny,Margany,101A,Expression of Pronominal Subjects,Obligatory pronouns in subject position,Breen-1981a[passim],
101A-nab,nab,Nabak,101A,Expression of Pronominal Subjects,Subject affixes on verb,Fabian-et-al-1998[40],
101A-tep,tep,Tepehua (Tlachichilco),101A,Expression of Pronominal Subjects,Subject affixes on verb,Watters-1988[289],
101A-wat,wat,Watjarri,101A,Expression of Pronominal Subjects,Subject clitics on variable host,Douglas-1981[passim],
101A-way,way,Wayampi,101A,Expression of Pronominal Subjects,Subject affixes on verb,Grenand-1980[68],
101A-aln,aln,Alune,101A,Expression of Pronominal Subjects,Mixed,Niggemeyer-1951[56],
101A-ane,ane,Anêm,101A,Expression of Pronominal Subjects,Subject affixes on verb,Thurston-1982[41-42],
101A-cem,cem,Cèmuhî,101A,Expression of Pronominal Subjects,Subject pronouns in different position,Lynch-2002c[passim],
101A-chh,chh,Chaha,101A,Expression of Pronominal Subjects,Subject affixes on verb,Leslau-1950[28-29],
101A-dga,dga,Dagaare,101A,Expression of Pronominal Subjects,Obligatory pronouns in subject position,Bodomo-1997[passim],
101A-efi,efi,Efik,101A,Expression of Pronominal Subjects,Subject affixes on verb,Welmers-1968a[7],
101A-ga,ga,Gã,101A,Expression of Pronominal Subjects,Subject affixes on verb,Ablorh-Odjidja-1968[passim],
101A-gmz,gmz,Gumuz,101A,Expression of Pronominal Subjects,Subject affixes on verb,"Bender-1979[49];Uzar-1989[371-373, 376]",
101A-lal,lal,Lalo,101A,Expression of Pronominal Subjects,Optional pronouns in subject position,Bjorverud-1998[passim],
101A-lmn,lmn,Lamani,101A,Expression of Pronominal Subjects,Mixed,"Trail-1970[102, 145]",
101A-lbu,lbu,Lunda,101A,Expression of Pronominal Subjects,Subject affixes on verb,Kawasha-2003[147],
101A-ndj,ndj,Ndjébbana,101A,Expression of Pronominal Subjects,Subject affixes on verb,McKay-2000[218],
101A-nyu,nyu,Nyulnyul,101A,Expression of Pronominal Subjects,Subject affixes on verb,McGregor-1996[40],
101A-obg,obg,Ogbronuagum,101A,Expression of Pronominal Subjects,Subject affixes on verb,Kari-2000[passim],
101A-ten,ten,Tennet,101A,Expression of Pronominal Subjects,Subject affixes on verb,Randal-1998[231],
101A-tes,tes,Teso,101A,Expression of Pronominal Subjects,Subject affixes on verb,Hilders-and-Lawrance-1956[9-11],
101A-acl,acl,Acholi,101A,Expression of Pronominal Subjects,Subject affixes on verb,Crazzolara-1955[65],
101A-ath,ath,Athpare,101A,Expression of Pronominal Subjects,Subject affixes on verb,"Ebert-1997b[23ff., 160ff.]",
101A-chi,chi,Chimariko,101A,Expression of Pronominal Subjects,Subject affixes on verb,Dixon-1910[passim],
101A-fua,fua,Fula (Cameroonian),101A,Expression of Pronominal Subjects,Subject affixes on verb,Stennes-1967[106-107],
101A-ito,ito,Itonama,101A,Expression of Pronominal Subjects,Subject affixes on verb,Camp-and-Liccardi-1967[passim],
101A-kik,kik,Kikuyu,101A,Expression of Pronominal Subjects,Subject affixes on verb,Barlow-1960[70],
101A-mdn,mdn,Mandan,101A,Expression of Pronominal Subjects,Subject affixes on verb,Kennard-1936[9],
101A-mon,mon,Mon,101A,Expression of Pronominal Subjects,Optional pronouns in subject position,Bauer-1982a[passim],
101A-mou,mou,Moru,101A,Expression of Pronominal Subjects,Subject affixes on verb,Tucker-and-Bryan-1966[47],
101A-mgu,mgu,Musgu,101A,Expression of Pronominal Subjects,Subject pronouns in different position,Meyer-Bahlburg-1972[113-115],
101A-nue,nue,Nuer,101A,Expression of Pronominal Subjects,Subject affixes on verb,Crazzolara-1933[102],
101A-pkn,pkn,Paakantyi,101A,Expression of Pronominal Subjects,Subject affixes on verb,Hercus-1982[159],
101A-pul,pul,Puluwat,101A,Expression of Pronominal Subjects,Subject pronouns in different position,Elbert-1974[passim],
101A-tps,tps,Tepehuan (Southeastern),101A,Expression of Pronominal Subjects,Subject affixes on verb,Willett-1991[190],
101A-tus,tus,Tuscarora,101A,Expression of Pronominal Subjects,Subject affixes on verb,Williams-1976[39],
101A-url,url,Urak Lawoi',101A,Expression of Pronominal Subjects,Optional pronouns in subject position,Hogan-1988[passim],
101A-ywl,ywl,Yawelmani,101A,Expression of Pronominal Subjects,Subject affixes on verb,Newman-1944[passim],
101A-amb,amb,Ambulas,101A,Expression of Pronominal Subjects,Obligatory pronouns in subject position,Wilson-1980[passim],
101A-bln,bln,Bilin,101A,Expression of Pronominal Subjects,Subject affixes on verb,Reinisch-1882[105],
101A-cmy,cmy,Chontal Maya,101A,Expression of Pronominal Subjects,Subject affixes on verb,Knowles-1984[76-82],
101A-dig,dig,Digaro,101A,Expression of Pronominal Subjects,Subject affixes on verb,Sastry-1984[182],
101A-gim,gim,Gimira,101A,Expression of Pronominal Subjects,Subject pronouns in different position,Breeze-1990[30-31],
101A-jmo,jmo,Jur Mödö,101A,Expression of Pronominal Subjects,Subject affixes on verb,Persson-and-Persson-1991[13];Persson-1981[111],
101A-krr,krr,Kairiru,101A,Expression of Pronominal Subjects,Subject affixes on verb,Wivell-1981[95],
101A-knc,knc,Kugu Nganhcara,101A,Expression of Pronominal Subjects,Mixed,Smith-and-Johnson-2000[passim],
101A-mra,mra,Mara,101A,Expression of Pronominal Subjects,Subject affixes on verb,"Heath-1981[197-199, 206ff]",
101A-mka,mka,Mauka,101A,Expression of Pronominal Subjects,Obligatory pronouns in subject position,Ebermann-1986a[passim],
101A-plh,plh,Paulohi,101A,Expression of Pronominal Subjects,Subject affixes on verb,Stresemann-1918[28],
101A-src,src,Sarcee,101A,Expression of Pronominal Subjects,Subject affixes on verb,Cook-1984[126],
101A-any,any,Anywa,101A,Expression of Pronominal Subjects,Subject affixes on verb,Lusted-1976[505-506],
101A-blx,blx,Biloxi,101A,Expression of Pronominal Subjects,Subject affixes on verb,Einaudi-1976[68],
101A-cic,cic,Chichewa,101A,Expression of Pronominal Subjects,Subject affixes on verb,Bentley-and-Kulemeka-2001[14],
101A-cba,cba,Chumash (Barbareño),101A,Expression of Pronominal Subjects,Subject affixes on verb,Beeler-1976[255],
101A-emb,emb,Emberá (Northern),101A,Expression of Pronominal Subjects,Subject affixes on verb,Loewen-1958[passim],
101A-gds,gds,Gadsup,101A,Expression of Pronominal Subjects,Subject affixes on verb,Frantz-and-McKaughan-1973[440],
101A-krn,krn,Korana,101A,Expression of Pronominal Subjects,Subject clitics on variable host,Meinhof-1930[passim],
101A-meh,meh,Mehri,101A,Expression of Pronominal Subjects,Subject affixes on verb,Simeone-Senelle-1997[402],
101A-ses,ses,Sesotho,101A,Expression of Pronominal Subjects,Subject pronouns in different position,Paroz-1946[passim],
101A-sio,sio,Sio,101A,Expression of Pronominal Subjects,Subject affixes on verb,Clark-and-Clark-1987[53],
101A-uby,uby,Ubykh,101A,Expression of Pronominal Subjects,Subject affixes on verb,Charachidze-1989[384],
101A-wry,wry,Waray (in Australia),101A,Expression of Pronominal Subjects,Subject affixes on verb,"Harvey-1986[140, 167]",
101A-wrg,wrg,Warrgamay,101A,Expression of Pronominal Subjects,Optional pronouns in subject position,Dixon-1981[passim],
101A-yin,yin,Yindjibarndi,101A,Expression of Pronominal Subjects,Optional pronouns in subject position,"Wordick-1982[104, 129, 80]",
101A-bfg,bfg,Berber (Figuig),101A,Expression of Pronominal Subjects,Subject affixes on verb,Kossmann-1997[125],
101A-kmj,kmj,Karimojong,101A,Expression of Pronominal Subjects,Subject affixes on verb,"Novelli-1985[200, 231]",
101A-moo,moo,Mooré,101A,Expression of Pronominal Subjects,Obligatory pronouns in subject position,Lehr-et-al-1966[passim],
101A-moe,moe,Mordvin (Erzya),101A,Expression of Pronominal Subjects,Subject affixes on verb,Zaicz-1998[198-199],
101A-slb,slb,Saliba (in Papua New Guinea),101A,Expression of Pronominal Subjects,Subject affixes on verb,Margetts-1999b[24],
101A-slo,slo,Slovene,101A,Expression of Pronominal Subjects,Subject affixes on verb,Herrity-2000[90];Priestly-1993[437],
101A-taj,taj,Tajik,101A,Expression of Pronominal Subjects,Subject affixes on verb,Rastorgueva-1963[56],
101A-tmr,tmr,Temiar,101A,Expression of Pronominal Subjects,Subject affixes on verb,"Benjamin-1976[158-159, 183]",
101A-bud,bud,Buduma,101A,Expression of Pronominal Subjects,Mixed,Lukas-and-Nachtigal-1939[50-55],
101A-crn,crn,Cornish,101A,Expression of Pronominal Subjects,Subject affixes on verb,"Jenner-1904[118-119, 135, 137]",
101A-egn,egn,Engenni,101A,Expression of Pronominal Subjects,Obligatory pronouns in subject position,Thomas-1978[65],
101A-hmi,hmi,Huitoto (Minica),101A,Expression of Pronominal Subjects,Subject affixes on verb,Minor-et-al-1982[15],
101A-kku,kku,Korku,101A,Expression of Pronominal Subjects,Optional pronouns in subject position,Drake-1903[63-64],
101A-kmp,kmp,Kunimaipa,101A,Expression of Pronominal Subjects,Subject affixes on verb,Geary-1977[25-26],
101A-lmp,lmp,Lampung,101A,Expression of Pronominal Subjects,Optional pronouns in subject position,Walker-1976[12],
101A-llm,llm,Lelemi,101A,Expression of Pronominal Subjects,Subject affixes on verb,Hoftmann-1971[47],
101A-lin,lin,Lingala,101A,Expression of Pronominal Subjects,Subject affixes on verb,Meeuwis-1998[41],
101A-ndo,ndo,Ndonga,101A,Expression of Pronominal Subjects,Obligatory pronouns in subject position,Fivaz-1986[ 141-142];Viljoen-and-Amakali-1978[passim],
101A-naj,naj,Neo-Aramaic (Arbel Jewish),101A,Expression of Pronominal Subjects,Subject affixes on verb,"Khan-1999[313, 330]",
101A-nsg,nsg,Nisgha,101A,Expression of Pronominal Subjects,Subject pronouns in different position,"Tarpent-1987[334, 336]",
101A-nis,nis,Nyishi,101A,Expression of Pronominal Subjects,Optional pronouns in subject position,Tayeng-1990a[11],
101A-rut,rut,Rutul,101A,Expression of Pronominal Subjects,Subject affixes on verb,Alekseev-1994b[240],
101A-tar,tar,Tariana,101A,Expression of Pronominal Subjects,Subject affixes on verb,Aikhenvald-2003,
101A-yar,yar,Yareba,101A,Expression of Pronominal Subjects,Subject affixes on verb,Weimer-and-Weimer-1975[ 675],
101A-yuw,yuw,Yuwaalaraay,101A,Expression of Pronominal Subjects,Optional pronouns in subject position,Williams-1980a[passim],
101A-zai,zai,Zapotec (Isthmus),101A,Expression of Pronominal Subjects,Subject affixes on verb,Pickett-et-al-1998[29],
101A-arw,arw,Armenian (Western),101A,Expression of Pronominal Subjects,Subject affixes on verb,Gulian-1965[50-51],
101A-cti,cti,Chin (Tiddim),101A,Expression of Pronominal Subjects,Mixed,"Henderson-1965[32, 109]",
101A-hay,hay,Hayu,101A,Expression of Pronominal Subjects,Subject affixes on verb,Michailovsky-1988[200],
101A-jab,jab,Jabêm,101A,Expression of Pronominal Subjects,Subject affixes on verb,Dempwolff-1939[57],
101A-kma,kma,Kamaiurá,101A,Expression of Pronominal Subjects,Subject affixes on verb,Seki-2000[137-139],
101A-lda,lda,Luganda,101A,Expression of Pronominal Subjects,Subject affixes on verb,"Ashton-et-al-1954[32, 90-91]",
101A-nak,nak,Nakanai,101A,Expression of Pronominal Subjects,Optional pronouns in subject position,Johnston-1980[passim],
101A-plk,plk,Palikur,101A,Expression of Pronominal Subjects,Obligatory pronouns in subject position,Green-and-Green-1972[passim],
101A-sro,sro,Siroi,101A,Expression of Pronominal Subjects,Subject affixes on verb,Wells-1979[passim],
101A-sul,sul,Sulka,101A,Expression of Pronominal Subjects,Subject affixes on verb,Tharp-1996[90],
101A-anj,anj,Anejom,101A,Expression of Pronominal Subjects,Obligatory pronouns in subject position,Lynch-2000[114],
101A-asy,asy,Arabic (Syrian),101A,Expression of Pronominal Subjects,Subject affixes on verb,"Cowell-1964[418, 548]",
101A-bel,bel,Belhare,101A,Expression of Pronominal Subjects,Subject affixes on verb,Bickel-2003[551],
101A-brn,brn,Burunge,101A,Expression of Pronominal Subjects,Subject pronouns in different position,Kiessling-1994[122],
101A-gmw,gmw,Gumawana,101A,Expression of Pronominal Subjects,Subject affixes on verb,Olson-1988[58],
101A-krc,krc,Karachay-Balkar,101A,Expression of Pronominal Subjects,Subject affixes on verb,Seegmiller-1996[30],
101A-mad,mad,Ma'di,101A,Expression of Pronominal Subjects,Subject pronouns in different position,Tucker-and-Bryan-1966[42];Tucker-1967[137],
101A-mnm,mnm,Manam,101A,Expression of Pronominal Subjects,Subject affixes on verb,Gregersen-1976[ 101];Lichtenberk-1983[ 111],
101A-ndt,ndt,Ndut,101A,Expression of Pronominal Subjects,Obligatory pronouns in subject position,Morgan-1996[passim],
101A-nga,nga,Nganasan,101A,Expression of Pronominal Subjects,Subject affixes on verb,Helimski-1998a[502],
101A-obo,obo,Obolo,101A,Expression of Pronominal Subjects,Subject affixes on verb,"Faraclas-1984[9, 12]",
101A-udm,udm,Udmurt,101A,Expression of Pronominal Subjects,Subject affixes on verb,Tepljashina-1966[270-272],
101A-wol,wol,Woleaian,101A,Expression of Pronominal Subjects,Subject pronouns in different position,Sohn-1975[passim],
101A-bya,bya,Byansi,101A,Expression of Pronominal Subjects,Obligatory pronouns in subject position,Trivedi-1991[82ff],
101A-kmh,kmh,Kham,101A,Expression of Pronominal Subjects,Subject affixes on verb,Watters-1998[328],
101A-min,min,Minangkabau,101A,Expression of Pronominal Subjects,Optional pronouns in subject position,Moussay-1981[91],
101A-moh,moh,Mohawk,101A,Expression of Pronominal Subjects,Subject affixes on verb,Bonvillain-1973[66],
101A-nua,nua,Nuaulu,101A,Expression of Pronominal Subjects,Subject affixes on verb,Bolton-1990[36],
101A-ute,ute,Ute,101A,Expression of Pronominal Subjects,Subject clitics on variable host,Southern-Ute-Tribe-1980[308],
101A-gud,gud,Gude,101A,Expression of Pronominal Subjects,Obligatory pronouns in subject position,Hoskison-1983[passim],
101A-men,men,Menomini,101A,Expression of Pronominal Subjects,Subject clitics on variable host,"Bloomfield-1962[36ff., 57, 103, 104, 148]",
101A-nia,nia,Nias,101A,Expression of Pronominal Subjects,Mixed,Brown-2001,
101A-rem,rem,Remo,101A,Expression of Pronominal Subjects,Subject affixes on verb,Fernandez-1967[112],
101A-bla,bla,Blackfoot,101A,Expression of Pronominal Subjects,Subject clitics on variable host,Taylor-1969b[259-269],
101A-fut,fut,Futuna-Aniwa,101A,Expression of Pronominal Subjects,Subject pronouns in different position,Dougherty-1983[passim],
101A-kam,kam,Kambera,101A,Expression of Pronominal Subjects,Subject affixes on verb,Klamer-1998[62],
101A-msl,msl,Masalit,101A,Expression of Pronominal Subjects,Subject affixes on verb,Edgar-1989[74],
101A-nhn,nhn,Nahuatl (North Puebla),101A,Expression of Pronominal Subjects,Subject affixes on verb,Brockway-1979[170],
101A-ser,ser,Seri,101A,Expression of Pronominal Subjects,Subject affixes on verb,Marlett-1981[57-58],
101A-vai,vai,Vai,101A,Expression of Pronominal Subjects,Obligatory pronouns in subject position,Welmers-1976[passim],
101A-wrl,wrl,Warlpiri,101A,Expression of Pronominal Subjects,Subject clitics on variable host,Capell-1962b[passim],
101A-gum,gum,Gumbaynggir,101A,Expression of Pronominal Subjects,Optional pronouns in subject position,Eades-1979[passim],
101A-gwa,gwa,Gwari,101A,Expression of Pronominal Subjects,Obligatory pronouns in subject position,Hyman-and-Magaji-1970[passim],
101A-kgz,kgz,Kirghiz,101A,Expression of Pronominal Subjects,Subject affixes on verb,Hebert-and-Poppe-1963[15],
101A-kmb,kmb,Kombai,101A,Expression of Pronominal Subjects,Subject affixes on verb,de-Vries-1989[145-147],
101A-lon,lon,Loniu,101A,Expression of Pronominal Subjects,Subject pronouns in different position,Hamel-1985[166],
101A-niu,niu,Niuean,101A,Expression of Pronominal Subjects,Optional pronouns in subject position,Seiter-1980[51],
101A-pno,pno,Paiute (Northern),101A,Expression of Pronominal Subjects,Obligatory pronouns in subject position,Snapp-et-al-1982[74-77],
101A-kan,kan,Kana,101A,Expression of Pronominal Subjects,Subject affixes on verb,Ikoro-1996[117-118],
101A-non,non,Noni,101A,Expression of Pronominal Subjects,Obligatory pronouns in subject position,Hyman-1981b[77],
101A-bco,bco,Bella Coola,101A,Expression of Pronominal Subjects,Subject affixes on verb,"Davis-and-Saunders-1978[63, 38];Davis-and-Saunders-1997[24]",
101A-cmh,cmh,Chemehuevi,101A,Expression of Pronominal Subjects,Subject clitics on variable host,Press-1979[77],
101A-ewo,ewo,Ewondo,101A,Expression of Pronominal Subjects,Subject affixes on verb,"Redden-1979[ 20, 81]",
101A-kwk,kwk,Kwakw'ala,101A,Expression of Pronominal Subjects,Subject affixes on verb,Boas-1911a[535],
101A-miz,miz,Mizo,101A,Expression of Pronominal Subjects,Subject pronouns in different position,Chhangte-1989[passim],
101A-ruk,ruk,Rukai (Tanan),101A,Expression of Pronominal Subjects,Subject affixes on verb,"Li-1973[78, 161]",
101A-wrk,wrk,Warekena,101A,Expression of Pronominal Subjects,Subject affixes on verb,Aikhenvald-1998[293],
101A-ata,ata,Atayal,101A,Expression of Pronominal Subjects,Subject clitics on variable host,Rau-1992[passim],
101A-bae,bae,Baré,101A,Expression of Pronominal Subjects,Subject affixes on verb,Aikhenvald-1996[27],
101A-chc,chc,Chechen,101A,Expression of Pronominal Subjects,Obligatory pronouns in subject position,,
101A-err,err,Erromangan,101A,Expression of Pronominal Subjects,Subject affixes on verb,Crowley-1998a[158],
101A-hua,hua,Hua,101A,Expression of Pronominal Subjects,Subject affixes on verb,Haiman-1980[passim],
101A-iba,iba,Iban,101A,Expression of Pronominal Subjects,Obligatory pronouns in subject position,Omar-1981[passim],
101A-jng,jng,Jingpho,101A,Expression of Pronominal Subjects,Optional pronouns in subject position,Hertz-1917[4],
101A-mme,mme,Mari (Meadow),101A,Expression of Pronominal Subjects,Subject affixes on verb,"Sebeok-and-Ingemann-1961[14, 18];Kangasmaa-Minn-1998[230]",
101A-mby,mby,Mbay,101A,Expression of Pronominal Subjects,Subject affixes on verb,Fortier-1971[30],
101A-ukr,ukr,Ukrainian,101A,Expression of Pronominal Subjects,Obligatory pronouns in subject position,Pugh-and-Press-1999[173],
101A-was,was,Washo,101A,Expression of Pronominal Subjects,Subject affixes on verb,Jacobsen-1964[449];Kroeber-1906[301],
101A-yuk,yuk,Yukulta,101A,Expression of Pronominal Subjects,Subject clitics on variable host,Keen-1983[216],
101A-kkv,kkv,Lusi,101A,Expression of Pronominal Subjects,Subject affixes on verb,Counts-1969[69],
101A-sah,sah,Sahu,101A,Expression of Pronominal Subjects,Obligatory pronouns in subject position,"Visser-and-Voorhoeve-1987[23, 27]",
101A-skp,skp,Selkup,101A,Expression of Pronominal Subjects,Subject affixes on verb,Helimski-1998b[567],
101A-ao,ao,Ao,101A,Expression of Pronominal Subjects,Obligatory pronouns in subject position,Gowda-1975[63],
101A-apl,apl,Apalaí,101A,Expression of Pronominal Subjects,Subject affixes on verb,"Koehn-and-Koehn-1986[108, 107]",
101A-bbw,bbw,Bininj Gun-Wok,101A,Expression of Pronominal Subjects,Subject affixes on verb,Evans-2004,
101A-fye,fye,Fyem,101A,Expression of Pronominal Subjects,Subject pronouns in different position,Nettle-1998[passim],
101A-lai,lai,Lai,101A,Expression of Pronominal Subjects,Subject pronouns in different position,Hay-Neave-1953[passim],
101A-mro,mro,Moro,101A,Expression of Pronominal Subjects,Subject affixes on verb,Black-and-Black-1971[8],
101A-tvo,tvo,Tatar,101A,Expression of Pronominal Subjects,Subject affixes on verb,Poppe-1968[122],
101A-tpn,tpn,Tepehuan (Northern),101A,Expression of Pronominal Subjects,Mixed,"Bascom-1982[349, 370]",
101A-cct,cct,Choctaw,101A,Expression of Pronominal Subjects,Subject affixes on verb,Davies-1981c[32],
101A-dgb,dgb,Dagbani,101A,Expression of Pronominal Subjects,Obligatory pronouns in subject position,Olawsky-1999[21],
101A-dum,dum,Dumo,101A,Expression of Pronominal Subjects,Obligatory pronouns in subject position,Ross-1980[93],
101A-nuu,nuu,Nuuchahnulth,101A,Expression of Pronominal Subjects,Subject clitics on variable host,Davidson-2002,
101A-trb,trb,Teribe,101A,Expression of Pronominal Subjects,Subject affixes on verb,"Quesada-2000[60, 83]",
101A-tja,tja,Tiipay (Jamul),101A,Expression of Pronominal Subjects,Subject affixes on verb,"Miller-2001[135, 140]",
101A-tla,tla,Tolai,101A,Expression of Pronominal Subjects,Subject pronouns in different position,Franklin-et-al-1974[passim],
101A-yel,yel,Yelî Dnye,101A,Expression of Pronominal Subjects,Subject affixes on verb,Henderson-1975[825],
101A-amr,amr,Arabic (Moroccan),101A,Expression of Pronominal Subjects,Subject affixes on verb,"Harrell-1962[41, 46]",
101A-ara,ara,Arawak,101A,Expression of Pronominal Subjects,Subject affixes on verb,"Pet-1987[57-58, 23-24]",
101A-bir,bir,Birom,101A,Expression of Pronominal Subjects,Subject affixes on verb,Bouquiaux-1970[299ff],
101A-din,din,Dinka,101A,Expression of Pronominal Subjects,Mixed,Nebel-1948[53],
101A-mgg,mgg,Mangghuer,101A,Expression of Pronominal Subjects,Optional pronouns in subject position,Slater-2003[115],
101A-oji,oji,Ojibwa (Eastern),101A,Expression of Pronominal Subjects,Subject clitics on variable host,Valentine-2001[ pp.142-pp.143];Rhodes-1991[passim],
101A-tkl,tkl,Takelma,101A,Expression of Pronominal Subjects,Subject affixes on verb,"Sapir-1922b[56, 117, 161]",
101A-uhi,uhi,Uradhi,101A,Expression of Pronominal Subjects,Obligatory pronouns in subject position,Crowley-1983[passim],
101A-che,che,Cherokee,101A,Expression of Pronominal Subjects,Subject affixes on verb,"Scancarelli-1987[35-37];Cook-1979[13, 22, 24, 41-44];Foley-1980[30];Holmes-and-Smith-1976[294-296]",
101A-cze,cze,Czech,101A,Expression of Pronominal Subjects,Subject affixes on verb,Short-1993b[34],
101A-dsh,dsh,Danish,101A,Expression of Pronominal Subjects,Obligatory pronouns in subject position,"Allan-et-al-1995[244];Bredsdorff-1958[97, 99]",
101A-ite,ite,Itelmen,101A,Expression of Pronominal Subjects,Subject affixes on verb,Georg-and-Volodin-1999[142-143];Volodin-1976[220-236],
101A-kab,kab,Kabardian,101A,Expression of Pronominal Subjects,Subject affixes on verb,Colarusso-1989[302],
101A-kwa,kwa,Kwaio,101A,Expression of Pronominal Subjects,Subject pronouns in different position,Keesing-1985[passim],
101A-lel,lel,Lele,101A,Expression of Pronominal Subjects,Subject pronouns in different position,Frajzyngier-2001[100],
101A-shu,shu,Shuswap,101A,Expression of Pronominal Subjects,Subject affixes on verb,Kuipers-1974[46],
101A-so,so,So,101A,Expression of Pronominal Subjects,Subject affixes on verb,Serzisko-1989[390],
101A-ctl,ctl,Catalan,101A,Expression of Pronominal Subjects,Subject affixes on verb,Hualde-1992[passim],
101A-nmb,nmb,Nambikuára (Southern),101A,Expression of Pronominal Subjects,Subject affixes on verb,Lowe-1999[ passim];Kroeker-1982[passim],
101A-por,por,Portuguese,101A,Expression of Pronominal Subjects,Subject affixes on verb,Hutchinson-and-Lloyd-1996[35],
101A-siu,siu,Siuslaw,101A,Expression of Pronominal Subjects,Subject affixes on verb,"Frachtenberg-1914[459, 468]",
101A-est,est,Estonian,101A,Expression of Pronominal Subjects,Subject affixes on verb,de-Sivers-1969[47-48],
101A-gae,gae,Gaelic (Scots),101A,Expression of Pronominal Subjects,Obligatory pronouns in subject position,Calder-1923[221],
101A-guu,guu,Guugu Yimidhirr,101A,Expression of Pronominal Subjects,Optional pronouns in subject position,Haviland-1979[101],
101A-mum,mum,Mumuye,101A,Expression of Pronominal Subjects,Subject pronouns in different position,Shimizu-1983[passim],
101A-wma,wma,West Makian,101A,Expression of Pronominal Subjects,Subject affixes on verb,Voorhoeve-1982[12],
101A-wiy,wiy,Wiyot,101A,Expression of Pronominal Subjects,Subject affixes on verb,Teeter-1964[44],
101A-abu,abu,Abun,101A,Expression of Pronominal Subjects,Obligatory pronouns in subject position,Berry-1995b[35],
101A-bab,bab,Babungo,101A,Expression of Pronominal Subjects,Obligatory pronouns in subject position,Schaub-1985[107],
101A-brr,brr,Bororo,101A,Expression of Pronominal Subjects,Subject affixes on verb,Huestis-1963[passim],
101A-djp,djp,Djapu,101A,Expression of Pronominal Subjects,Optional pronouns in subject position,Morphy-1983[passim],
101A-doy,doy,Doyayo,101A,Expression of Pronominal Subjects,Mixed,Wiering-and-Wiering-1994[passim],
101A-krd,krd,Kurdish (Central),101A,Expression of Pronominal Subjects,Subject affixes on verb,Abdulla-and-McCarus-1967[179],
101A-len,len,Lenakel,101A,Expression of Pronominal Subjects,Subject affixes on verb,"Lynch-1978[45, 54]",
101A-tid,tid,Tidore,101A,Expression of Pronominal Subjects,Mixed,van-Staden-2000[77],
101A-ygr,ygr,Yagaria,101A,Expression of Pronominal Subjects,Subject affixes on verb,"Renck-1975[ 18, 85-86]",
101A-arg,arg,Arabic (Gulf),101A,Expression of Pronominal Subjects,Subject affixes on verb,"Holes-1990[77, 160]",
101A-cub,cub,Cubeo,101A,Expression of Pronominal Subjects,Subject affixes on verb,Morse-and-Maxwell-1999a[38-54],
101A-ik,ik,Ik,101A,Expression of Pronominal Subjects,Subject affixes on verb,Tucker-1972[184],
101A-pae,pae,Páez,101A,Expression of Pronominal Subjects,Subject clitics on variable host,"Slocum-1986[58-61, 66-68, 74-78]",
101A-bsk,bsk,Bashkir,101A,Expression of Pronominal Subjects,Subject affixes on verb,Poppe-1964[44],
101A-mns,mns,Mansi,101A,Expression of Pronominal Subjects,Subject affixes on verb,Murphy-1968[78],
101A-mna,mna,Muna,101A,Expression of Pronominal Subjects,Subject affixes on verb,"van-den-Berg-1989b[50, 82, 162]",
101A-mup,mup,Mupun,101A,Expression of Pronominal Subjects,Obligatory pronouns in subject position,Frajzyngier-1993[passim],
101A-scr,scr,Serbian-Croatian,101A,Expression of Pronominal Subjects,Subject affixes on verb,Partridge-1964[35],
101A-tin,tin,Tinrin,101A,Expression of Pronominal Subjects,Subject pronouns in different position,Osumi-1995[passim],
101A-lim,lim,Limbu,101A,Expression of Pronominal Subjects,Subject affixes on verb,Weidert-and-Subba-1985[59-61];van-Driem-1987[ 25],
101A-miy,miy,Miya,101A,Expression of Pronominal Subjects,Subject pronouns in different position,Schuh-1998[188],
101A-ngz,ngz,Ngizim,101A,Expression of Pronominal Subjects,Subject pronouns in different position,Schuh-1972[passim],
101A-tna,tna,Turkana,101A,Expression of Pronominal Subjects,Subject affixes on verb,"Dimmendaal-1983a[71, 207]",
101A-uzb,uzb,Uzbek,101A,Expression of Pronominal Subjects,Subject affixes on verb,Sjoberg-1963[66],
101A-kty,kty,Khanty,101A,Expression of Pronominal Subjects,Subject affixes on verb,Honti-1988[185-186],
101A-mym,mym,Malayalam,101A,Expression of Pronominal Subjects,Optional pronouns in subject position,Asher-and-Kumari-1997[156],
101A-awt,awt,Awtuw,101A,Expression of Pronominal Subjects,Optional pronouns in subject position,Feldman-1986[53],
101A-klm,klm,Klamath,101A,Expression of Pronominal Subjects,Optional pronouns in subject position,"Gatschet-1890[417, 433]",
101A-tgr,tgr,Tigré,101A,Expression of Pronominal Subjects,Subject affixes on verb,Raz-1983[38-39],
101A-tuv,tuv,Tuvan,101A,Expression of Pronominal Subjects,Subject affixes on verb,Anderson-and-Harrison-1999[39],
101A-hat,hat,Hatam,101A,Expression of Pronominal Subjects,Subject affixes on verb,Reesink-1999[passim],
101A-mok,mok,Mokilese,101A,Expression of Pronominal Subjects,Optional pronouns in subject position,Harrison-and-Albert-1976[91],
101A-nor,nor,Norwegian,101A,Expression of Pronominal Subjects,Obligatory pronouns in subject position,Olson-1901[59],
101A-tau,tau,Tauya,101A,Expression of Pronominal Subjects,Subject affixes on verb,"MacDonald-1990[171, 206]",
101A-bre,bre,Breton,101A,Expression of Pronominal Subjects,Subject affixes on verb,"Ternes-1970[252, 254, 260, 269-272]",
101A-luo,luo,Luo,101A,Expression of Pronominal Subjects,Subject affixes on verb,"Omondi-1982[35-39, 102-103, 358-359]",
101A-kis,kis,Kisi,101A,Expression of Pronominal Subjects,Subject pronouns in different position,Childs-1995[passim],
101A-cax,cax,Campa (Axininca),101A,Expression of Pronominal Subjects,Subject affixes on verb,"Payne-1981[13-14, 23]",
101A-kon,kon,Kongo,101A,Expression of Pronominal Subjects,Subject affixes on verb,Bentley-1887[647],
101A-maa,maa,Maasai,101A,Expression of Pronominal Subjects,Subject affixes on verb,Tucker-and-Mpaayei-1955[15],
101A-iaa,iaa,Iaai,101A,Expression of Pronominal Subjects,Subject pronouns in different position,Tryon-1968[52-53],
101A-tgk,tgk,Tigak,101A,Expression of Pronominal Subjects,Subject pronouns in different position,Beaumont-1979[96],
101A-ton,ton,Tonkawa,101A,Expression of Pronominal Subjects,Subject affixes on verb,Troike-1967[329];Hoijer-1933-1938[72],
101A-amp,amp,Arrernte (Mparntwe),101A,Expression of Pronominal Subjects,Obligatory pronouns in subject position,Wilkins-1989[226],
101A-die,die,Diegueño (Mesa Grande),101A,Expression of Pronominal Subjects,Subject affixes on verb,Langdon-1970[146],
101A-ice,ice,Icelandic,101A,Expression of Pronominal Subjects,Obligatory pronouns in subject position,Thrainsson-1994[168],
101A-pan,pan,Panjabi,101A,Expression of Pronominal Subjects,Subject affixes on verb,"Gill-and-Gleason-1963[229, 294]",
101A-mne,mne,Maidu (Northeast),101A,Expression of Pronominal Subjects,Subject affixes on verb,Shipley-1964[45-46],
101A-ham,ham,Hamtai,101A,Expression of Pronominal Subjects,Subject affixes on verb,Oates-and-Oates-1968[29],
101A-nan,nan,Nandi,101A,Expression of Pronominal Subjects,Subject affixes on verb,Creider-and-Creider-1989[167-168];Hollis-1909[191],
101A-mac,mac,Macushi,101A,Expression of Pronominal Subjects,Subject affixes on verb,"Carson-1982[94-103, 127-129];Abbott-1991[101, 83, 123]",
101A-mab,mab,Maba,101A,Expression of Pronominal Subjects,Subject affixes on verb,Trenga-1947[130],
101A-swe,swe,Swedish,101A,Expression of Pronominal Subjects,Obligatory pronouns in subject position,Holmes-and-Hinchliffe-1994[493],
101A-wlf,wlf,Wolof,101A,Expression of Pronominal Subjects,Subject pronouns in different position,Njie-1982[passim],
101A-dut,dut,Dutch,101A,Expression of Pronominal Subjects,Obligatory pronouns in subject position,Shetter-1958[28-29],
101A-kas,kas,Kashmiri,101A,Expression of Pronominal Subjects,Subject pronouns in different position,Wali-and-Koul-1997[249],
101A-una,una,Una,101A,Expression of Pronominal Subjects,Subject affixes on verb,Louwerse-1988[37-45],
101A-haw,haw,Hawaiian,101A,Expression of Pronominal Subjects,Optional pronouns in subject position,Elbert-and-Pukui-1979[108],
101A-ita,ita,Italian,101A,Expression of Pronominal Subjects,Subject affixes on verb,Maiden-and-Robustelli-2000[93],
101A-kch,kch,Koyra Chiini,101A,Expression of Pronominal Subjects,Obligatory pronouns in subject position,Heath-1999b[passim],
101A-lit,lit,Lithuanian,101A,Expression of Pronominal Subjects,Subject affixes on verb,Ambrazas-1997[599],
101A-ood,ood,O'odham,101A,Expression of Pronominal Subjects,Subject clitics on variable host,Saxton-1982[109],
101A-bul,bul,Bulgarian,101A,Expression of Pronominal Subjects,Subject affixes on verb,Scatton-1993[234],
101A-lah,lah,Lahu,101A,Expression of Pronominal Subjects,Optional pronouns in subject position,Matisoff-1973[passim],
101A-yuc,yuc,Yuchi,101A,Expression of Pronominal Subjects,Subject affixes on verb,Wagner-1934[ 313-314];Wagner-1933-1938[313-314],
101A-pso,pso,Pomo (Southeastern),101A,Expression of Pronominal Subjects,Obligatory pronouns in subject position,Moshinsky-1974[passim],
101A-krb,krb,Kiribati,101A,Expression of Pronominal Subjects,Subject pronouns in different position,"Groves-et-al-1985[84];Cowell-1951[ 57, 108]",
101A-som,som,Somali,101A,Expression of Pronominal Subjects,Subject pronouns in different position,"Saeed-1987[27-28, 30, 58, 59];Kirk-1905[44]",
101A-ypk,ypk,Yup'ik (Central),101A,Expression of Pronominal Subjects,Subject affixes on verb,"Reed-et-al-1977[127-128, 139]",
101A-fur,fur,Fur,101A,Expression of Pronominal Subjects,Subject affixes on verb,Tucker-and-Bryan-1966[passim],
101A-pol,pol,Polish,101A,Expression of Pronominal Subjects,Subject clitics on variable host,"Stone-1980[13, 34ff]",
101A-lad,lad,Ladakhi,101A,Expression of Pronominal Subjects,Optional pronouns in subject position,Koshal-1979[passim],
101A-lep,lep,Lepcha,101A,Expression of Pronominal Subjects,Obligatory pronouns in subject position,Mainwaring-1876[passim],
101A-tli,tli,Tlingit,101A,Expression of Pronominal Subjects,Subject affixes on verb,Boas-1917[22],
101A-wam,wam,Wambaya,101A,Expression of Pronominal Subjects,Subject pronouns in different position,Nordlinger-1993[162],
101A-alb,alb,Albanian,101A,Expression of Pronominal Subjects,Subject affixes on verb,Newmark-et-al-1982[264],
101A-kyl,kyl,Kayah Li (Eastern),101A,Expression of Pronominal Subjects,Optional pronouns in subject position,Solnit-1986[44],
101A-nti,nti,Ngiti,101A,Expression of Pronominal Subjects,Subject affixes on verb,"Kutsch-Lojenga-1994[190ff., 233]",
101A-mak,mak,Makah,101A,Expression of Pronominal Subjects,Subject clitics on variable host,,
101A-tsi,tsi,Tsimshian (Coast),101A,Expression of Pronominal Subjects,Subject pronouns in different position,Mulder-1994[50],
101A-tun,tun,Tunica,101A,Expression of Pronominal Subjects,Subject affixes on verb,"Haas-1940[47, 56-57]",
101A-sue,sue,Suena,101A,Expression of Pronominal Subjects,Optional pronouns in subject position,Wilson-1974[passim],
101A-mku,mku,Maranungku,101A,Expression of Pronominal Subjects,Subject affixes on verb,Tryon-1970b[passim],
101A-mrl,mrl,Murle,101A,Expression of Pronominal Subjects,Subject affixes on verb,Lyth-1971[55];Tucker-and-Bryan-1966[383],
101A-psm,psm,Passamaquoddy-Maliseet,101A,Expression of Pronominal Subjects,Subject clitics on variable host,Ng-2002,
101A-amh,amh,Amharic,101A,Expression of Pronominal Subjects,Subject affixes on verb,Cotterell-1964[11],
101A-cyv,cyv,Cayuvava,101A,Expression of Pronominal Subjects,Subject affixes on verb,Key-1967[28-30],
101A-dio,dio,Diola-Fogny,101A,Expression of Pronominal Subjects,Subject affixes on verb,Sapir-1965[90-91],
101A-arm,arm,Armenian (Eastern),101A,Expression of Pronominal Subjects,Subject affixes on verb,,
101A-aym,aym,Aymara (Central),101A,Expression of Pronominal Subjects,Subject affixes on verb,"Wexler-1967[60, 74, 95];Ebbing-1965[120-122]",
101A-baw,baw,Bawm,101A,Expression of Pronominal Subjects,Subject pronouns in different position,Reichle-1981[55],
101A-nbd,nbd,Nubian (Dongolese),101A,Expression of Pronominal Subjects,Subject affixes on verb,Armbruster-1960[346],
101A-wrd,wrd,Wardaman,101A,Expression of Pronominal Subjects,Subject affixes on verb,Merlan-1994[125-127],
101A-hai,hai,Haida,101A,Expression of Pronominal Subjects,Obligatory pronouns in subject position,Enrico-2003[ passim];Harrison-1895[passim],
101A-kmu,kmu,Khmu',101A,Expression of Pronominal Subjects,Optional pronouns in subject position,Smalley-1961[passim],
101A-usa,usa,Usan,101A,Expression of Pronominal Subjects,Subject affixes on verb,Reesink-1987[94ff],
101A-pai,pai,Paiwan,101A,Expression of Pronominal Subjects,Subject affixes on verb,Egli-1990[ passim],
101A-ung,ung,Ungarinjin,101A,Expression of Pronominal Subjects,Subject affixes on verb,"Rumsey-1982[ 31, 32];Coate-and-Oates-1970[30, 54]",
101A-bej,bej,Beja,101A,Expression of Pronominal Subjects,Subject affixes on verb,"Reinisch-1893[141, 146, 183];Almkvist-1881[85, 130]",
101A-dre,dre,Drehu,101A,Expression of Pronominal Subjects,Obligatory pronouns in subject position,Moyse-Faurie-1983[ 143],
101A-gar,gar,Garo,101A,Expression of Pronominal Subjects,Optional pronouns in subject position,Burling-1961[70];Burling-2003[ 390],
101A-pms,pms,Paamese,101A,Expression of Pronominal Subjects,Subject affixes on verb,Crowley-1982[129],
101A-mss,mss,Miwok (Southern Sierra),101A,Expression of Pronominal Subjects,Subject affixes on verb,Broadbent-1964[92],
101A-sml,sml,Semelai,101A,Expression of Pronominal Subjects,Subject affixes on verb,Kruspe-1999[423],
101A-yur,yur,Yurok,101A,Expression of Pronominal Subjects,Subject affixes on verb,Robins-1958[passim],
101A-dag,dag,Daga,101A,Expression of Pronominal Subjects,Subject affixes on verb,Murane-1974[39],
101A-otm,otm,Otomí (Mezquital),101A,Expression of Pronominal Subjects,Subject affixes on verb,Hess-1968[21],
101A-igb,igb,Igbo,101A,Expression of Pronominal Subjects,Subject pronouns in different position,Emenanjo-1978[passim],
101A-nez,nez,Nez Perce,101A,Expression of Pronominal Subjects,Subject affixes on verb,Aoki-1970[105],
101A-brh,brh,Brahui,101A,Expression of Pronominal Subjects,Subject affixes on verb,Bray-1909[76],
101A-cah,cah,Cahuilla,101A,Expression of Pronominal Subjects,Subject affixes on verb,Seiler-1977[133],
101A-cle,cle,Chinantec (Lealao),101A,Expression of Pronominal Subjects,Subject affixes on verb,Rupp-1989[passim],
101A-knm,knm,Kunama,101A,Expression of Pronominal Subjects,Subject affixes on verb,Tucker-and-Bryan-1966[341],
101A-nav,nav,Navajo,101A,Expression of Pronominal Subjects,Subject affixes on verb,Young-and-Morgan-1980[22],
101A-zqc,zqc,Zoque (Copainalá),101A,Expression of Pronominal Subjects,Subject affixes on verb,Harrison-et-al-1981[415],
101A-bkr,bkr,Batak (Karo),101A,Expression of Pronominal Subjects,Mixed,Woollams-1996[108],
101A-cmn,cmn,Comanche,101A,Expression of Pronominal Subjects,Subject clitics on variable host,Wistrand-Robinson-and-Armagost-1990[311],
101A-iri,iri,Irish,101A,Expression of Pronominal Subjects,Mixed,O-Siadhail-1989[179-184];Dillon-and-O-Croinin-1961[32],
101A-nko,nko,Nkore-Kiga,101A,Expression of Pronominal Subjects,Subject affixes on verb,"Taylor-1985[150, 170]",
101A-squ,squ,Squamish,101A,Expression of Pronominal Subjects,Subject affixes on verb,Kuipers-1967[85],
101A-tru,tru,Trumai,101A,Expression of Pronominal Subjects,Obligatory pronouns in subject position,Guirardello-1999a[passim],
101A-dni,dni,Dani (Lower Grand Valley),101A,Expression of Pronominal Subjects,Subject affixes on verb,Bromley-1981[passim],
101A-nen,nen,Nenets,101A,Expression of Pronominal Subjects,Subject affixes on verb,Collinder-1957[448ff],
101A-urk,urk,Urubú-Kaapor,101A,Expression of Pronominal Subjects,Subject affixes on verb,Kakumasu-1986[392],
101A-coo,coo,Coos (Hanis),101A,Expression of Pronominal Subjects,Subject affixes on verb,Frachtenberg-1922a[321],
101A-cre,cre,Cree (Plains),101A,Expression of Pronominal Subjects,Subject clitics on variable host,Wolfart-1973[passim],
101A-nht,nht,Nahuatl (Tetelcingo),101A,Expression of Pronominal Subjects,Subject affixes on verb,Tuggy-1979[81],
101A-yim,yim,Yimas,101A,Expression of Pronominal Subjects,Subject affixes on verb,Foley-1991[193ff],
101A-ika,ika,Ika,101A,Expression of Pronominal Subjects,Subject affixes on verb,Frank-1990[51],
101A-kse,kse,Koyraboro Senni,101A,Expression of Pronominal Subjects,Obligatory pronouns in subject position,Heath-1999a[10],
101A-mun,mun,Mundari,101A,Expression of Pronominal Subjects,Subject clitics on variable host,Sinha-1975[passim],
101A-yid,yid,Yidiny,101A,Expression of Pronominal Subjects,Optional pronouns in subject position,Dixon-1977a[204],
101A-krk,krk,Karok,101A,Expression of Pronominal Subjects,Subject affixes on verb,Bright-1957[58],
101A-brs,brs,Barasano,101A,Expression of Pronominal Subjects,Subject affixes on verb,Jones-and-Jones-1991[166],
101A-tab,tab,Taba,101A,Expression of Pronominal Subjects,Obligatory pronouns in subject position,Bowden-1997a[109],
101A-aco,aco,Acoma,101A,Expression of Pronominal Subjects,Subject affixes on verb,"Maring-1967[43, 113]",
101A-pau,pau,Paumarí,101A,Expression of Pronominal Subjects,Subject affixes on verb,Chapman-and-Derbyshire-1991[286-287],
101A-arp,arp,Arapesh (Mountain),101A,Expression of Pronominal Subjects,Subject affixes on verb,Conrad-and-Wogiga-1991[14-15],
101A-ond,ond,Oneida,101A,Expression of Pronominal Subjects,Subject affixes on verb,,
101A-asm,asm,Asmat,101A,Expression of Pronominal Subjects,Subject affixes on verb,Voorhoeve-1965[85-86],
101A-ewe,ewe,Ewe,101A,Expression of Pronominal Subjects,Subject affixes on verb,Warburton-et-al-1968[5],
101A-grb,grb,Grebo,101A,Expression of Pronominal Subjects,Subject pronouns in different position,"Innes-1966[50, 101]",
101A-hmo,hmo,Hmong Njua,101A,Expression of Pronominal Subjects,Obligatory pronouns in subject position,Lyman-1979[passim],
101A-khs,khs,Khasi,101A,Expression of Pronominal Subjects,Obligatory pronouns in subject position,Rabel-1961[passim];Nagaraja-1985[ 87],
101A-kio,kio,Kiowa,101A,Expression of Pronominal Subjects,Subject affixes on verb,Watkins-1984[110ff],
101A-wic,wic,Wichita,101A,Expression of Pronominal Subjects,Subject affixes on verb,Rood-1976[19],
101A-juh,juh,Ju|'hoan,101A,Expression of Pronominal Subjects,Obligatory pronouns in subject position,Snyman-1970[passim];Dickens-1992[ passim],
101A-klv,klv,Kilivila,101A,Expression of Pronominal Subjects,Subject affixes on verb,Senft-1986[47],
101A-nug,nug,Nunggubuyu,101A,Expression of Pronominal Subjects,Subject affixes on verb,Heath-1984[347];Hughes-and-Healy-1971[47],
101A-irq,irq,Iraqw,101A,Expression of Pronominal Subjects,Subject affixes on verb,Tucker-and-Bryan-1966[581];Whiteley-1958[28];Nordbustad-1988[ 30],
101A-kew,kew,Kewa,101A,Expression of Pronominal Subjects,Subject affixes on verb,"Franklin-1971[39, 40]",
101A-snm,snm,Sanuma,101A,Expression of Pronominal Subjects,Obligatory pronouns in subject position,Borgman-1990[197],
101A-epe,epe,Epena Pedee,101A,Expression of Pronominal Subjects,Optional pronouns in subject position,Harms-1994[10],
101A-koa,koa,Koasati,101A,Expression of Pronominal Subjects,Subject affixes on verb,Kimball-1991[58-87],
101A-luv,luv,Luvale,101A,Expression of Pronominal Subjects,Subject affixes on verb,Horton-1949[64],
101A-san,san,Sango,101A,Expression of Pronominal Subjects,Subject affixes on verb,Samarin-1967b[140-146],
101A-ing,ing,Ingush,101A,Expression of Pronominal Subjects,Obligatory pronouns in subject position,,
101A-mau,mau,Maung,101A,Expression of Pronominal Subjects,Subject affixes on verb,Capell-and-Hinch-1970[66],
101A-kfe,kfe,Koromfe,101A,Expression of Pronominal Subjects,Subject affixes on verb,Rennison-1997[312],
101A-qim,qim,Quechua (Imbabura),101A,Expression of Pronominal Subjects,Subject affixes on verb,"Cole-1982[69, 88, 129]",
101A-ram,ram,Rama,101A,Expression of Pronominal Subjects,Subject affixes on verb,Grinevald-1988[ 104];Grinevald-nd[104],
101A-yag,yag,Yagua,101A,Expression of Pronominal Subjects,Subject clitics on variable host,Payne-1990a[passim],
101A-niv,niv,Nivkh,101A,Expression of Pronominal Subjects,Optional pronouns in subject position,Panfilov-1962[7],
101A-apu,apu,Apurinã,101A,Expression of Pronominal Subjects,Subject affixes on verb,"Polak-1894[7];Facundes-2000[146, 386]",
101A-bma,bma,Berber (Middle Atlas),101A,Expression of Pronominal Subjects,Subject affixes on verb,Penchoen-1973b[56],
101A-imo,imo,Imonda,101A,Expression of Pronominal Subjects,Optional pronouns in subject position,Seiler-1985[passim],
101A-awp,awp,Awa Pit,101A,Expression of Pronominal Subjects,Subject affixes on verb,"Curnow-1997[181, 182, 184, 193, 200]",
101A-kob,kob,Kobon,101A,Expression of Pronominal Subjects,Subject affixes on verb,"Davies-1981b[108-109, 166]",
101A-lat,lat,Latvian,101A,Expression of Pronominal Subjects,Obligatory pronouns in subject position,Mathiassen-1997[197],
101A-mar,mar,Maricopa,101A,Expression of Pronominal Subjects,Subject affixes on verb,Gordon-1986[16],
101A-ala,ala,Alamblak,101A,Expression of Pronominal Subjects,Subject affixes on verb,Bruce-1984[131],
101A-goo,goo,Gooniyandi,101A,Expression of Pronominal Subjects,Subject affixes on verb,McGregor-1990[passim],
101A-kut,kut,Kutenai,101A,Expression of Pronominal Subjects,Subject pronouns in different position,,
101A-mxc,mxc,Mixtec (Chalcatongo),101A,Expression of Pronominal Subjects,Mixed,Macaulay-1996[73],
101A-lav,lav,Lavukaleve,101A,Expression of Pronominal Subjects,Subject affixes on verb,Terrill-1999,
101A-rap,rap,Rapanui,101A,Expression of Pronominal Subjects,Optional pronouns in subject position,Chapin-1978[140],
101A-ain,ain,Ainu,101A,Expression of Pronominal Subjects,Subject affixes on verb,Shibatani-1990[30];Refsing-1986[212],
101A-jak,jak,Jakaltek,101A,Expression of Pronominal Subjects,Mixed,Craig-1977[119],
101A-lkt,lkt,Lakhota,101A,Expression of Pronominal Subjects,Subject affixes on verb,Buechel-1939[passim],
101A-mrt,mrt,Martuthunira,101A,Expression of Pronominal Subjects,Optional pronouns in subject position,Dench-1995[passim],
101A-war,war,Wari',101A,Expression of Pronominal Subjects,Subject pronouns in different position,Everett-and-Kern-1997[passim],
101A-gua,gua,Guaraní,101A,Expression of Pronominal Subjects,Subject affixes on verb,Gregores-and-Suarez-1967[131-132],
101A-kho,kho,Khoekhoe,101A,Expression of Pronominal Subjects,Obligatory pronouns in subject position,Hagman-1977[passim],
101A-mei,mei,Meithei,101A,Expression of Pronominal Subjects,Optional pronouns in subject position,Chelliah-1997[passim],
101A-ngi,ngi,Ngiyambaa,101A,Expression of Pronominal Subjects,Subject clitics on variable host,Donaldson-1980[passim],
101A-brm,brm,Burmese,101A,Expression of Pronominal Subjects,Optional pronouns in subject position,Okell-1969[passim],
101A-kro,kro,Krongo,101A,Expression of Pronominal Subjects,Mixed,Reh-1985[164],
101A-myi,myi,Mangarrayi,101A,Expression of Pronominal Subjects,Subject affixes on verb,"Merlan-1982[41, 99]",
101A-tiw,tiw,Tiwi,101A,Expression of Pronominal Subjects,Subject affixes on verb,Osborne-1974[24],
101A-knr,knr,Kanuri,101A,Expression of Pronominal Subjects,Subject affixes on verb,Hutchison-1981[ 96-97];Hutchison-1976[ passim];Lukas-1937[passim],
101A-kay,kay,Kayardild,101A,Expression of Pronominal Subjects,Optional pronouns in subject position,Evans-1995[passim],
101A-map,map,Mapudungun,101A,Expression of Pronominal Subjects,Subject affixes on verb,"Augusta-1903[9, 28]",
101A-yor,yor,Yoruba,101A,Expression of Pronominal Subjects,Optional pronouns in subject position,Awobuluyi-1978[22-24],
101A-yko,yko,Yukaghir (Kolyma),101A,Expression of Pronominal Subjects,Subject affixes on verb,Maslova-1999[625],
101A-may,may,Maybrat,101A,Expression of Pronominal Subjects,Optional pronouns in subject position,Brown-1990[passim],
101A-tuk,tuk,Tukang Besi,101A,Expression of Pronominal Subjects,Subject affixes on verb,"Donohue-1999a[51, 113, 152]",
101A-bur,bur,Burushaski,101A,Expression of Pronominal Subjects,Subject affixes on verb,"Tiffou-and-Pesot-1989[54-55, 39];Lorimer-1935[244ff]",
101A-chk,chk,Chukchi,101A,Expression of Pronominal Subjects,Subject affixes on verb,Dunn-1999[120],
101A-fij,fij,Fijian,101A,Expression of Pronominal Subjects,Subject pronouns in different position,Dixon-1988[passim],
101A-heb,heb,Hebrew (Modern),101A,Expression of Pronominal Subjects,Mixed,Glinert-1989[53],
101A-lan,lan,Lango,101A,Expression of Pronominal Subjects,Subject affixes on verb,Noonan-1992[119],
101A-orh,orh,Oromo (Harar),101A,Expression of Pronominal Subjects,Subject affixes on verb,"Owens-1985[60, 66]",
101A-tha,tha,Thai,101A,Expression of Pronominal Subjects,Optional pronouns in subject position,,
101A-yaq,yaq,Yaqui,101A,Expression of Pronominal Subjects,Mixed,Lindenfeld-1973[passim],
101A-zul,zul,Zulu,101A,Expression of Pronominal Subjects,Subject affixes on verb,Ziervogel-et-al-1981[38],
101A-sla,sla,Slave,101A,Expression of Pronominal Subjects,Subject affixes on verb,Rice-1989[253],
101A-aeg,aeg,Arabic (Egyptian),101A,Expression of Pronominal Subjects,Subject affixes on verb,"Gary-and-Gamal-Eldin-1982[60, 100-101]",
101A-grw,grw,Greenlandic (West),101A,Expression of Pronominal Subjects,Subject affixes on verb,Schultz-Lorentzen-1945[53];Fortescue-1984[289],
101A-hix,hix,Hixkaryana,101A,Expression of Pronominal Subjects,Subject affixes on verb,Derbyshire-1979[37];Derbyshire-1985[32],
101A-swa,swa,Swahili,101A,Expression of Pronominal Subjects,Subject affixes on verb,Ashton-1947[42],
101A-vie,vie,Vietnamese,101A,Expression of Pronominal Subjects,Optional pronouns in subject position,Binh-1971[passim];Thompson-1965[ 248],
101A-geo,geo,Georgian,101A,Expression of Pronominal Subjects,Subject pronouns in different position,Aronson-1991[242],
101A-knd,knd,Kannada,101A,Expression of Pronominal Subjects,Subject affixes on verb,"Bright-1958[passim];Sridhar-1990[ 221-222];Schiffman-1983[ 56, passim]",
101A-kha,kha,Khalkha,101A,Expression of Pronominal Subjects,Optional pronouns in subject position,Poppe-1970[155],
101A-mal,mal,Malagasy,101A,Expression of Pronominal Subjects,Obligatory pronouns in subject position,Domenichini-Ramiaramanana-1977[61],
101A-sup,sup,Supyire,101A,Expression of Pronominal Subjects,Obligatory pronouns in subject position,Carlson-1994[passim],
101A-hau,hau,Hausa,101A,Expression of Pronominal Subjects,Subject pronouns in different position,Migeod-1914[passim];Newman-2000[ passim],
101A-mao,mao,Maori,101A,Expression of Pronominal Subjects,Optional pronouns in subject position,"Bauer-1993[148ff., 366]",
101A-bsq,bsq,Basque,101A,Expression of Pronominal Subjects,Subject affixes on verb,Saltarelli-et-al-1988[205],
101A-abk,abk,Abkhaz,101A,Expression of Pronominal Subjects,Subject affixes on verb,Hewitt-1979[102],
101A-eve,eve,Evenki,101A,Expression of Pronominal Subjects,Obligatory pronouns in subject position,Nedjalkov-1997[195],
101A-kor,kor,Korean,101A,Expression of Pronominal Subjects,Optional pronouns in subject position,Ramstedt-1968[passim];Sohn-1999[ passim],
101A-prs,prs,Persian,101A,Expression of Pronominal Subjects,Subject affixes on verb,Rastorgueva-1964[34];Lambton-1967[11],
101A-ger,ger,German,101A,Expression of Pronominal Subjects,Obligatory pronouns in subject position,"Lederer-1969[46, 48]",
101A-grk,grk,Greek (Modern),101A,Expression of Pronominal Subjects,Subject affixes on verb,Joseph-and-Philippaki-Warburton-1987[36],
101A-lez,lez,Lezgian,101A,Expression of Pronominal Subjects,Optional pronouns in subject position,Haspelmath-1993[402],
101A-jpn,jpn,Japanese,101A,Expression of Pronominal Subjects,Optional pronouns in subject position,"Hinds-1986[75, 108]",
101A-mnd,mnd,Mandarin,101A,Expression of Pronominal Subjects,Optional pronouns in subject position,Li-and-Thompson-1981[657ff],
101A-hun,hun,Hungarian,101A,Expression of Pronominal Subjects,Subject affixes on verb,Kenesei-et-al-1998[ 263];Benko-and-Imre-1972[96],
101A-ind,ind,Indonesian,101A,Expression of Pronominal Subjects,Obligatory pronouns in subject position,Sneddon-1996a[ passim];Danusugondo-1975[passim],
101A-fin,fin,Finnish,101A,Expression of Pronominal Subjects,Mixed,"Sulkala-and-Karjalainen-1992[120, 272]",
101A-rus,rus,Russian,101A,Expression of Pronominal Subjects,Obligatory pronouns in subject position,Stilman-and-Harkins-1964[338-343],
101A-spa,spa,Spanish,101A,Expression of Pronominal Subjects,Subject affixes on verb,,
101A-tur,tur,Turkish,101A,Expression of Pronominal Subjects,Subject affixes on verb,Kornfilt-1997[281];Lewis-1967[68],
101A-fre,fre,French,101A,Expression of Pronominal Subjects,Obligatory pronouns in subject position,,
101A-eng,eng,English,101A,Expression of Pronominal Subjects,Obligatory pronouns in subject position,,
101A-hlu,hlu,Halkomelem (Upriver),101A,Expression of Pronominal Subjects,Subject affixes on verb,Galloway-1993[243],
101A-dds,dds,Donno So,101A,Expression of Pronominal Subjects,Subject affixes on verb,"Kervran-and-Prost-1969[43, 106]",
101A-tsk,tsk,Tamashek,101A,Expression of Pronominal Subjects,Subject affixes on verb,Heath-2005[ 429-430],
101A-sid,sid,Sidaama,101A,Expression of Pronominal Subjects,Subject affixes on verb,Kawachi-2007[ 414],
101A-gyc,gyc,Gyarong (Cogtse),101A,Expression of Pronominal Subjects,Subject affixes on verb,Lin-1993[ 358],
101A-tvt,tvt,Tutsa,101A,Expression of Pronominal Subjects,Obligatory pronouns in subject position,Rekhung-1992[ 22-24],
101A-mpt,mpt,Mian,101A,Expression of Pronominal Subjects,Subject affixes on verb,Fedden-2007[ 248],
101A-abv,abv,Abui,101A,Expression of Pronominal Subjects,Subject pronouns in different position,Kratochvil-2007[ 10],
101A-dlm,dlm,Dla (Menggwa),101A,Expression of Pronominal Subjects,Subject affixes on verb,de-Sousa-2006[passim],
101A-brp,brp,Barupu,101A,Expression of Pronominal Subjects,Subject affixes on verb,"Corris-2005[ 66, 72, 79, 84]",
101A-kwt,kwt,Kwomtari,101A,Expression of Pronominal Subjects,Subject affixes on verb,Spencer-2008[ 107],
101A-bio,bio,Nai,101A,Expression of Pronominal Subjects,Subject affixes on verb,"Hamlin-1998[ 12, 16]",
101A-aoj,aoj,Mufian,101A,Expression of Pronominal Subjects,Subject affixes on verb,Alungum-et-al-1978[ 94],
101A-kmz,kmz,Kamasau,101A,Expression of Pronominal Subjects,Subject affixes on verb,Sanders-and-Sanders-1994[ 15],
101A-qum,qum,Sipakapense,101A,Expression of Pronominal Subjects,Subject affixes on verb,Barrett-1999[ 76],
101A-eme,eme,Émérillon,101A,Expression of Pronominal Subjects,Subject affixes on verb,"Rose-2003b[ 79, 151, passim]",
101A-kno,kno,Kanoê,101A,Expression of Pronominal Subjects,Subject affixes on verb,"Bacelar-2004[ 187, 232]",
101A-urn,urn,Urarina,101A,Expression of Pronominal Subjects,Subject affixes on verb,Olawsky-2006[ 652];Olawsky-2002[11],
101A-mcv,mcv,Mocoví,101A,Expression of Pronominal Subjects,Subject affixes on verb,Grondona-1998[96ff],
101A-ndy,ndy,Ndyuka,101A,Expression of Pronominal Subjects,Obligatory pronouns in subject position,Huttar-and-Huttar-1994[521],
101A-nbm,nbm,Ngbaka (Ma'bo),101A,Expression of Pronominal Subjects,Obligatory pronouns in subject position,Thomas-1963[73],
