ID,Language_ID,Language_name,Parameter_ID,Parameter_name,Value,Source,Comment
94A-xas,xas,Xasonga,94A,Order of Adverbial Subordinator and Clause,Initial subordinator word,Koite-Herschel-1981-1982[ 230-235],
94A-zhn,zhn,Zhuang (Northern),94A,Order of Adverbial Subordinator and Clause,Mixed,Yongxian-Luo-2008[ 367-369],
94A-zzo,zzo,Zapotec (Zoogocho),94A,Order of Adverbial Subordinator and Clause,Initial subordinator word,Sonnenschein-2005[161],
94A-eip,eip,Eipo,94A,Order of Adverbial Subordinator and Clause,Mixed,"Heeschen-1998[ 193, passim]",
94A-mrq,mrq,Marquesan,94A,Order of Adverbial Subordinator and Clause,Initial subordinator word,Lynch-2002a[ 876],
94A-hoa,hoa,Hoava,94A,Order of Adverbial Subordinator and Clause,Initial subordinator word,"Davis-2003[ 281, 282]",
94A-ifm,ifm,Ifumu,94A,Order of Adverbial Subordinator and Clause,Initial subordinator word,Makouta-Mboukou-1977[ 443],
94A-yns,yns,Yansi,94A,Order of Adverbial Subordinator and Clause,Initial subordinator word,Mayanga-1985[104-107],
94A-bik,bik,Biak,94A,Order of Adverbial Subordinator and Clause,Initial subordinator word,van-den-Heuvel-2006[ 403],
94A-bnr,bnr,Bilinarra,94A,Order of Adverbial Subordinator and Clause,Initial subordinator word,Nordlinger-1990[125-127],
94A-nke,nke,Nkem,94A,Order of Adverbial Subordinator and Clause,Initial subordinator word,Sibomana-1986[ 283-285],
94A-uru,uru,Uru,94A,Order of Adverbial Subordinator and Clause,Subordinating suffix,Vellard-1967[passim],
94A-des,des,Desano,94A,Order of Adverbial Subordinator and Clause,Final subordinator word,Miller-1999[ 151],
94A-kti,kti,"Kati (in West Papua, Indonesia)",94A,Order of Adverbial Subordinator and Clause,Final subordinator word,Boelaars-1950[ 89],
94A-zqo,zqo,Zoque (Ostuacan),94A,Order of Adverbial Subordinator and Clause,Initial subordinator word,Engel-and-Longacre-1963[339],
94A-cln,cln,Cholón,94A,Order of Adverbial Subordinator and Clause,Subordinating suffix,"Alexander-Bakkerus-2005[ 275ff, 335, 337]",
94A-lmb,lmb,Lamba,94A,Order of Adverbial Subordinator and Clause,Initial subordinator word,Doke-1922[146-147],
94A-ctw,ctw,Catawba,94A,Order of Adverbial Subordinator and Clause,Final subordinator word,Voorhis-2003[262],
94A-ayw,ayw,Ayiwo,94A,Order of Adverbial Subordinator and Clause,Initial subordinator word,Wurm-et-al-1985[passim],
94A-bnu,bnu,Bularnu,94A,Order of Adverbial Subordinator and Clause,Initial subordinator word,Breen-1980[105],
94A-dul,dul,Dulong,94A,Order of Adverbial Subordinator and Clause,Final subordinator word,LaPolla-2003a[ 681],
94A-kyp,kyp,Kayapó,94A,Order of Adverbial Subordinator and Clause,Subordinating suffix,Thomson-and-Stout-1974b[passim],
94A-kyn,kyn,Koyukon,94A,Order of Adverbial Subordinator and Clause,Final subordinator word,Chapman-1914[passim],
94A-mke,mke,Mekeo,94A,Order of Adverbial Subordinator and Clause,Mixed,Jones-1998a[496-497],
94A-mgk,mgk,Mungaka,94A,Order of Adverbial Subordinator and Clause,Mixed,Tischhauser-1992[26-28],
94A-svs,svs,Savosavo,94A,Order of Adverbial Subordinator and Clause,Final subordinator word,"Wegener-2008[ 253, 264ff]",
94A-sim,sim,Simeulue,94A,Order of Adverbial Subordinator and Clause,Initial subordinator word,Kahler-1963[passim],
94A-sod,sod,Soddo,94A,Order of Adverbial Subordinator and Clause,Mixed,Cohen-1931[210],
94A-bug,bug,Bugis,94A,Order of Adverbial Subordinator and Clause,Initial subordinator word,Sirk-1983[74],
94A-kil,kil,Kiluba,94A,Order of Adverbial Subordinator and Clause,Initial subordinator word,DeClercq-1929[78-79],
94A-mag,mag,Magar,94A,Order of Adverbial Subordinator and Clause,Initial subordinator word,Shepherd-and-Shepherd-1973[passim],
94A-mus,mus,Mussau,94A,Order of Adverbial Subordinator and Clause,Initial subordinator word,Ross-2002b[ 166],
94A-rsu,rsu,Romansch (Sursilvan),94A,Order of Adverbial Subordinator and Clause,Initial subordinator word,Haiman-1988[373],
94A-wau,wau,Waunana,94A,Order of Adverbial Subordinator and Clause,Mixed,"Loewen-1954[62-64, 69, 113]",
94A-adn,adn,Adynyamathanha,94A,Order of Adverbial Subordinator and Clause,Initial subordinator word,Schebeck-1974[45],
94A-ann,ann,Anindilyakwa,94A,Order of Adverbial Subordinator and Clause,Mixed,Leeding-1989[passim],
94A-crp,crp,Carapana,94A,Order of Adverbial Subordinator and Clause,Subordinating suffix,"Metzger-1981[199-200, 203]",
94A-mkg,mkg,Mandinka (Gambian),94A,Order of Adverbial Subordinator and Clause,Initial subordinator word,Rowlands-1959[5],
94A-srb,srb,Sorbian,94A,Order of Adverbial Subordinator and Clause,Initial subordinator word,Stone-1993[664],
94A-trm,trm,Tirmaga,94A,Order of Adverbial Subordinator and Clause,Mixed,Bryant-1999[118-123],
94A-dmk,dmk,Dumaki,94A,Order of Adverbial Subordinator and Clause,Mixed,Lorimer-1939[127-128],
94A-knw,knw,Konkow,94A,Order of Adverbial Subordinator and Clause,Subordinating suffix,Ultan-1967[115-118],
94A-kuu,kuu,Kuuku Ya'u,94A,Order of Adverbial Subordinator and Clause,Internal subordinator word,Thompson-1988[45],
94A-mzh,mzh,Mazatec (Huautla),94A,Order of Adverbial Subordinator and Clause,Initial subordinator word,Pike-1967[322],
94A-mki,mki,Mikasuki,94A,Order of Adverbial Subordinator and Clause,Subordinating suffix,Boynton-1982[174-175],
94A-sav,sav,Savi,94A,Order of Adverbial Subordinator and Clause,Mixed,Buddruss-1967[59],
94A-tou,tou,Toussian,94A,Order of Adverbial Subordinator and Clause,Initial subordinator word,Prost-1964g[316],
94A-tgh,tgh,Tuareg (Ghat),94A,Order of Adverbial Subordinator and Clause,Initial subordinator word,Nehlil-1909[81],
94A-all,all,Ala'ala,94A,Order of Adverbial Subordinator and Clause,Initial subordinator word,Symonds-1989[60],
94A-bka,bka,Baka (in Sudan),94A,Order of Adverbial Subordinator and Clause,Initial subordinator word,Santandrea-1976[passim],
94A-dhr,dhr,Dhargari,94A,Order of Adverbial Subordinator and Clause,Initial subordinator word,Klokeid-1969[54],
94A-dms,dms,Dimasa,94A,Order of Adverbial Subordinator and Clause,Final subordinator word,Dundas-1908[17],
94A-ggu,ggu,Gureng Gureng,94A,Order of Adverbial Subordinator and Clause,Initial subordinator word,Brasch-1975[20D],
94A-kpw,kpw,Karen (Pwo),94A,Order of Adverbial Subordinator and Clause,Mixed,Kato-2003[646-647],
94A-lac,lac,Lacandón,94A,Order of Adverbial Subordinator and Clause,Initial subordinator word,Bruce-1968[84],
94A-lou,lou,Lou,94A,Order of Adverbial Subordinator and Clause,Initial subordinator word,"Stutzman-1997[14, passim]",
94A-mds,mds,Manadonese,94A,Order of Adverbial Subordinator and Clause,Initial subordinator word,Wantalangi-1993[77ff],
94A-nku,nku,Nubian (Kunuz),94A,Order of Adverbial Subordinator and Clause,Subordinating suffix,Hofmann-1983[180-183],
94A-sud,sud,Sudest,94A,Order of Adverbial Subordinator and Clause,Initial subordinator word,Anderson-and-Ross-2002[345-346],
94A-trr,trr,Tairora,94A,Order of Adverbial Subordinator and Clause,Subordinating suffix,Vincent-and-Vincent-1962[25],
94A-tao,tao,Tarao,94A,Order of Adverbial Subordinator and Clause,Initial subordinator word,Singh-2002[85-86],
94A-tbt,tbt,Tobati,94A,Order of Adverbial Subordinator and Clause,Initial subordinator word,Donohue-2002[203],
94A-avo,avo,Avokaya,94A,Order of Adverbial Subordinator and Clause,Mixed,Kilpatrick-1984[passim 98],
94A-gav,gav,Gavião,94A,Order of Adverbial Subordinator and Clause,Final subordinator word,Moore-1984[89],
94A-kir,kir,Kirma,94A,Order of Adverbial Subordinator and Clause,Initial subordinator word,Prost-1964b[65-66],
94A-mek,mek,Mekens,94A,Order of Adverbial Subordinator and Clause,Initial subordinator word,"Galucio-2001[198, 199]",
94A-mer,mer,Meryam Mir,94A,Order of Adverbial Subordinator and Clause,Initial subordinator word,Piper-1989[201],
94A-pum,pum,Pumi,94A,Order of Adverbial Subordinator and Clause,Final subordinator word,Lu-1983[88],
94A-sia,sia,Siane,94A,Order of Adverbial Subordinator and Clause,Subordinating suffix,Salisbury-1956[464-465],
94A-sus,sus,Susu,94A,Order of Adverbial Subordinator and Clause,Initial subordinator word,Houis-1963[passim],
94A-swt,swt,Swati,94A,Order of Adverbial Subordinator and Clause,Initial subordinator word,Ziervogel-1952[209],
94A-thy,thy,Kuuk Thaayorre,94A,Order of Adverbial Subordinator and Clause,Initial subordinator word,,
94A-bvi,bvi,Bali-Vitu,94A,Order of Adverbial Subordinator and Clause,Initial subordinator word,Ross-2002c[386],
94A-chx,chx,Chontal (Huamelultec Oaxaca),94A,Order of Adverbial Subordinator and Clause,Initial subordinator word,Waterhouse-1967[362],
94A-lmh,lmh,Lamaholot,94A,Order of Adverbial Subordinator and Clause,Initial subordinator word,Arndt-1937[111-117],
94A-mco,mco,Mixe (Coatlán),94A,Order of Adverbial Subordinator and Clause,Initial subordinator word,Van-Haitsma-and-Van-Haitsma-1976[58],
94A-mov,mov,Movima,94A,Order of Adverbial Subordinator and Clause,Initial subordinator word,Haude-2006[ 504-508],
94A-osa,osa,Osage,94A,Order of Adverbial Subordinator and Clause,Final subordinator word,Quintero-1997[357],
94A-plg,plg,Palaung,94A,Order of Adverbial Subordinator and Clause,Initial subordinator word,Milne-1921[passim],
94A-pat,pat,Patep,94A,Order of Adverbial Subordinator and Clause,Initial subordinator word,Lauck-1976[passim],
94A-rov,rov,Roviana,94A,Order of Adverbial Subordinator and Clause,Initial subordinator word,Corston-Oliver-2002[496],
94A-tgl,tgl,Tshangla,94A,Order of Adverbial Subordinator and Clause,Subordinating suffix,Andvik-1999[ 434ff],
94A-udi,udi,Udi,94A,Order of Adverbial Subordinator and Clause,Initial subordinator word,Schulze-1982[passim],
94A-aml,aml,Ambae (Lolovoli Northeast),94A,Order of Adverbial Subordinator and Clause,Initial subordinator word,"Hyslop-2001[ 101, 415]",
94A-ams,ams,Arabic (Modern Standard),94A,Order of Adverbial Subordinator and Clause,Initial subordinator word,Cowan-1958[passim],
94A-blt,blt,Balti,94A,Order of Adverbial Subordinator and Clause,Final subordinator word,Read-1934[69],
94A-bsh,bsh,Bushoong,94A,Order of Adverbial Subordinator and Clause,Initial subordinator word,"Edmiston-1932[197, 202]",
94A-dom,dom,Domari,94A,Order of Adverbial Subordinator and Clause,Initial subordinator word,Macalister-1914[passim],
94A-gah,gah,Gahuku,94A,Order of Adverbial Subordinator and Clause,Subordinating suffix,Deibler-1976[69],
94A-gku,gku,Gününa Küne,94A,Order of Adverbial Subordinator and Clause,Subordinating suffix,Casamiquela-1983[77-78],
94A-hid,hid,Hidatsa,94A,Order of Adverbial Subordinator and Clause,Final subordinator word,"Matthews-1965[97, 102-103]",
94A-ho,ho,Ho,94A,Order of Adverbial Subordinator and Clause,Final subordinator word,Deeney-1975[81-84],
94A-idn,idn,Iduna,94A,Order of Adverbial Subordinator and Clause,Mixed,Huckett-1974[122],
94A-khr,khr,Kharia,94A,Order of Adverbial Subordinator and Clause,Mixed,,
94A-lag,lag,Lagwan,94A,Order of Adverbial Subordinator and Clause,Mixed,Lukas-1936[58-59],
94A-mea,mea,Meyah,94A,Order of Adverbial Subordinator and Clause,Initial subordinator word,,
94A-mga,mga,Mondunga,94A,Order of Adverbial Subordinator and Clause,Initial subordinator word,De-Boeck-1952[59-60],
94A-tnc,tnc,Tanacross,94A,Order of Adverbial Subordinator and Clause,Final subordinator word,Holton-2000[292],
94A-tob,tob,Toba,94A,Order of Adverbial Subordinator and Clause,Initial subordinator word,Klein-2001[ 45],
94A-zya,zya,Zapotec (Yatzachi),94A,Order of Adverbial Subordinator and Clause,Mixed,Butler-1980[320-323],
94A-alk,alk,Arop-Lokep,94A,Order of Adverbial Subordinator and Clause,Initial subordinator word,DJernes-2002[268],
94A-baq,baq,Baure,94A,Order of Adverbial Subordinator and Clause,Initial subordinator word,Baptista-and-Wallin-1967[passim],
94A-kmo,kmo,Koiali (Mountain),94A,Order of Adverbial Subordinator and Clause,Subordinating suffix,Garland-and-Garland-1975[passim],
94A-laa,laa,Laal,94A,Order of Adverbial Subordinator and Clause,Initial subordinator word,Boyeldieu-1982[passim 191],
94A-mbt,mbt,Mangbetu,94A,Order of Adverbial Subordinator and Clause,Initial subordinator word,Tucker-and-Bryan-1966[313-314],
94A-mbr,mbr,Mbara,94A,Order of Adverbial Subordinator and Clause,Initial subordinator word,Tourneux-et-al-1986[194],
94A-mxj,mxj,Mixtec (Jicaltepec),94A,Order of Adverbial Subordinator and Clause,Initial subordinator word,"Bradley-1970[40, 68]",
94A-sna,sna,Shina,94A,Order of Adverbial Subordinator and Clause,Mixed,Bailey-1924[76-77],
94A-wak,wak,Wakhi,94A,Order of Adverbial Subordinator and Clause,Internal subordinator word,Lorimer-1958[218-219],
94A-bkl,bkl,Bikol,94A,Order of Adverbial Subordinator and Clause,Initial subordinator word,Mintz-1971a[109-110],
94A-bmb,bmb,Bimoba,94A,Order of Adverbial Subordinator and Clause,Mixed,"Jacobs-1970[43, 46, 73]",
94A-bgo,bgo,Bongo,94A,Order of Adverbial Subordinator and Clause,Internal subordinator word,Santandrea-1963[passim],
94A-bum,bum,Buma,94A,Order of Adverbial Subordinator and Clause,Initial subordinator word,Tryon-2002[585],
94A-eud,eud,Eudeve,94A,Order of Adverbial Subordinator and Clause,Mixed,Shaul-1991[95-96],
94A-kau,kau,Kaulong,94A,Order of Adverbial Subordinator and Clause,Initial subordinator word,Ross-2002i[409],
94A-koe,koe,Koegu,94A,Order of Adverbial Subordinator and Clause,Initial subordinator word,Hieda-1998[372],
94A-kkt,kkt,Kokota,94A,Order of Adverbial Subordinator and Clause,Initial subordinator word,Palmer-2002[522],
94A-mlu,mlu,Maleu,94A,Order of Adverbial Subordinator and Clause,Initial subordinator word,Haywood-1996[178],
94A-mmn,mmn,Mamanwa,94A,Order of Adverbial Subordinator and Clause,Initial subordinator word,Miller-and-Miller-1976[92],
94A-mru,mru,Maru,94A,Order of Adverbial Subordinator and Clause,Final subordinator word,Clerk-1911[20],
94A-ngo,ngo,Ngoni,94A,Order of Adverbial Subordinator and Clause,Initial subordinator word,Ngonyani-2003[82-85],
94A-rwe,rwe,Romani (Welsh),94A,Order of Adverbial Subordinator and Clause,Initial subordinator word,Sampson-1926[222-223],
94A-rum,rum,Rumu,94A,Order of Adverbial Subordinator and Clause,Mixed,"Petterson-1999[passim 146, 148]",
94A-run,run,Runga,94A,Order of Adverbial Subordinator and Clause,Mixed,Nougayrol-1989[66-69],
94A-srd,srd,Sardinian,94A,Order of Adverbial Subordinator and Clause,Initial subordinator word,Jones-1988[342],
94A-see,see,Seediq,94A,Order of Adverbial Subordinator and Clause,Mixed,Holmer-1996[59-60],
94A-tlo,tlo,Tobelo,94A,Order of Adverbial Subordinator and Clause,Initial subordinator word,Holton-2003[64-65],
94A-akh,akh,Akha,94A,Order of Adverbial Subordinator and Clause,Final subordinator word,"Dellinger-1969[passim 44, 197-198]",
94A-arq,arq,Arabic (Iraqi),94A,Order of Adverbial Subordinator and Clause,Initial subordinator word,"Erwin-1963[307, 387, 391]",
94A-cya,cya,Chatino (Yaitepec),94A,Order of Adverbial Subordinator and Clause,Initial subordinator word,Rasch-2002[298-309],
94A-hlp,hlp,Hualapai,94A,Order of Adverbial Subordinator and Clause,Subordinating suffix,Watahomigie-et-al-1982[passim],
94A-hnd,hnd,Hunde,94A,Order of Adverbial Subordinator and Clause,Initial subordinator word,Kahombo-1992[214-223],
94A-hpd,hpd,Hup,94A,Order of Adverbial Subordinator and Clause,Mixed,"Epps-2008[ 870, 872]",
94A-kwn,kwn,Kwangali,94A,Order of Adverbial Subordinator and Clause,Initial subordinator word,Dammann-1957[118-119],
94A-ldu,ldu,Lendu,94A,Order of Adverbial Subordinator and Clause,Final subordinator word,Tucker-1967[412],
94A-nma,nma,Naga (Mao),94A,Order of Adverbial Subordinator and Clause,Subordinating suffix,Giridhar-1994[460-463],
94A-nhm,nhm,Nahuatl (Michoacán),94A,Order of Adverbial Subordinator and Clause,Initial subordinator word,"Sischo-1979[313, 367-369]",
94A-paa,paa,Pa'a,94A,Order of Adverbial Subordinator and Clause,Initial subordinator word,Skinner-1979[passim],
94A-pkt,pkt,Pokot,94A,Order of Adverbial Subordinator and Clause,Initial subordinator word,Baroja-1989[275-282];Crazzolara-1978[128-132],
94A-rny,rny,Runyankore,94A,Order of Adverbial Subordinator and Clause,Initial subordinator word,Morris-and-Kirwan-1972[89-90],
94A-sak,sak,Sakao,94A,Order of Adverbial Subordinator and Clause,Initial subordinator word,"Guy-1974a[72, 77]",
94A-son,son,Sonsorol-Tobi,94A,Order of Adverbial Subordinator and Clause,Initial subordinator word,Capell-1969[passim],
94A-sti,sti,Stieng,94A,Order of Adverbial Subordinator and Clause,Initial subordinator word,Miller-1976[19],
94A-tmo,tmo,Tibetan (Modern Literary),94A,Order of Adverbial Subordinator and Clause,Mixed,"Goldstein-1991[69-70, 97-99, 163-164, 249]",
94A-apt,apt,Apatani,94A,Order of Adverbial Subordinator and Clause,Final subordinator word,Abraham-1985[138-139],
94A-bil,bil,Bilua,94A,Order of Adverbial Subordinator and Clause,Mixed,Obata-2003,
94A-cmr,cmr,Chin (Mara),94A,Order of Adverbial Subordinator and Clause,Final subordinator word,Lorrain-1951[passim],
94A-chs,chs,Chin (Siyin),94A,Order of Adverbial Subordinator and Clause,Final subordinator word,"Naylor-1925[13, 15, 21, 26, 27, 30]",
94A-kls,kls,Kalispel,94A,Order of Adverbial Subordinator and Clause,Initial subordinator word,"Vogt-1940[71, 177]",
94A-maj,maj,Majang,94A,Order of Adverbial Subordinator and Clause,Mixed,Unseth-1989[116-118],
94A-mlg,mlg,Malgwa,94A,Order of Adverbial Subordinator and Clause,Initial subordinator word,Lohr-2002[253-256],
94A-man,man,Mano,94A,Order of Adverbial Subordinator and Clause,Initial subordinator word,Becker-Donner-1965[passim],
94A-mwb,mwb,Manobo (Western Bukidnon),94A,Order of Adverbial Subordinator and Clause,Initial subordinator word,Elkins-1970[44-46],
94A-mee,mee,Me'en,94A,Order of Adverbial Subordinator and Clause,Initial subordinator word,Will-1989[148],
94A-nhh,nhh,Nahuatl (Huasteca),94A,Order of Adverbial Subordinator and Clause,Initial subordinator word,Beller-and-Beller-1979[295],
94A-nev,nev,Nevome,94A,Order of Adverbial Subordinator and Clause,Mixed,Shaul-1982[120-129],
94A-nwd,nwd,Newar (Dolakha),94A,Order of Adverbial Subordinator and Clause,Mixed,Genetti-1990[215-223],
94A-nkn,nkn,Nkonya,94A,Order of Adverbial Subordinator and Clause,Initial subordinator word,Reineke-1972[59-61],
94A-ocu,ocu,Ocuilteco,94A,Order of Adverbial Subordinator and Clause,Initial subordinator word,Muntzel-1986[151],
94A-pnn,pnn,Pangasinan,94A,Order of Adverbial Subordinator and Clause,Initial subordinator word,"Benton-1971a[60-61, 66-67]",
94A-sdw,sdw,Sandawe,94A,Order of Adverbial Subordinator and Clause,Initial subordinator word,Eaton-2008[ 166],
94A-sar,sar,Sare,94A,Order of Adverbial Subordinator and Clause,Initial subordinator word,Sumbuk-2002,
94A-skk,skk,Sikkimese,94A,Order of Adverbial Subordinator and Clause,Final subordinator word,"Sandberg-1888[49, 50, 56, 57]",
94A-uld,uld,Uldeme,94A,Order of Adverbial Subordinator and Clause,Initial subordinator word,de-Colombel-1997[86-88],
94A-wal,wal,Walman,94A,Order of Adverbial Subordinator and Clause,Initial subordinator word,Schmidt-and-Vormann-1900[ passim],
94A-bho,bho,Bhojpuri,94A,Order of Adverbial Subordinator and Clause,Initial subordinator word,Shukla-1981[154],
94A-btk,btk,Bontok,94A,Order of Adverbial Subordinator and Clause,Initial subordinator word,Seidenadel-1909[250-258],
94A-ckl,ckl,Chinook (Lower),94A,Order of Adverbial Subordinator and Clause,Initial subordinator word,Boas-1911b[passim],
94A-duk,duk,Duka,94A,Order of Adverbial Subordinator and Clause,Initial subordinator word,"Bendor-Samuel-et-al-1973[6, 14, 16, 21-22, 36]",
94A-eno,eno,Enggano,94A,Order of Adverbial Subordinator and Clause,Initial subordinator word,Kahler-1940[114-116],
94A-gok,gok,Gokana,94A,Order of Adverbial Subordinator and Clause,Initial subordinator word,,
94A-gjj,gjj,Guajajara,94A,Order of Adverbial Subordinator and Clause,Final subordinator word,Bendor-Samuel-1972[passim],
94A-hal,hal,Halia,94A,Order of Adverbial Subordinator and Clause,Initial subordinator word,Allen-and-Allen-1965[passim],
94A-ifu,ifu,Ifugao (Batad),94A,Order of Adverbial Subordinator and Clause,Initial subordinator word,"Newell-1993[84, passim]",
94A-kbw,kbw,Karen (Bwe),94A,Order of Adverbial Subordinator and Clause,Mixed,Henderson-1997[passim],
94A-kok,kok,Kokborok,94A,Order of Adverbial Subordinator and Clause,Mixed,Karapurkar-1976[passim],
94A-kuv,kuv,Kuvi,94A,Order of Adverbial Subordinator and Clause,Final subordinator word,Israel-1979[219-223],
94A-lgu,lgu,Longgu,94A,Order of Adverbial Subordinator and Clause,Initial subordinator word,Hill-2002[559],
94A-mut,mut,Mutsun,94A,Order of Adverbial Subordinator and Clause,Initial subordinator word,"Okrand-1977[309-310, 341]",
94A-nam,nam,Namia,94A,Order of Adverbial Subordinator and Clause,Final subordinator word,Feldpausch-and-Feldpausch-1992[48-49],
94A-ngd,ngd,Ngad'a,94A,Order of Adverbial Subordinator and Clause,Initial subordinator word,Arndt-1933b[30],
94A-olo,olo,Olo,94A,Order of Adverbial Subordinator and Clause,Initial subordinator word,Staley-1995[74];Staley-nd[223],
94A-teo,teo,Teop,94A,Order of Adverbial Subordinator and Clause,Initial subordinator word,Mosel-and-Spriggs-1992[passim 100-101],
94A-tim,tim,Timugon,94A,Order of Adverbial Subordinator and Clause,Initial subordinator word,Prentice-1971[225],
94A-yay,yay,Yay,94A,Order of Adverbial Subordinator and Clause,Initial subordinator word,Hudak-1991[xxxi-xxxii],
94A-zap,zap,Zapotec (Mitla),94A,Order of Adverbial Subordinator and Clause,Mixed,"Briggs-1961[59-60, 83]",
94A-adi,adi,Adioukrou,94A,Order of Adverbial Subordinator and Clause,Mixed,"Herault-1978[395, 402, 404]",
94A-agm,agm,Angami,94A,Order of Adverbial Subordinator and Clause,Final subordinator word,Giridhar-1980[96-100],
94A-bak,bak,Baka (in Cameroon),94A,Order of Adverbial Subordinator and Clause,Initial subordinator word,Kilian-Hatz-1989[xxv],
94A-brf,brf,Berber (Rif),94A,Order of Adverbial Subordinator and Clause,Initial subordinator word,Kossmann-2000[194-201],
94A-gur,gur,Gurung,94A,Order of Adverbial Subordinator and Clause,Subordinating suffix,Glover-1974[117],
94A-izi,izi,Izi,94A,Order of Adverbial Subordinator and Clause,Initial subordinator word,Meier-et-al-1975[passim],
94A-khg,khg,Khaling,94A,Order of Adverbial Subordinator and Clause,Subordinating suffix,Toba-1984[29],
94A-lmg,lmg,Lamang,94A,Order of Adverbial Subordinator and Clause,Initial subordinator word,"Wolff-1983[247, 249]",
94A-mik,mik,Mikir,94A,Order of Adverbial Subordinator and Clause,Subordinating suffix,Jeyapaul-1987[159],
94A-mxo,mxo,Mixtec (Ocotepec),94A,Order of Adverbial Subordinator and Clause,Initial subordinator word,Alexander-1988[284-248],
94A-tep,tep,Tepehua (Tlachichilco),94A,Order of Adverbial Subordinator and Clause,Initial subordinator word,Watters-1988[passim],
94A-tir,tir,Tiriyo,94A,Order of Adverbial Subordinator and Clause,Mixed,Meira-1999[565-579],
94A-tnn,tnn,Tunen,94A,Order of Adverbial Subordinator and Clause,Initial subordinator word,"Dugast-1971[211-214, 315-321]",
94A-tzo,tzo,Tzotzil,94A,Order of Adverbial Subordinator and Clause,Initial subordinator word,Cowan-1969[passim],
94A-way,way,Wayampi,94A,Order of Adverbial Subordinator and Clause,Final subordinator word,Grenand-1980[passim],
94A-aln,aln,Alune,94A,Order of Adverbial Subordinator and Clause,Initial subordinator word,Niggemeyer-1951[passim],
94A-cem,cem,Cèmuhî,94A,Order of Adverbial Subordinator and Clause,Initial subordinator word,Lynch-2002c[763],
94A-efi,efi,Efik,94A,Order of Adverbial Subordinator and Clause,Initial subordinator word,Welmers-1968a[139],
94A-ga,ga,Gã,94A,Order of Adverbial Subordinator and Clause,Initial subordinator word,Ablorh-Odjidja-1968[122],
94A-lal,lal,Lalo,94A,Order of Adverbial Subordinator and Clause,Final subordinator word,Bjorverud-1998[149-150],
94A-lmn,lmn,Lamani,94A,Order of Adverbial Subordinator and Clause,Final subordinator word,"Trail-1970[32, 76]",
94A-lbu,lbu,Lunda,94A,Order of Adverbial Subordinator and Clause,Initial subordinator word,"Kawasha-2003[414, 418, 419, 422]",
94A-mog,mog,Moghol,94A,Order of Adverbial Subordinator and Clause,Initial subordinator word,Weiers-2003[261],
94A-ngt,ngt,Naga (Tangkhul),94A,Order of Adverbial Subordinator and Clause,Mixed,"Pettigrew-1918[28, 62]",
94A-tbo,tbo,Tboli,94A,Order of Adverbial Subordinator and Clause,Initial subordinator word,Porter-1977[passim],
94A-ten,ten,Tennet,94A,Order of Adverbial Subordinator and Clause,Initial subordinator word,"Randal-1998[257, 258]",
94A-tes,tes,Teso,94A,Order of Adverbial Subordinator and Clause,Initial subordinator word,"Hilders-and-Lawrance-1956[42-43, 46, passim]",
94A-wlo,wlo,Wolio,94A,Order of Adverbial Subordinator and Clause,Initial subordinator word,Anceaux-1952[58],
94A-acl,acl,Acholi,94A,Order of Adverbial Subordinator and Clause,Initial subordinator word,Crazzolara-1955[passim],
94A-ath,ath,Athpare,94A,Order of Adverbial Subordinator and Clause,Final subordinator word,Ebert-1997b[149-151],
94A-cpl,cpl,Chinantec (Palantla),94A,Order of Adverbial Subordinator and Clause,Initial subordinator word,"Merrifield-1968[75-78, 88]",
94A-fua,fua,Fula (Cameroonian),94A,Order of Adverbial Subordinator and Clause,Initial subordinator word,Stennes-1967[193-194];Arnott-1970[37-38];Stennes-1961[21ff];Taylor-1953[68-71],
94A-ful,ful,Fulniô,94A,Order of Adverbial Subordinator and Clause,Subordinating suffix,"Lapenda-1968[135, 154, 210]",
94A-khl,khl,Khalaj,94A,Order of Adverbial Subordinator and Clause,Initial subordinator word,"Doerfer-1988[126, 228-230]",
94A-kik,kik,Kikuyu,94A,Order of Adverbial Subordinator and Clause,Initial subordinator word,Barlow-1960[204-205],
94A-mdn,mdn,Mandan,94A,Order of Adverbial Subordinator and Clause,Subordinating suffix,Kennard-1936[21],
94A-maw,maw,Maninka (Western),94A,Order of Adverbial Subordinator and Clause,Final subordinator word,Delafosse-1929[257],
94A-mon,mon,Mon,94A,Order of Adverbial Subordinator and Clause,Initial subordinator word,"Bauer-1982a[339, 440-441, 449, 452]",
94A-mou,mou,Moru,94A,Order of Adverbial Subordinator and Clause,Mixed,"Tucker-1967[256, 313-314];Andersen-1986[passim]",
94A-mgu,mgu,Musgu,94A,Order of Adverbial Subordinator and Clause,Initial subordinator word,Meyer-Bahlburg-1972[227-233],
94A-nue,nue,Nuer,94A,Order of Adverbial Subordinator and Clause,Initial subordinator word,Crazzolara-1933[193-195],
94A-pul,pul,Puluwat,94A,Order of Adverbial Subordinator and Clause,Initial subordinator word,Elbert-1974[103ff],
94A-shl,shl,Shilluk,94A,Order of Adverbial Subordinator and Clause,Initial subordinator word,Kohnen-1933[87-92],
94A-sng,sng,Sinaugoro,94A,Order of Adverbial Subordinator and Clause,Mixed,"Tauberschmidt-1999[ 78];Kolia-1975[165, 168, passim]",
94A-amb,amb,Ambulas,94A,Order of Adverbial Subordinator and Clause,Mixed,Wilson-1980[269-282],
94A-amo,amo,Amo,94A,Order of Adverbial Subordinator and Clause,Initial subordinator word,Di-Luzio-1972[45],
94A-chw,chw,Cham (Western),94A,Order of Adverbial Subordinator and Clause,Initial subordinator word,Baumgartner-1998[9-10],
94A-cmy,cmy,Chontal Maya,94A,Order of Adverbial Subordinator and Clause,Initial subordinator word,Knowles-1984[passim 340-344],
94A-coc,coc,Cocama,94A,Order of Adverbial Subordinator and Clause,Mixed,"Faust-1972[138-139];Faust-1971[81-82, 99]",
94A-did,did,Didinga,94A,Order of Adverbial Subordinator and Clause,Initial subordinator word,"Rosato-1980[14, passim 24, 46-48]",
94A-gim,gim,Gimira,94A,Order of Adverbial Subordinator and Clause,Final subordinator word,Breeze-1990[53],
94A-guj,guj,Gujarati,94A,Order of Adverbial Subordinator and Clause,Initial subordinator word,"Cardona-1965[107, 152]",
94A-jmo,jmo,Jur Mödö,94A,Order of Adverbial Subordinator and Clause,Initial subordinator word,Persson-and-Persson-1991[24],
94A-krr,krr,Kairiru,94A,Order of Adverbial Subordinator and Clause,Initial subordinator word,Wivell-1981[183],
94A-mng,mng,Manggarai,94A,Order of Adverbial Subordinator and Clause,Initial subordinator word,"Semiun-1993[38, 87ff]",
94A-mra,mra,Mara,94A,Order of Adverbial Subordinator and Clause,Initial subordinator word,"Heath-1981[295-296, 298-299]",
94A-mka,mka,Mauka,94A,Order of Adverbial Subordinator and Clause,Initial subordinator word,"Ebermann-1986a[122-125, 136-137, 176-177]",
94A-nyi,nyi,Nyimang,94A,Order of Adverbial Subordinator and Clause,Initial subordinator word,Tucker-and-Bryan-1966[passim],
94A-plh,plh,Paulohi,94A,Order of Adverbial Subordinator and Clause,Initial subordinator word,Stresemann-1918[76-77],
94A-pme,pme,Pomo (Eastern),94A,Order of Adverbial Subordinator and Clause,Subordinating suffix,McLendon-1975[91-92],
94A-src,src,Sarcee,94A,Order of Adverbial Subordinator and Clause,Mixed,"Cook-1984[88, passim]",
94A-baj,baj,Bajau (Sama),94A,Order of Adverbial Subordinator and Clause,Initial subordinator word,Verheijen-1986[passim],
94A-blx,blx,Biloxi,94A,Order of Adverbial Subordinator and Clause,Final subordinator word,Einaudi-1976[162-163],
94A-cic,cic,Chichewa,94A,Order of Adverbial Subordinator and Clause,Initial subordinator word,Bentley-and-Kulemeka-2001[40-43],
94A-emb,emb,Emberá (Northern),94A,Order of Adverbial Subordinator and Clause,Subordinating suffix,"Loewen-1958[71, 76]",
94A-krn,krn,Korana,94A,Order of Adverbial Subordinator and Clause,Final subordinator word,Meinhof-1930[61],
94A-mbm,mbm,Mbum,94A,Order of Adverbial Subordinator and Clause,Initial subordinator word,Hagege-1970[339-341],
94A-meh,meh,Mehri,94A,Order of Adverbial Subordinator and Clause,Initial subordinator word,"Simeone-Senelle-1997[415, 417]",
94A-ngm,ngm,Ngambay,94A,Order of Adverbial Subordinator and Clause,Initial subordinator word,Thayer-1978[86-99],
94A-sem,sem,Sema,94A,Order of Adverbial Subordinator and Clause,Final subordinator word,Sreedhar-1980[170-171],
94A-sio,sio,Sio,94A,Order of Adverbial Subordinator and Clause,Initial subordinator word,Clark-and-Clark-1987[80],
94A-twe,twe,Tarahumara (Western),94A,Order of Adverbial Subordinator and Clause,Mixed,"Burgess-1984[139-140, passim]",
94A-tic,tic,Ticuna,94A,Order of Adverbial Subordinator and Clause,Initial subordinator word,Anderson-1962[passim],
94A-uby,uby,Ubykh,94A,Order of Adverbial Subordinator and Clause,Subordinating suffix,Charachidze-1989[386],
94A-urd,urd,Urdu,94A,Order of Adverbial Subordinator and Clause,Initial subordinator word,"Bender-1967[144, 229]",
94A-yin,yin,Yindjibarndi,94A,Order of Adverbial Subordinator and Clause,Subordinating suffix,Wordick-1982[184-185],
94A-au,au,Au,94A,Order of Adverbial Subordinator and Clause,Initial subordinator word,Scorza-1985[252-255],
94A-bfg,bfg,Berber (Figuig),94A,Order of Adverbial Subordinator and Clause,Initial subordinator word,Kossmann-1997[327-333],
94A-kmj,kmj,Karimojong,94A,Order of Adverbial Subordinator and Clause,Initial subordinator word,Novelli-1985[passim],
94A-moo,moo,Mooré,94A,Order of Adverbial Subordinator and Clause,Internal subordinator word,Lehr-et-al-1966[xxiv-xxxv 132],
94A-taj,taj,Tajik,94A,Order of Adverbial Subordinator and Clause,Initial subordinator word,Rastorgueva-1963[passim 104],
94A-tno,tno,Tondano,94A,Order of Adverbial Subordinator and Clause,Initial subordinator word,Sneddon-1975[185-187],
94A-wik,wik,Wikchamni,94A,Order of Adverbial Subordinator and Clause,Initial subordinator word,Gamble-1978[115],
94A-bud,bud,Buduma,94A,Order of Adverbial Subordinator and Clause,Final subordinator word,Lukas-and-Nachtigal-1939[79-81],
94A-crn,crn,Cornish,94A,Order of Adverbial Subordinator and Clause,Initial subordinator word,Jenner-1904[162-163],
94A-ese,ese,Ese Ejja,94A,Order of Adverbial Subordinator and Clause,Final subordinator word,Shoemaker-and-Shoemaker-1967[passim],
94A-grf,grf,Garífuna,94A,Order of Adverbial Subordinator and Clause,Initial subordinator word,Taylor-1977[passim];Taylor-1958[passim],
94A-hmi,hmi,Huitoto (Minica),94A,Order of Adverbial Subordinator and Clause,Final subordinator word,Minor-et-al-1982[55],
94A-kku,kku,Korku,94A,Order of Adverbial Subordinator and Clause,Final subordinator word,Drake-1903[passim],
94A-kmp,kmp,Kunimaipa,94A,Order of Adverbial Subordinator and Clause,Subordinating suffix,"Geary-1977[31, 75, 127]",
94A-lmp,lmp,Lampung,94A,Order of Adverbial Subordinator and Clause,Initial subordinator word,Walker-1976[13-14],
94A-llm,llm,Lelemi,94A,Order of Adverbial Subordinator and Clause,Initial subordinator word,Hoftmann-1971[57],
94A-ndo,ndo,Ndonga,94A,Order of Adverbial Subordinator and Clause,Initial subordinator word,Fivaz-1986[133];Viljoen-and-Amakali-1978[144-145],
94A-naj,naj,Neo-Aramaic (Arbel Jewish),94A,Order of Adverbial Subordinator and Clause,Initial subordinator word,Khan-1999[402],
94A-nsg,nsg,Nisgha,94A,Order of Adverbial Subordinator and Clause,Initial subordinator word,"Tarpent-1987[302, 343, 416, 420-421, 426-433]",
94A-par,par,Päri,94A,Order of Adverbial Subordinator and Clause,Initial subordinator word,Simeoni-1978[passim],
94A-raw,raw,Rawang,94A,Order of Adverbial Subordinator and Clause,Final subordinator word,Barnard-1934[13],
94A-tar,tar,Tariana,94A,Order of Adverbial Subordinator and Clause,Mixed,Aikhenvald-2003,
94A-zai,zai,Zapotec (Isthmus),94A,Order of Adverbial Subordinator and Clause,Initial subordinator word,Pickett-et-al-1998[105-107],
94A-arw,arw,Armenian (Western),94A,Order of Adverbial Subordinator and Clause,Initial subordinator word,Gulian-1965[passim],
94A-baa,baa,Barai,94A,Order of Adverbial Subordinator and Clause,Subordinating suffix,Olson-1975[499],
94A-cti,cti,Chin (Tiddim),94A,Order of Adverbial Subordinator and Clause,Final subordinator word,Henderson-1965[passim],
94A-hay,hay,Hayu,94A,Order of Adverbial Subordinator and Clause,Subordinating suffix,"Michailovsky-1988[182-184, 190-191]",
94A-kma,kma,Kamaiurá,94A,Order of Adverbial Subordinator and Clause,Mixed,Seki-2000[186-194],
94A-lda,lda,Luganda,94A,Order of Adverbial Subordinator and Clause,Initial subordinator word,"Ashton-et-al-1954[228, 288, 319]",
94A-sro,sro,Siroi,94A,Order of Adverbial Subordinator and Clause,Final subordinator word,"Wells-1979[117-119, 128-131]",
94A-sul,sul,Sulka,94A,Order of Adverbial Subordinator and Clause,Initial subordinator word,Tharp-1996[148],
94A-txj,txj,Totonac (Xicotepec de Juárez),94A,Order of Adverbial Subordinator and Clause,Initial subordinator word,Reid-et-al-1968[69],
94A-tri,tri,Trique (Copala),94A,Order of Adverbial Subordinator and Clause,Initial subordinator word,Hollenbach-1992[386-394],
94A-anj,anj,Anejom,94A,Order of Adverbial Subordinator and Clause,Mixed,"Lynch-2000[157, 159, 165]",
94A-asy,asy,Arabic (Syrian),94A,Order of Adverbial Subordinator and Clause,Initial subordinator word,Cowell-1964[490],
94A-ccm,ccm,Chinantec (Comaltepec),94A,Order of Adverbial Subordinator and Clause,Initial subordinator word,"Anderson-1989[99-100, passim]",
94A-ctm,ctm,Chitimacha,94A,Order of Adverbial Subordinator and Clause,Final subordinator word,Swanton-1919[17],
94A-gmw,gmw,Gumawana,94A,Order of Adverbial Subordinator and Clause,Initial subordinator word,"Olson-1988[131-135, passim]",
94A-kng,kng,Kaingang,94A,Order of Adverbial Subordinator and Clause,Final subordinator word,"Wiesemann-1972[132, 138]",
94A-mad,mad,Ma'di,94A,Order of Adverbial Subordinator and Clause,Internal subordinator word,,
94A-ndt,ndt,Ndut,94A,Order of Adverbial Subordinator and Clause,Initial subordinator word,Morgan-1996[121-122],
94A-obo,obo,Obolo,94A,Order of Adverbial Subordinator and Clause,Initial subordinator word,Faraclas-1984[111],
94A-udm,udm,Udmurt,94A,Order of Adverbial Subordinator and Clause,Final subordinator word,"Tepljashina-1966[277, 277]",
94A-wbn,wbn,Wambon,94A,Order of Adverbial Subordinator and Clause,Final subordinator word,de-Vries-1989[102-106],
94A-wol,wol,Woleaian,94A,Order of Adverbial Subordinator and Clause,Initial subordinator word,"Sohn-1975[98-99, 302]",
94A-bya,bya,Byansi,94A,Order of Adverbial Subordinator and Clause,Mixed,"Trivedi-1991[131, 162]",
94A-cay,cay,Cayapa,94A,Order of Adverbial Subordinator and Clause,Final subordinator word,Abrahamson-1962[passim],
94A-chp,chp,Chipewyan,94A,Order of Adverbial Subordinator and Clause,Final subordinator word,Richardson-1968[passim],
94A-kmh,kmh,Kham,94A,Order of Adverbial Subordinator and Clause,Subordinating suffix,Watters-1973[643],
94A-kol,kol,Kolami,94A,Order of Adverbial Subordinator and Clause,Subordinating suffix,Emeneau-1955[91],
94A-kry,kry,Koryak,94A,Order of Adverbial Subordinator and Clause,Initial subordinator word,Bogoras-1917[passim],
94A-min,min,Minangkabau,94A,Order of Adverbial Subordinator and Clause,Initial subordinator word,Moussay-1981[286ff],
94A-mxp,mxp,Mixtec (Peñoles),94A,Order of Adverbial Subordinator and Clause,Initial subordinator word,Daly-1973[65],
94A-moh,moh,Mohawk,94A,Order of Adverbial Subordinator and Clause,Initial subordinator word,Bonvillain-1973[passim],
94A-nua,nua,Nuaulu,94A,Order of Adverbial Subordinator and Clause,Initial subordinator word,"Bolton-1990[143, 146, 151, 154]",
94A-chq,chq,Chinantec (Quiotepec),94A,Order of Adverbial Subordinator and Clause,Initial subordinator word,"Robbins-1968[132, 144, passim]",
94A-gud,gud,Gude,94A,Order of Adverbial Subordinator and Clause,Initial subordinator word,"Hoskison-1983[129, 133]",
94A-men,men,Menomini,94A,Order of Adverbial Subordinator and Clause,Initial subordinator word,Bloomfield-1962[485],
94A-nia,nia,Nias,94A,Order of Adverbial Subordinator and Clause,Initial subordinator word,Brown-2001,
94A-rem,rem,Remo,94A,Order of Adverbial Subordinator and Clause,Subordinating suffix,"Fernandez-1967[61, 100]",
94A-rot,rot,Rotuman,94A,Order of Adverbial Subordinator and Clause,Initial subordinator word,"Churchward-1940[29-30, passim]",
94A-shi,shi,Shiriana,94A,Order of Adverbial Subordinator and Clause,Final subordinator word,"Gomez-1990[131, 133-134]",
94A-tbu,tbu,Tubu,94A,Order of Adverbial Subordinator and Clause,Mixed,Lukas-1953[180],
94A-tuc,tuc,Tucano,94A,Order of Adverbial Subordinator and Clause,Final subordinator word,West-1980[202-204],
94A-ani,ani,//Ani,94A,Order of Adverbial Subordinator and Clause,Initial subordinator word,Heine-1999a[74],
94A-fut,fut,Futuna-Aniwa,94A,Order of Adverbial Subordinator and Clause,Initial subordinator word,Dougherty-1983[passim],
94A-hum,hum,Huitoto (Murui),94A,Order of Adverbial Subordinator and Clause,Final subordinator word,Burtch-and-Wise-1968[16],
94A-kam,kam,Kambera,94A,Order of Adverbial Subordinator and Clause,Initial subordinator word,Klamer-1998[143],
94A-kzy,kzy,Komi-Zyrian,94A,Order of Adverbial Subordinator and Clause,Mixed,Hausenberg-1998[322],
94A-lao,lao,Lao,94A,Order of Adverbial Subordinator and Clause,Initial subordinator word,"Yates-and-Sayisthsena-1970[112, 124, 169]",
94A-lnd,lnd,Linda,94A,Order of Adverbial Subordinator and Clause,Initial subordinator word,Cloarec-Heiss-1986[512-523],
94A-mai,mai,Maithili,94A,Order of Adverbial Subordinator and Clause,Initial subordinator word,"Davis-1973a[271-274, 290-292, 294]",
94A-msl,msl,Masalit,94A,Order of Adverbial Subordinator and Clause,Subordinating suffix,Edgar-1989[79],
94A-ser,ser,Seri,94A,Order of Adverbial Subordinator and Clause,Final subordinator word,Marlett-1981[150-151],
94A-shn,shn,Shona,94A,Order of Adverbial Subordinator and Clause,Initial subordinator word,"Fortune-1955[410, 406-417]",
94A-tng,tng,Tongan,94A,Order of Adverbial Subordinator and Clause,Initial subordinator word,Churchward-1953[49-54],
94A-vai,vai,Vai,94A,Order of Adverbial Subordinator and Clause,Initial subordinator word,Welmers-1976[105ff],
94A-gwa,gwa,Gwari,94A,Order of Adverbial Subordinator and Clause,Initial subordinator word,Hyman-and-Magaji-1970[110-111],
94A-kmb,kmb,Kombai,94A,Order of Adverbial Subordinator and Clause,Final subordinator word,de-Vries-1989[189-190],
94A-lon,lon,Loniu,94A,Order of Adverbial Subordinator and Clause,Initial subordinator word,"Hamel-1985[245-247, 253-262]",
94A-mde,mde,Mende,94A,Order of Adverbial Subordinator and Clause,Initial subordinator word,Aginsky-1935[passim],
94A-niu,niu,Niuean,94A,Order of Adverbial Subordinator and Clause,Initial subordinator word,Seiter-1980[passim],
94A-noo,noo,Noon,94A,Order of Adverbial Subordinator and Clause,Initial subordinator word,Soukka-2000[252],
94A-cbo,cbo,Chácobo,94A,Order of Adverbial Subordinator and Clause,Subordinating suffix,Prost-1967[passim],
94A-kan,kan,Kana,94A,Order of Adverbial Subordinator and Clause,Initial subordinator word,Ikoro-1996[270-279],
94A-kwo,kwo,Kwoma,94A,Order of Adverbial Subordinator and Clause,Subordinating suffix,"Kooyers-1974[60-62, passim]",
94A-mnc,mnc,Manchu,94A,Order of Adverbial Subordinator and Clause,Final subordinator word,Haenisch-1961[49],
94A-non,non,Noni,94A,Order of Adverbial Subordinator and Clause,Initial subordinator word,Hyman-1981b[102-103],
94A-per,per,Pero,94A,Order of Adverbial Subordinator and Clause,Mixed,"Frajzyngier-1989[197-200, 269-275]",
94A-taw,taw,Tawala,94A,Order of Adverbial Subordinator and Clause,Mixed,Ezard-1991[450-451],
94A-cso,cso,Chatino (Sierra Occidental),94A,Order of Adverbial Subordinator and Clause,Initial subordinator word,"Pride-1965[148, 154]",
94A-ewo,ewo,Ewondo,94A,Order of Adverbial Subordinator and Clause,Initial subordinator word,Redden-1979[passim],
94A-ksg,ksg,Karen (Sgaw),94A,Order of Adverbial Subordinator and Clause,Mixed,"Jones-1961[21, 35, 36, passim]",
94A-miz,miz,Mizo,94A,Order of Adverbial Subordinator and Clause,Final subordinator word,Chhangte-1989[passim],
94A-ata,ata,Atayal,94A,Order of Adverbial Subordinator and Clause,Initial subordinator word,"Rau-1992[190, 193]",
94A-bar,bar,Bari,94A,Order of Adverbial Subordinator and Clause,Initial subordinator word,Mitterrutzner-1867[72];Spagnolo-1933[254-263],
94A-iba,iba,Iban,94A,Order of Adverbial Subordinator and Clause,Initial subordinator word,"Omar-1981[137-139, 250-260]",
94A-jng,jng,Jingpho,94A,Order of Adverbial Subordinator and Clause,Final subordinator word,Hertz-1917[passim],
94A-new,new,Newari (Kathmandu),94A,Order of Adverbial Subordinator and Clause,Mixed,Malla-1985[93],
94A-ukr,ukr,Ukrainian,94A,Order of Adverbial Subordinator and Clause,Initial subordinator word,"Stechishin-1958[170-171, 229-230]",
94A-yuk,yuk,Yukulta,94A,Order of Adverbial Subordinator and Clause,Internal subordinator word,Keen-1983[243],
94A-kkv,kkv,Lusi,94A,Order of Adverbial Subordinator and Clause,Initial subordinator word,Counts-1969[129-131],
94A-kya,kya,Kuku-Yalanji,94A,Order of Adverbial Subordinator and Clause,Initial subordinator word,Hershberger-1979[75],
94A-sah,sah,Sahu,94A,Order of Adverbial Subordinator and Clause,Initial subordinator word,Visser-and-Voorhoeve-1987[60],
94A-ttu,ttu,Tsova-Tush,94A,Order of Adverbial Subordinator and Clause,Mixed,Holisky-and-Gagua-1994[203-204],
94A-alw,alw,Alawa,94A,Order of Adverbial Subordinator and Clause,Initial subordinator word,Sharpe-1972[117-118],
94A-ao,ao,Ao,94A,Order of Adverbial Subordinator and Clause,Subordinating suffix,Mills-1926[356],
94A-apl,apl,Apalaí,94A,Order of Adverbial Subordinator and Clause,Subordinating suffix,Koehn-and-Koehn-1986[74-80],
94A-bbw,bbw,Bininj Gun-Wok,94A,Order of Adverbial Subordinator and Clause,Initial subordinator word,Evans-2004,
94A-fye,fye,Fyem,94A,Order of Adverbial Subordinator and Clause,Initial subordinator word,Nettle-1998[56],
94A-grr,grr,Garrwa,94A,Order of Adverbial Subordinator and Clause,Initial subordinator word,Furby-and-Furby-1977[passim],
94A-lai,lai,Lai,94A,Order of Adverbial Subordinator and Clause,Final subordinator word,Hay-Neave-1953[passim],
94A-mro,mro,Moro,94A,Order of Adverbial Subordinator and Clause,Initial subordinator word,Black-and-Black-1971[109],
94A-tam,tam,Tamang (Eastern),94A,Order of Adverbial Subordinator and Clause,Subordinating suffix,Mazaudon-1976[19],
94A-tvo,tvo,Tatar,94A,Order of Adverbial Subordinator and Clause,Initial subordinator word,"Poppe-1968[85, 129]",
94A-tib,tib,Tibetan (Standard Spoken),94A,Order of Adverbial Subordinator and Clause,Final subordinator word,Denwood-1999[ 219],
94A-cct,cct,Choctaw,94A,Order of Adverbial Subordinator and Clause,Subordinating suffix,"Nicklas-1979[72-74, 78]",
94A-cop,cop,Coptic,94A,Order of Adverbial Subordinator and Clause,Initial subordinator word,"Lambdin-1983[47, 81, 129, 136, 142];Plumley-1948[181]",
94A-kos,kos,Kosraean,94A,Order of Adverbial Subordinator and Clause,Initial subordinator word,Lee-1975[359-361],
94A-oss,oss,Ossetic,94A,Order of Adverbial Subordinator and Clause,Mixed,Abaev-1964[130-131],
94A-snh,snh,Sinhala,94A,Order of Adverbial Subordinator and Clause,Mixed,Geiger-1938[passim],
94A-tas,tas,Tashlhiyt,94A,Order of Adverbial Subordinator and Clause,Mixed,"Applegate-1958[27, passim];Applegate-1955[40-41]",
94A-tja,tja,Tiipay (Jamul),94A,Order of Adverbial Subordinator and Clause,Final subordinator word,Miller-2001[255],
94A-tla,tla,Tolai,94A,Order of Adverbial Subordinator and Clause,Initial subordinator word,Franklin-et-al-1974[126],
94A-amr,amr,Arabic (Moroccan),94A,Order of Adverbial Subordinator and Clause,Initial subordinator word,"Harrell-1962[168, 212]",
94A-bto,bto,Batak (Toba),94A,Order of Adverbial Subordinator and Clause,Initial subordinator word,"Percival-1981[106];Nababan-1981[115, passim];van-der-Tuuk-1864[passim]",
94A-bir,bir,Birom,94A,Order of Adverbial Subordinator and Clause,Initial subordinator word,"Bouquiaux-1970[396, passim 440-447]",
94A-din,din,Dinka,94A,Order of Adverbial Subordinator and Clause,Initial subordinator word,"Nebel-1948[75-76, 95-97]",
94A-mgg,mgg,Mangghuer,94A,Order of Adverbial Subordinator and Clause,Final subordinator word,Slater-2003[263],
94A-oji,oji,Ojibwa (Eastern),94A,Order of Adverbial Subordinator and Clause,Initial subordinator word,Rhodes-1991[passim];Nichols-1988[ passim],
94A-res,res,Resígaro,94A,Order of Adverbial Subordinator and Clause,Final subordinator word,"Allin-1976[238-241, 248-249, 260-262]",
94A-srn,srn,Sirionó,94A,Order of Adverbial Subordinator and Clause,Final subordinator word,Schermair-1949[349ff];Priest-and-Priest-1967[passim],
94A-tah,tah,Tahitian,94A,Order of Adverbial Subordinator and Clause,Initial subordinator word,"Tryon-1970a[70-71, 92-95]",
94A-cze,cze,Czech,94A,Order of Adverbial Subordinator and Clause,Initial subordinator word,Harkins-1953[passim],
94A-dsh,dsh,Danish,94A,Order of Adverbial Subordinator and Clause,Initial subordinator word,Allan-et-al-1995[465ff];Bredsdorff-1958[132-136],
94A-ite,ite,Itelmen,94A,Order of Adverbial Subordinator and Clause,Initial subordinator word,Georg-and-Volodin-1999[206-213],
94A-knk,knk,Kanakuru,94A,Order of Adverbial Subordinator and Clause,Initial subordinator word,"Newman-1974[105, 110, 111, 113]",
94A-lel,lel,Lele,94A,Order of Adverbial Subordinator and Clause,Initial subordinator word,"Frajzyngier-2001[408, 409, 413]",
94A-tne,tne,Temne,94A,Order of Adverbial Subordinator and Clause,Initial subordinator word,"Scott-1956[30, 34];Wilson-1961a[41]",
94A-nas,nas,Nasioi,94A,Order of Adverbial Subordinator and Clause,Mixed,Hurd-and-Hurd-1966[passim],
94A-siu,siu,Siuslaw,94A,Order of Adverbial Subordinator and Clause,Initial subordinator word,"Frachtenberg-1914[596, 601]",
94A-sun,sun,Sundanese,94A,Order of Adverbial Subordinator and Clause,Initial subordinator word,Hardjadibrata-1985[119-121],
94A-chr,chr,Chrau,94A,Order of Adverbial Subordinator and Clause,Initial subordinator word,Thomas-1971[173],
94A-est,est,Estonian,94A,Order of Adverbial Subordinator and Clause,Initial subordinator word,"Tauli-1983[245ff];de-Sivers-1969[274, 278]",
94A-gae,gae,Gaelic (Scots),94A,Order of Adverbial Subordinator and Clause,Initial subordinator word,"Calder-1923[206-208, 222]",
94A-mis,mis,Miskito,94A,Order of Adverbial Subordinator and Clause,Final subordinator word,Anonymous-1985[195],
94A-tac,tac,Tacana,94A,Order of Adverbial Subordinator and Clause,Final subordinator word,Ottaviano-1980[passim];Ottaviano-and-Ottaviano-1967[passim],
94A-ter,ter,Tera,94A,Order of Adverbial Subordinator and Clause,Initial subordinator word,Newman-1970[29-32],
94A-wma,wma,West Makian,94A,Order of Adverbial Subordinator and Clause,Initial subordinator word,Voorhoeve-1982[31],
94A-abu,abu,Abun,94A,Order of Adverbial Subordinator and Clause,Mixed,"Berry-1995a[120ff., 137, 139];Berry-1995b[8]",
94A-djp,djp,Djapu,94A,Order of Adverbial Subordinator and Clause,Initial subordinator word,"Morphy-1983[127, 131]",
94A-krd,krd,Kurdish (Central),94A,Order of Adverbial Subordinator and Clause,Initial subordinator word,Blau-1980[154-155],
94A-len,len,Lenakel,94A,Order of Adverbial Subordinator and Clause,Initial subordinator word,"Lynch-1978[116, 118]",
94A-mam,mam,Mam,94A,Order of Adverbial Subordinator and Clause,Initial subordinator word,England-1983[passim],
94A-nca,nca,Nicobarese (Car),94A,Order of Adverbial Subordinator and Clause,Initial subordinator word,Braine-1970[224],
94A-qaw,qaw,Qawasqar,94A,Order of Adverbial Subordinator and Clause,Mixed,Aguilera-1980[passim],
94A-ttn,ttn,Tetun,94A,Order of Adverbial Subordinator and Clause,Initial subordinator word,"van-Klinken-1997[56, 204, 308]",
94A-ygr,ygr,Yagaria,94A,Order of Adverbial Subordinator and Clause,Mixed,"Renck-1975[ 106, 205-206]",
94A-arg,arg,Arabic (Gulf),94A,Order of Adverbial Subordinator and Clause,Initial subordinator word,Holes-1990[25],
94A-dgr,dgr,Dagur,94A,Order of Adverbial Subordinator and Clause,Final subordinator word,Martin-1961[passim],
94A-htc,htc,Huastec,94A,Order of Adverbial Subordinator and Clause,Initial subordinator word,Edmonson-1988[583-587],
94A-nun,nun,Nung (in Vietnam),94A,Order of Adverbial Subordinator and Clause,Mixed,Saul-and-Wilson-1980[103-104],
94A-pae,pae,Páez,94A,Order of Adverbial Subordinator and Clause,Subordinating suffix,"Slocum-1986[129-139, 155]",
94A-bsk,bsk,Bashkir,94A,Order of Adverbial Subordinator and Clause,Initial subordinator word,Poppe-1964[58],
94A-mns,mns,Mansi,94A,Order of Adverbial Subordinator and Clause,Mixed,"Murphy-1968[146, 158-159]",
94A-mna,mna,Muna,94A,Order of Adverbial Subordinator and Clause,Mixed,"van-den-Berg-1989b[passim 249-252, 258-263]",
94A-mup,mup,Mupun,94A,Order of Adverbial Subordinator and Clause,Initial subordinator word,"Frajzyngier-1993[474, 480, 483, 494]",
94A-scr,scr,Serbian-Croatian,94A,Order of Adverbial Subordinator and Clause,Initial subordinator word,Partridge-1964[176],
94A-tin,tin,Tinrin,94A,Order of Adverbial Subordinator and Clause,Initial subordinator word,Osumi-1995[275-278],
94A-lim,lim,Limbu,94A,Order of Adverbial Subordinator and Clause,Subordinating suffix,Weidert-and-Subba-1985[passim],
94A-miy,miy,Miya,94A,Order of Adverbial Subordinator and Clause,Initial subordinator word,Schuh-1998[370],
94A-ngz,ngz,Ngizim,94A,Order of Adverbial Subordinator and Clause,Mixed,"Schuh-1972[329-336, 351-359]",
94A-poh,poh,Pohnpeian,94A,Order of Adverbial Subordinator and Clause,Initial subordinator word,Rehg-1981[336],
94A-tna,tna,Turkana,94A,Order of Adverbial Subordinator and Clause,Initial subordinator word,"Dimmendaal-1983a[377, 392, 395-401]",
94A-uzb,uzb,Uzbek,94A,Order of Adverbial Subordinator and Clause,Initial subordinator word,Sjoberg-1963[64],
94A-hve,hve,Huave (San Mateo del Mar),94A,Order of Adverbial Subordinator and Clause,Initial subordinator word,Stairs-and-Hollenbach-1981[passim],
94A-kty,kty,Khanty,94A,Order of Adverbial Subordinator and Clause,Initial subordinator word,Filchenko-2007[ 173],
94A-tel,tel,Telugu,94A,Order of Adverbial Subordinator and Clause,Mixed,"Lisker-1963[129-130, 279-283]",
94A-awt,awt,Awtuw,94A,Order of Adverbial Subordinator and Clause,Final subordinator word,Feldman-1986[passim],
94A-klm,klm,Klamath,94A,Order of Adverbial Subordinator and Clause,Initial subordinator word,Gatschet-1890[658-661],
94A-nep,nep,Nepali,94A,Order of Adverbial Subordinator and Clause,Final subordinator word,Meerendonk-1949[163],
94A-tgr,tgr,Tigré,94A,Order of Adverbial Subordinator and Clause,Mixed,"Raz-1983[91-93, passim]",
94A-mok,mok,Mokilese,94A,Order of Adverbial Subordinator and Clause,Initial subordinator word,Harrison-and-Albert-1976[263],
94A-nor,nor,Norwegian,94A,Order of Adverbial Subordinator and Clause,Initial subordinator word,Olson-1901[107-109],
94A-qui,qui,Quileute,94A,Order of Adverbial Subordinator and Clause,Initial subordinator word,Andrade-1933[212],
94A-tau,tau,Tauya,94A,Order of Adverbial Subordinator and Clause,Mixed,"MacDonald-1990[266-267, 273, 286]",
94A-bre,bre,Breton,94A,Order of Adverbial Subordinator and Clause,Initial subordinator word,Press-1986[209],
94A-ijo,ijo,Ijo (Kolokuma),94A,Order of Adverbial Subordinator and Clause,Mixed,Williamson-1965[79-80],
94A-pal,pal,Palauan,94A,Order of Adverbial Subordinator and Clause,Initial subordinator word,"Josephs-1975[437, 445]",
94A-psh,psh,Pashto,94A,Order of Adverbial Subordinator and Clause,Initial subordinator word,Shafeev-1964[62-63],
94A-sam,sam,Samoan,94A,Order of Adverbial Subordinator and Clause,Initial subordinator word,"Marsack-1962[84-87, 108-111]",
94A-wap,wap,Wappo,94A,Order of Adverbial Subordinator and Clause,Mixed,"Radin-1929[58-59, 147-149];Li-et-al-1977[passim]",
94A-win,win,Wintu,94A,Order of Adverbial Subordinator and Clause,Subordinating suffix,Pitkin-1984[135],
94A-akn,akn,Akan,94A,Order of Adverbial Subordinator and Clause,Mixed,"Welmers-1946[62, 72];Christaller-1875[91ff]",
94A-kis,kis,Kisi,94A,Order of Adverbial Subordinator and Clause,Initial subordinator word,"Childs-1995[141, 294-298]",
94A-lug,lug,Lugbara,94A,Order of Adverbial Subordinator and Clause,Mixed,"Barr-1965[96-98, 135];Crazzolara-1960[104-110]",
94A-maa,maa,Maasai,94A,Order of Adverbial Subordinator and Clause,Initial subordinator word,Tucker-and-Mpaayei-1955[103],
94A-tsh,tsh,Tümpisa Shoshone,94A,Order of Adverbial Subordinator and Clause,Mixed,"Dayley-1989a[87-88, 346-354]",
94A-wel,wel,Welsh,94A,Order of Adverbial Subordinator and Clause,Initial subordinator word,Thomas-1992a[268-269];Williams-1980b[155-159],
94A-yap,yap,Yapese,94A,Order of Adverbial Subordinator and Clause,Initial subordinator word,Jensen-et-al-1977a[316],
94A-iaa,iaa,Iaai,94A,Order of Adverbial Subordinator and Clause,Initial subordinator word,"Tryon-1968[36, passim]",
94A-jaq,jaq,Jaqaru,94A,Order of Adverbial Subordinator and Clause,Subordinating suffix,Hardman-1966[71],
94A-tgk,tgk,Tigak,94A,Order of Adverbial Subordinator and Clause,Initial subordinator word,Beaumont-1979[passim],
94A-ton,ton,Tonkawa,94A,Order of Adverbial Subordinator and Clause,Subordinating suffix,"Hoijer-1933-1938[94, 106]",
94A-mhi,mhi,Marathi,94A,Order of Adverbial Subordinator and Clause,Subordinating suffix,,
94A-pip,pip,Pipil,94A,Order of Adverbial Subordinator and Clause,Initial subordinator word,Campbell-1985[passim],
94A-tzu,tzu,Tzutujil,94A,Order of Adverbial Subordinator and Clause,Initial subordinator word,"Dayley-1985[224-225, passim]",
94A-pan,pan,Panjabi,94A,Order of Adverbial Subordinator and Clause,Initial subordinator word,Gill-and-Gleason-1969[133];Gill-and-Gleason-1963[276],
94A-mrg,mrg,Margi,94A,Order of Adverbial Subordinator and Clause,Initial subordinator word,"Hoffmann-1963[277, 283, 288]",
94A-nan,nan,Nandi,94A,Order of Adverbial Subordinator and Clause,Initial subordinator word,Creider-and-Creider-1989[149-150],
94A-mac,mac,Macushi,94A,Order of Adverbial Subordinator and Clause,Final subordinator word,Williams-1932[passim];Abbott-1991[73],
94A-abi,abi,Abipón,94A,Order of Adverbial Subordinator and Clause,Initial subordinator word,Najlis-1966[88],
94A-mab,mab,Maba,94A,Order of Adverbial Subordinator and Clause,Mixed,Tucker-and-Bryan-1966[114-116],
94A-swe,swe,Swedish,94A,Order of Adverbial Subordinator and Clause,Initial subordinator word,McClean-1963[224-227];Holmes-and-Hinchliffe-1994[461-462504],
94A-wlf,wlf,Wolof,94A,Order of Adverbial Subordinator and Clause,Initial subordinator word,Sauvageot-1965[203-206];Njie-1982[245-257],
94A-ace,ace,Acehnese,94A,Order of Adverbial Subordinator and Clause,Initial subordinator word,Durie-1985[258],
94A-chv,chv,Chuvash,94A,Order of Adverbial Subordinator and Clause,Final subordinator word,Krueger-1961[passim],
94A-dut,dut,Dutch,94A,Order of Adverbial Subordinator and Clause,Initial subordinator word,Shetter-1958[96-97],
94A-haw,haw,Hawaiian,94A,Order of Adverbial Subordinator and Clause,Initial subordinator word,Elbert-and-Pukui-1979[164-167],
94A-ita,ita,Italian,94A,Order of Adverbial Subordinator and Clause,Initial subordinator word,Maiden-and-Robustelli-2000[421-427],
94A-kch,kch,Koyra Chiini,94A,Order of Adverbial Subordinator and Clause,Initial subordinator word,Heath-1999b[276],
94A-lit,lit,Lithuanian,94A,Order of Adverbial Subordinator and Clause,Initial subordinator word,Dambriunas-et-al-1966[passim],
94A-ood,ood,O'odham,94A,Order of Adverbial Subordinator and Clause,Mixed,"Zepeda-1983[107];Saxton-1982[130-133, 257-261]",
94A-rom,rom,Romanian,94A,Order of Adverbial Subordinator and Clause,Initial subordinator word,"Mallinson-1986[68, passim]",
94A-tml,tml,Tamil,94A,Order of Adverbial Subordinator and Clause,Subordinating suffix,Asher-1982[passim],
94A-bul,bul,Bulgarian,94A,Order of Adverbial Subordinator and Clause,Initial subordinator word,Scatton-1984[passim],
94A-lah,lah,Lahu,94A,Order of Adverbial Subordinator and Clause,Final subordinator word,"Matisoff-1973[172, 174]",
94A-yuc,yuc,Yuchi,94A,Order of Adverbial Subordinator and Clause,Final subordinator word,Wagner-1933-1938[364];Wagner-1934[ 364],
94A-pso,pso,Pomo (Southeastern),94A,Order of Adverbial Subordinator and Clause,Subordinating suffix,Moshinsky-1974[77],
94A-krb,krb,Kiribati,94A,Order of Adverbial Subordinator and Clause,Initial subordinator word,Groves-et-al-1985[99];Cowell-1951[6],
94A-som,som,Somali,94A,Order of Adverbial Subordinator and Clause,Initial subordinator word,Kirk-1905[127-129];Saeed-1987[passim],
94A-ypk,ypk,Yup'ik (Central),94A,Order of Adverbial Subordinator and Clause,Subordinating suffix,Reed-et-al-1977[passim],
94A-cnt,cnt,Cantonese,94A,Order of Adverbial Subordinator and Clause,Mixed,Cheung-1983[17-18];Matthews-and-Yip-1994[ 293-302],
94A-pol,pol,Polish,94A,Order of Adverbial Subordinator and Clause,Initial subordinator word,Bielec-1998[229ff],
94A-ker,ker,Kera,94A,Order of Adverbial Subordinator and Clause,Initial subordinator word,"Ebert-1979[passim 274, 270, 274]",
94A-lep,lep,Lepcha,94A,Order of Adverbial Subordinator and Clause,Final subordinator word,Mainwaring-1876[86],
94A-tli,tli,Tlingit,94A,Order of Adverbial Subordinator and Clause,Final subordinator word,Naish-1979[passim],
94A-alb,alb,Albanian,94A,Order of Adverbial Subordinator and Clause,Initial subordinator word,Newmark-et-al-1982[305-308],
94A-kyl,kyl,Kayah Li (Eastern),94A,Order of Adverbial Subordinator and Clause,Mixed,"Solnit-1986[311, 339]",
94A-nti,nti,Ngiti,94A,Order of Adverbial Subordinator and Clause,Final subordinator word,Kutsch-Lojenga-1994[396-399],
94A-car,car,Carib,94A,Order of Adverbial Subordinator and Clause,Final subordinator word,Hoff-1968[passim],
94A-tsi,tsi,Tsimshian (Coast),94A,Order of Adverbial Subordinator and Clause,Initial subordinator word,Boas-1911c[408ff.],
94A-tun,tun,Tunica,94A,Order of Adverbial Subordinator and Clause,Subordinating suffix,"Haas-1940[91, 116-117]",
94A-sue,sue,Suena,94A,Order of Adverbial Subordinator and Clause,Initial subordinator word,Wilson-1974[passim],
94A-psm,psm,Passamaquoddy-Maliseet,94A,Order of Adverbial Subordinator and Clause,Initial subordinator word,Ng-2002,
94A-amh,amh,Amharic,94A,Order of Adverbial Subordinator and Clause,Final subordinator word,Cowley-et-al-1976[82],
94A-ana,ana,Araona,94A,Order of Adverbial Subordinator and Clause,Final subordinator word,Pitman-1980[101],
94A-cyv,cyv,Cayuvava,94A,Order of Adverbial Subordinator and Clause,Initial subordinator word,Key-1967[68],
94A-dio,dio,Diola-Fogny,94A,Order of Adverbial Subordinator and Clause,Initial subordinator word,Sapir-1965[106],
94A-arm,arm,Armenian (Eastern),94A,Order of Adverbial Subordinator and Clause,Initial subordinator word,Stevick-1955[passim],
94A-baw,baw,Bawm,94A,Order of Adverbial Subordinator and Clause,Final subordinator word,"Reichle-1981[69, 74, 81, 126]",
94A-nbd,nbd,Nubian (Dongolese),94A,Order of Adverbial Subordinator and Clause,Subordinating suffix,Armbruster-1960[299-306],
94A-hai,hai,Haida,94A,Order of Adverbial Subordinator and Clause,Final subordinator word,Levine-1977[200-203];Enrico-2003[ 963];Swanton-1905[passim],
94A-pai,pai,Paiwan,94A,Order of Adverbial Subordinator and Clause,Initial subordinator word,Ferrell-1982[passim],
94A-ung,ung,Ungarinjin,94A,Order of Adverbial Subordinator and Clause,Initial subordinator word,"Coate-and-Oates-1970[57, 80]",
94A-bej,bej,Beja,94A,Order of Adverbial Subordinator and Clause,Subordinating suffix,"Hudson-1974[139-140];Reinisch-1893[158-161, 188-191]",
94A-dre,dre,Drehu,94A,Order of Adverbial Subordinator and Clause,Initial subordinator word,Moyse-Faurie-1983[ 186-188],
94A-gar,gar,Garo,94A,Order of Adverbial Subordinator and Clause,Subordinating suffix,"Burling-1961[30-31, 34-35, 75]",
94A-pms,pms,Paamese,94A,Order of Adverbial Subordinator and Clause,Initial subordinator word,Crowley-1982[passim],
94A-yur,yur,Yurok,94A,Order of Adverbial Subordinator and Clause,Initial subordinator word,Robins-1958[147],
94A-otm,otm,Otomí (Mezquital),94A,Order of Adverbial Subordinator and Clause,Initial subordinator word,Hess-1968[passim],
94A-igb,igb,Igbo,94A,Order of Adverbial Subordinator and Clause,Initial subordinator word,,
94A-nez,nez,Nez Perce,94A,Order of Adverbial Subordinator and Clause,Initial subordinator word,Aoki-1970[140],
94A-cle,cle,Chinantec (Lealao),94A,Order of Adverbial Subordinator and Clause,Initial subordinator word,"Rupp-1989[105-107, 50-53]",
94A-nav,nav,Navajo,94A,Order of Adverbial Subordinator and Clause,Initial subordinator word,Young-and-Morgan-1980[65-66],
94A-zqc,zqc,Zoque (Copainalá),94A,Order of Adverbial Subordinator and Clause,Mixed,"Harrison-et-al-1981[447, 457]",
94A-bkr,bkr,Batak (Karo),94A,Order of Adverbial Subordinator and Clause,Initial subordinator word,Woollams-1996[333-339],
94A-iri,iri,Irish,94A,Order of Adverbial Subordinator and Clause,Initial subordinator word,Stenson-1981[41],
94A-nko,nko,Nkore-Kiga,94A,Order of Adverbial Subordinator and Clause,Internal subordinator word,Taylor-1985[26],
94A-squ,squ,Squamish,94A,Order of Adverbial Subordinator and Clause,Initial subordinator word,Kuipers-1967[189-190],
94A-tru,tru,Trumai,94A,Order of Adverbial Subordinator and Clause,Subordinating suffix,Monod-Becquelin-1975[210],
94A-dni,dni,Dani (Lower Grand Valley),94A,Order of Adverbial Subordinator and Clause,Mixed,"Bromley-1981[43, 88, 234]",
94A-urk,urk,Urubú-Kaapor,94A,Order of Adverbial Subordinator and Clause,Final subordinator word,"Kakumasu-1986[335, 363]",
94A-coo,coo,Coos (Hanis),94A,Order of Adverbial Subordinator and Clause,Initial subordinator word,Frachtenberg-1922a[passim];Frachtenberg-1913[passim],
94A-nht,nht,Nahuatl (Tetelcingo),94A,Order of Adverbial Subordinator and Clause,Initial subordinator word,Tuggy-1979[passim],
94A-ika,ika,Ika,94A,Order of Adverbial Subordinator and Clause,Subordinating suffix,Frank-1990[92-95],
94A-kse,kse,Koyraboro Senni,94A,Order of Adverbial Subordinator and Clause,Initial subordinator word,Prost-1956[146-147],
94A-mun,mun,Mundari,94A,Order of Adverbial Subordinator and Clause,Mixed,"Osada-1992[122, 133];Sinha-1975[137-138]",
94A-brs,brs,Barasano,94A,Order of Adverbial Subordinator and Clause,Subordinating suffix,"Jones-and-Jones-1991[39, 159]",
94A-tab,tab,Taba,94A,Order of Adverbial Subordinator and Clause,Initial subordinator word,Bowden-1997a[166],
94A-aco,aco,Acoma,94A,Order of Adverbial Subordinator and Clause,Initial subordinator word,"Maring-1967[128, passim]",
94A-pau,pau,Paumarí,94A,Order of Adverbial Subordinator and Clause,Mixed,"Chapman-and-Derbyshire-1991[225, passim 228]",
94A-arp,arp,Arapesh (Mountain),94A,Order of Adverbial Subordinator and Clause,Mixed,Conrad-and-Wogiga-1991[92-93],
94A-ond,ond,Oneida,94A,Order of Adverbial Subordinator and Clause,Initial subordinator word,,
94A-asm,asm,Asmat,94A,Order of Adverbial Subordinator and Clause,Final subordinator word,"Voorhoeve-1965[91-92, 175]",
94A-ewe,ewe,Ewe,94A,Order of Adverbial Subordinator and Clause,Initial subordinator word,"Ameka-1991[45, 61];Warburton-et-al-1968[163, 203]",
94A-hmo,hmo,Hmong Njua,94A,Order of Adverbial Subordinator and Clause,Initial subordinator word,Lyman-1979[224-224],
94A-khs,khs,Khasi,94A,Order of Adverbial Subordinator and Clause,Initial subordinator word,"Rabel-1961[72-73];Nagaraja-1985[93-95, 97-98]",
94A-khm,khm,Khmer,94A,Order of Adverbial Subordinator and Clause,Initial subordinator word,"Ehrman-1970[29, 80];Jacob-1968[92-94];Gorgoniyev-1966[120-121];Gorgoniev-1966[ 120-121]",
94A-kio,kio,Kiowa,94A,Order of Adverbial Subordinator and Clause,Subordinating suffix,Watkins-1984[237-243],
94A-wic,wic,Wichita,94A,Order of Adverbial Subordinator and Clause,Initial subordinator word,Rood-1976[passim],
94A-juh,juh,Ju|'hoan,94A,Order of Adverbial Subordinator and Clause,Initial subordinator word,"Dickens-1992[38, 39, 43];Snyman-1970[13, 186]",
94A-klv,klv,Kilivila,94A,Order of Adverbial Subordinator and Clause,Initial subordinator word,Senft-1986[119-121],
94A-nug,nug,Nunggubuyu,94A,Order of Adverbial Subordinator and Clause,Internal subordinator word,"Heath-1984[442, 508]",
94A-kew,kew,Kewa,94A,Order of Adverbial Subordinator and Clause,Final subordinator word,Franklin-1971[114],
94A-snm,snm,Sanuma,94A,Order of Adverbial Subordinator and Clause,Final subordinator word,"Borgman-1990[89, passim]",
94A-epe,epe,Epena Pedee,94A,Order of Adverbial Subordinator and Clause,Mixed,"Harms-1994[16, 152]",
94A-luv,luv,Luvale,94A,Order of Adverbial Subordinator and Clause,Initial subordinator word,"Horton-1949[158-163, 204]",
94A-san,san,Sango,94A,Order of Adverbial Subordinator and Clause,Initial subordinator word,"Samarin-1967b[72, 211, 213]",
94A-bag,bag,Bagirmi,94A,Order of Adverbial Subordinator and Clause,Initial subordinator word,Stevenson-1969[180-193],
94A-hzb,hzb,Hunzib,94A,Order of Adverbial Subordinator and Clause,Subordinating suffix,van-den-Berg-1995[97-98],
94A-ing,ing,Ingush,94A,Order of Adverbial Subordinator and Clause,Subordinating suffix,Nichols-1994b,
94A-mau,mau,Maung,94A,Order of Adverbial Subordinator and Clause,Initial subordinator word,"Capell-and-Hinch-1970[91, 101-102]",
94A-kfe,kfe,Koromfe,94A,Order of Adverbial Subordinator and Clause,Initial subordinator word,Rennison-1997[50],
94A-qim,qim,Quechua (Imbabura),94A,Order of Adverbial Subordinator and Clause,Subordinating suffix,Cole-1982[61-65],
94A-ram,ram,Rama,94A,Order of Adverbial Subordinator and Clause,Mixed,Grinevald-nd[208ff];Grinevald-1988[ 208ff],
94A-wch,wch,Wichí,94A,Order of Adverbial Subordinator and Clause,Initial subordinator word,"Tovar-1981[230];Vinas-Urquiza-1974[114, 133]",
94A-yag,yag,Yagua,94A,Order of Adverbial Subordinator and Clause,Mixed,Payne-1990a[80-81],
94A-apu,apu,Apurinã,94A,Order of Adverbial Subordinator and Clause,Initial subordinator word,Facundes-2000[614],
94A-bma,bma,Berber (Middle Atlas),94A,Order of Adverbial Subordinator and Clause,Initial subordinator word,"Abdel-Massih-1971[141-143, 150-151];Penchoen-1973b[73-76]",
94A-awp,awp,Awa Pit,94A,Order of Adverbial Subordinator and Clause,Mixed,"Curnow-1997[143, 265, 271-277]",
94A-lat,lat,Latvian,94A,Order of Adverbial Subordinator and Clause,Initial subordinator word,Lazdina-1966[227],
94A-mar,mar,Maricopa,94A,Order of Adverbial Subordinator and Clause,Mixed,Gordon-1986[266-277],
94A-kut,kut,Kutenai,94A,Order of Adverbial Subordinator and Clause,Initial subordinator word,,
94A-mxc,mxc,Mixtec (Chalcatongo),94A,Order of Adverbial Subordinator and Clause,Initial subordinator word,"Macaulay-1996[160, 167, 168]",
94A-lav,lav,Lavukaleve,94A,Order of Adverbial Subordinator and Clause,Mixed,"Terrill-1999[389, 16.1.5, 390, 16.1.6, etc.]",
94A-rap,rap,Rapanui,94A,Order of Adverbial Subordinator and Clause,Initial subordinator word,Chapin-1978[164],
94A-ain,ain,Ainu,94A,Order of Adverbial Subordinator and Clause,Final subordinator word,Shibatani-1990[22];Refsing-1986[passim 246-258],
94A-jak,jak,Jakaltek,94A,Order of Adverbial Subordinator and Clause,Initial subordinator word,Craig-1977[passim],
94A-war,war,Wari',94A,Order of Adverbial Subordinator and Clause,Initial subordinator word,Everett-and-Kern-1997[94-95],
94A-kho,kho,Khoekhoe,94A,Order of Adverbial Subordinator and Clause,Final subordinator word,Hagman-1977[127-130],
94A-mei,mei,Meithei,94A,Order of Adverbial Subordinator and Clause,Mixed,Chelliah-1997[172ff],
94A-brm,brm,Burmese,94A,Order of Adverbial Subordinator and Clause,Subordinating suffix,"Okell-1969[119-120, passim];Cornyn-and-Roop-1968[161]",
94A-kro,kro,Krongo,94A,Order of Adverbial Subordinator and Clause,Initial subordinator word,"Reh-1985[295, 298, 332, 342-344, 346]",
94A-myi,myi,Mangarrayi,94A,Order of Adverbial Subordinator and Clause,Initial subordinator word,"Merlan-1982[32, 33, 35]",
94A-tiw,tiw,Tiwi,94A,Order of Adverbial Subordinator and Clause,Initial subordinator word,Osborne-1974[70],
94A-knr,knr,Kanuri,94A,Order of Adverbial Subordinator and Clause,Mixed,"Lukas-1937[159-165];Hutchison-1976[4, 129, 16-17, 103-155]",
94A-yor,yor,Yoruba,94A,Order of Adverbial Subordinator and Clause,Initial subordinator word,Ogunbowale-1970[passim],
94A-yko,yko,Yukaghir (Kolyma),94A,Order of Adverbial Subordinator and Clause,Final subordinator word,"Maslova-1999[484, 518, 519]",
94A-may,may,Maybrat,94A,Order of Adverbial Subordinator and Clause,Initial subordinator word,"Dol-1999[ 136, 262-263, 267];Brown-1990[136, 262-263, 267]",
94A-tuk,tuk,Tukang Besi,94A,Order of Adverbial Subordinator and Clause,Initial subordinator word,"Donohue-1999a[410, 411, 413, 415, 416]",
94A-bur,bur,Burushaski,94A,Order of Adverbial Subordinator and Clause,Mixed,"Lorimer-1935[383, 387, 388, 389]",
94A-cha,cha,Chamorro,94A,Order of Adverbial Subordinator and Clause,Initial subordinator word,Topping-1973[147],
94A-chk,chk,Chukchi,94A,Order of Adverbial Subordinator and Clause,Initial subordinator word,Dunn-1999[passim],
94A-fij,fij,Fijian,94A,Order of Adverbial Subordinator and Clause,Initial subordinator word,"Dixon-1988[40, 259-260]",
94A-heb,heb,Hebrew (Modern),94A,Order of Adverbial Subordinator and Clause,Initial subordinator word,"Glinert-1989[338, 341, 351-353]",
94A-orh,orh,Oromo (Harar),94A,Order of Adverbial Subordinator and Clause,Initial subordinator word,"Owens-1985[142-143, 149-150]",
94A-tha,tha,Thai,94A,Order of Adverbial Subordinator and Clause,Initial subordinator word,"Warotamasikkhadit-1972[45-46];Anthony-et-al-1968[494-498, 536-538]",
94A-yaq,yaq,Yaqui,94A,Order of Adverbial Subordinator and Clause,Mixed,"Lindenfeld-1973[85, 91-99]",
94A-zul,zul,Zulu,94A,Order of Adverbial Subordinator and Clause,Initial subordinator word,"Ziervogel-et-al-1981[171, 234]",
94A-sla,sla,Slave,94A,Order of Adverbial Subordinator and Clause,Mixed,Rice-1989[1052-1064],
94A-aeg,aeg,Arabic (Egyptian),94A,Order of Adverbial Subordinator and Clause,Initial subordinator word,"Gary-and-Gamal-Eldin-1982[19, 21]",
94A-hix,hix,Hixkaryana,94A,Order of Adverbial Subordinator and Clause,Final subordinator word,Derbyshire-1985[38],
94A-swa,swa,Swahili,94A,Order of Adverbial Subordinator and Clause,Initial subordinator word,Ashton-1947[198],
94A-vie,vie,Vietnamese,94A,Order of Adverbial Subordinator and Clause,Initial subordinator word,"Thompson-1965[263];Vuong-Gia-Thuy-1975[passim];Binh-1971[98];Nguyen-1975[63-64, 76]",
94A-hin,hin,Hindi,94A,Order of Adverbial Subordinator and Clause,Initial subordinator word,McGregor-1977[123-127],
94A-tag,tag,Tagalog,94A,Order of Adverbial Subordinator and Clause,Initial subordinator word,Schachter-and-Otanes-1972[463],
94A-geo,geo,Georgian,94A,Order of Adverbial Subordinator and Clause,Initial subordinator word,Vogt-1971[203],
94A-knd,knd,Kannada,94A,Order of Adverbial Subordinator and Clause,Mixed,"Sridhar-1990[74, 76, 93];Schiffman-1983[126ff., 145]",
94A-kha,kha,Khalkha,94A,Order of Adverbial Subordinator and Clause,Final subordinator word,Poppe-1970[83-84],
94A-mal,mal,Malagasy,94A,Order of Adverbial Subordinator and Clause,Initial subordinator word,"Dez-1980b[150-156, 163]",
94A-sup,sup,Supyire,94A,Order of Adverbial Subordinator and Clause,Initial subordinator word,"Carlson-1994[556, 562, 564, 570, 578]",
94A-hau,hau,Hausa,94A,Order of Adverbial Subordinator and Clause,Initial subordinator word,"Kraft-1963[(Vol. 1) 120, (Vol. 1) 121, 242-254];Kraft-and-Kirk-Greene-1973[87];Newman-2000[556-563]",
94A-mao,mao,Maori,94A,Order of Adverbial Subordinator and Clause,Initial subordinator word,Bauer-1993[62ff],
94A-bsq,bsq,Basque,94A,Order of Adverbial Subordinator and Clause,Final subordinator word,Lafitte-1962[49];Ithurry-1895[passim],
94A-abk,abk,Abkhaz,94A,Order of Adverbial Subordinator and Clause,Subordinating suffix,Hewitt-1979[231-233],
94A-eve,eve,Evenki,94A,Order of Adverbial Subordinator and Clause,Subordinating suffix,Nedjalkov-1997[44ff],
94A-kor,kor,Korean,94A,Order of Adverbial Subordinator and Clause,Final subordinator word,,
94A-prs,prs,Persian,94A,Order of Adverbial Subordinator and Clause,Initial subordinator word,"Lazard-1957a[236ff];Rastorgueva-1964[58-59, 61];Lambton-1967[74]",
94A-ame,ame,Amele,94A,Order of Adverbial Subordinator and Clause,Final subordinator word,Roberts-1987[45],
94A-ger,ger,German,94A,Order of Adverbial Subordinator and Clause,Initial subordinator word,Lederer-1969[412],
94A-grk,grk,Greek (Modern),94A,Order of Adverbial Subordinator and Clause,Initial subordinator word,Mackridge-1985[271],
94A-lez,lez,Lezgian,94A,Order of Adverbial Subordinator and Clause,Subordinating suffix,Haspelmath-1993[376ff],
94A-jpn,jpn,Japanese,94A,Order of Adverbial Subordinator and Clause,Final subordinator word,"Hinds-1986[64, 67, 351]",
94A-hun,hun,Hungarian,94A,Order of Adverbial Subordinator and Clause,Initial subordinator word,Kenesei-et-al-1998[48-54],
94A-ind,ind,Indonesian,94A,Order of Adverbial Subordinator and Clause,Initial subordinator word,Danusugondo-1975[passim 121ff];Sneddon-1996a[341],
94A-fin,fin,Finnish,94A,Order of Adverbial Subordinator and Clause,Initial subordinator word,"Sulkala-and-Karjalainen-1992[50, 54-59]",
94A-rus,rus,Russian,94A,Order of Adverbial Subordinator and Clause,Initial subordinator word,Bivon-1971[11],
94A-spa,spa,Spanish,94A,Order of Adverbial Subordinator and Clause,Initial subordinator word,,
94A-tur,tur,Turkish,94A,Order of Adverbial Subordinator and Clause,Mixed,"Underhill-1976[381-382, 388, 435-436]",
94A-fre,fre,French,94A,Order of Adverbial Subordinator and Clause,Initial subordinator word,,
94A-eng,eng,English,94A,Order of Adverbial Subordinator and Clause,Initial subordinator word,,
94A-dds,dds,Donno So,94A,Order of Adverbial Subordinator and Clause,Final subordinator word,"Kervran-and-Prost-1969[127-131, 142-144]",
94A-jms,jms,Jamsay,94A,Order of Adverbial Subordinator and Clause,Final subordinator word,"Heath-2008[ 548, 551, 558]",
94A-myg,myg,Mayogo,94A,Order of Adverbial Subordinator and Clause,Initial subordinator word,Sawka-2001[151-154],
94A-bdu,bdu,Budu,94A,Order of Adverbial Subordinator and Clause,Initial subordinator word,Asangama-1983[ 403-405],
94A-kwy,kwy,Iwoyo,94A,Order of Adverbial Subordinator and Clause,Initial subordinator word,Mingas-1994[ 378-389],
94A-zag,zag,Beria,94A,Order of Adverbial Subordinator and Clause,Final subordinator word,Crass-and-Jakobi-2004[ 181],
94A-tsk,tsk,Tamashek,94A,Order of Adverbial Subordinator and Clause,Initial subordinator word,"Heath-2005[ 663, 666-669]",
94A-hna,hna,Mina,94A,Order of Adverbial Subordinator and Clause,Initial subordinator word,"Frajzyngier-and-Johnston-2005[ 410, 412, 420]",
94A-arj,arj,Arabic (Kuwaiti),94A,Order of Adverbial Subordinator and Clause,Initial subordinator word,,
94A-bkb,bkb,Betta Kurumba,94A,Order of Adverbial Subordinator and Clause,Final subordinator word,Coelho-2003[ passim],
94A-ksn,ksn,Kasong,94A,Order of Adverbial Subordinator and Clause,Initial subordinator word,Sunee-2003[ 174-175],
94A-wme,wme,Wambule,94A,Order of Adverbial Subordinator and Clause,Initial subordinator word,Opgenort-2004[ 408-409],
94A-bwc,bwc,Bajau (West Coast),94A,Order of Adverbial Subordinator and Clause,Initial subordinator word,Miller-2007[ 414],
94A-vnm,vnm,Vinmavis,94A,Order of Adverbial Subordinator and Clause,Initial subordinator word,Crowley-2002g[648],
94A-erk,erk,Efate (South),94A,Order of Adverbial Subordinator and Clause,Initial subordinator word,,
94A-mpt,mpt,Mian,94A,Order of Adverbial Subordinator and Clause,Subordinating suffix,Fedden-2007[ 451],
94A-dlm,dlm,Dla (Menggwa),94A,Order of Adverbial Subordinator and Clause,Subordinating suffix,de-Sousa-2006[passim],
94A-msq,msq,Musqueam,94A,Order of Adverbial Subordinator and Clause,Initial subordinator word,Suttles-2004[ 92],
94A-tee,tee,Tepehua (Huehuetla),94A,Order of Adverbial Subordinator and Clause,Initial subordinator word,Kung-2007[ 605],
94A-eme,eme,Émérillon,94A,Order of Adverbial Subordinator and Clause,Subordinating suffix,Rose-2003b[ 482ff],
94A-kyz,kyz,Kayabí,94A,Order of Adverbial Subordinator and Clause,Mixed,Dobson-1997[ 127],
94A-kno,kno,Kanoê,94A,Order of Adverbial Subordinator and Clause,Initial subordinator word,Bacelar-2004[ 268-270],
94A-urn,urn,Urarina,94A,Order of Adverbial Subordinator and Clause,Final subordinator word,Olawsky-2006[ 743],
94A-mcv,mcv,Mocoví,94A,Order of Adverbial Subordinator and Clause,Initial subordinator word,Grondona-1998[167-169],
94A-ndy,ndy,Ndyuka,94A,Order of Adverbial Subordinator and Clause,Initial subordinator word,Huttar-and-Huttar-1994[110],
