ID,Language_ID,Language_name,Parameter_ID,Parameter_name,Value,Source,Comment
77A-amd,amd,Amdo,77A,Semantic Distinctions of Evidentiality,Direct and indirect,Sun-1993,
77A-beb,beb,Benabena,77A,Semantic Distinctions of Evidentiality,No grammatical evidentials,Young-1971,
77A-cco,cco,Chasta Costa,77A,Semantic Distinctions of Evidentiality,Indirect only,Sapir-1914[333],
77A-gso,gso,Greenlandic (South),77A,Semantic Distinctions of Evidentiality,Indirect only,Swadesh-1946a[38],
77A-jem,jem,Jemez,77A,Semantic Distinctions of Evidentiality,Indirect only,Yumitani-1998[247],
77A-klh,klh,Kalasha,77A,Semantic Distinctions of Evidentiality,Direct and indirect,Bashir-1989[48-9],
77A-kto,kto,Kato,77A,Semantic Distinctions of Evidentiality,Direct and indirect,Goddard-1912,
77A-mtl,mtl,Mattole,77A,Semantic Distinctions of Evidentiality,Indirect only,Li-1930[53],
77A-mgl,mgl,Mingrelian,77A,Semantic Distinctions of Evidentiality,Direct and indirect,"Harris-1991[342, 381]",
77A-mth,mth,Mixe (Tlahuitoltepec),77A,Semantic Distinctions of Evidentiality,Indirect only,Lyon-1967[39],
77A-mxz,mxz,Mixtec (Coatzospan),77A,Semantic Distinctions of Evidentiality,No grammatical evidentials,Small-1990,
77A-mxs,mxs,Mixtec (Silacayoapan),77A,Semantic Distinctions of Evidentiality,Indirect only,Shields-1988[341],
77A-nmp,nmp,Nahuatl (Milpa Alta),77A,Semantic Distinctions of Evidentiality,No grammatical evidentials,Whorf-1946b,
77A-nit,nit,Nitinaht,77A,Semantic Distinctions of Evidentiality,Indirect only,Carlson-and-Thomas-1979,
77A-pot,pot,Potawatomi,77A,Semantic Distinctions of Evidentiality,Indirect only,Hockett-1948[139],
77A-trg,trg,Tewa (Rio Grande),77A,Semantic Distinctions of Evidentiality,No grammatical evidentials,Speirs-1966,
77A-tws,tws,Tiwa (Southern),77A,Semantic Distinctions of Evidentiality,No grammatical evidentials,Leap-1970,
77A-aho,aho,Arapaho,77A,Semantic Distinctions of Evidentiality,Indirect only,Salzmann-1967[218],
77A-den,den,Dení,77A,Semantic Distinctions of Evidentiality,Indirect only,Derbyshire-1986[525],
77A-gny,gny,Gunya,77A,Semantic Distinctions of Evidentiality,Indirect only,Breen-1981a[326],
77A-jmm,jmm,Jamamadi,77A,Semantic Distinctions of Evidentiality,Direct and indirect,Derbyshire-1986[525],
77A-mxt,mxt,Mixtec (Ayutla),77A,Semantic Distinctions of Evidentiality,No grammatical evidentials,Hills-1990,
77A-mja,mja,Mixtec (Jamiltepec),77A,Semantic Distinctions of Evidentiality,Indirect only,Johnson-1988[45],
77A-prc,prc,Parecis,77A,Semantic Distinctions of Evidentiality,Indirect only,Derbyshire-1986[526],
77A-trn,trn,Terêna,77A,Semantic Distinctions of Evidentiality,Indirect only,Derbyshire-1986[526],
77A-tew,tew,Tewa (Arizona),77A,Semantic Distinctions of Evidentiality,Indirect only,Kroskrity-1993[144],
77A-wyn,wyn,Wayana,77A,Semantic Distinctions of Evidentiality,No grammatical evidentials,Jackson-1972,
77A-apc,apc,Apache (Chiricahua),77A,Semantic Distinctions of Evidentiality,Indirect only,Hoijer-1946a[67],
77A-akr,akr,Arikara,77A,Semantic Distinctions of Evidentiality,Indirect only,Merlan-1975[22],
77A-htt,htt,Huitoto,77A,Semantic Distinctions of Evidentiality,No grammatical evidentials,Wise-1999,
77A-pem,pem,Pemon,77A,Semantic Distinctions of Evidentiality,No grammatical evidentials,de-Armellada-1944,
77A-slr,slr,Salar,77A,Semantic Distinctions of Evidentiality,Direct and indirect,Dwyer-2000,
77A-say,say,Sayultec,77A,Semantic Distinctions of Evidentiality,No grammatical evidentials,Clark-1962,
77A-til,til,Tillamook,77A,Semantic Distinctions of Evidentiality,No grammatical evidentials,Edel-1939,
77A-wur,wur,Waurá,77A,Semantic Distinctions of Evidentiality,Indirect only,Derbyshire-1986[527],
77A-agr,agr,Aguaruna,77A,Semantic Distinctions of Evidentiality,No grammatical evidentials,Larsen-1963,
77A-bdk,bdk,Budukh,77A,Semantic Distinctions of Evidentiality,No grammatical evidentials,Alekseev-1994a,
77A-srr,srr,Serrano,77A,Semantic Distinctions of Evidentiality,Indirect only,Hill-1967[88-9],
77A-tsm,tsm,Tasmanian,77A,Semantic Distinctions of Evidentiality,No grammatical evidentials,Crowley-and-Dixon-1981,
77A-bse,bse,Berber (Ayt Seghrouchen Middle Atlas),77A,Semantic Distinctions of Evidentiality,No grammatical evidentials,Bentolila-1981,
77A-bor,bor,Bora,77A,Semantic Distinctions of Evidentiality,Indirect only,Thiesen-1996,
77A-crt,crt,Chorote,77A,Semantic Distinctions of Evidentiality,No grammatical evidentials,Gerzenstein-1978,
77A-fox,fox,Fox,77A,Semantic Distinctions of Evidentiality,Indirect only,Jones-and-Michelson-1911[847],
77A-ksh,ksh,Kashaya,77A,Semantic Distinctions of Evidentiality,Direct and indirect,Oswalt-1986,
77A-nmi,nmi,Nahuatl (Mecayapan Isthmus),77A,Semantic Distinctions of Evidentiality,Indirect only,Law-1958[123],
77A-que,que,Quechan,77A,Semantic Distinctions of Evidentiality,Direct and indirect,Halpern-1947[160],
77A-yyg,yyg,Yaygir,77A,Semantic Distinctions of Evidentiality,No grammatical evidentials,Crowley-1979,
77A-gag,gag,Gagauz,77A,Semantic Distinctions of Evidentiality,Direct and indirect,Menz-2000,
77A-kic,kic,Kickapoo,77A,Semantic Distinctions of Evidentiality,Indirect only,Voorhis-1974[115],
77A-toq,toq,Toqabaqita,77A,Semantic Distinctions of Evidentiality,No grammatical evidentials,Lichtenberk-1987,
77A-tnb,tnb,Tunebo,77A,Semantic Distinctions of Evidentiality,No grammatical evidentials,Headland-1997,
77A-mtg,mtg,Montagnais,77A,Semantic Distinctions of Evidentiality,Indirect only,James-et-al-1997[139],
77A-mse,mse,Munsee,77A,Semantic Distinctions of Evidentiality,No grammatical evidentials,Goddard-1979,
77A-pmn,pmn,Pomo (Northern),77A,Semantic Distinctions of Evidentiality,Direct and indirect,OConnor-1992[50ff],
77A-cjo,cjo,Chichimeca-Jonaz,77A,Semantic Distinctions of Evidentiality,No grammatical evidentials,de-Angulo-1932,
77A-kod,kod,Kodava,77A,Semantic Distinctions of Evidentiality,Direct and indirect,"Ebert-1996[20-1, 38]",
77A-put,put,Paiute (Southern),77A,Semantic Distinctions of Evidentiality,Indirect only,"Sapir-1930[96, 167]",
77A-coe,coe,Coeur d'Alene,77A,Semantic Distinctions of Evidentiality,Indirect only,Reichard-1933-1938,
77A-khw,khw,Khowar,77A,Semantic Distinctions of Evidentiality,Direct and indirect,Bashir-1989[54],
77A-kji,kji,Kurmanji,77A,Semantic Distinctions of Evidentiality,Direct and indirect,Bulut-2000,
77A-leg,leg,Lega,77A,Semantic Distinctions of Evidentiality,Direct and indirect,Botne-1995[205],
77A-mch,mch,Machiguenga,77A,Semantic Distinctions of Evidentiality,No grammatical evidentials,Snell-and-Wise-1963,
77A-ptw,ptw,Patwin,77A,Semantic Distinctions of Evidentiality,Indirect only,Whistler-1986b,
77A-laz,laz,Laz,77A,Semantic Distinctions of Evidentiality,Direct and indirect,Holisky-1991b[427-35],
77A-wai,wai,Wai Wai,77A,Semantic Distinctions of Evidentiality,Indirect only,Hawkins-1998[139-40],
77A-itz,itz,Itzaj,77A,Semantic Distinctions of Evidentiality,Indirect only,Hofling-1991,
77A-omh,omh,Omaha,77A,Semantic Distinctions of Evidentiality,Indirect only,Boas-and-Swanton-1911[887],
77A-yam,yam,Yaminahua,77A,Semantic Distinctions of Evidentiality,Indirect only,Eakin-1991[137],
77A-crp,crp,Carapana,77A,Semantic Distinctions of Evidentiality,Direct and indirect,Metzger-1981,
77A-nya,nya,Nyawaygi,77A,Semantic Distinctions of Evidentiality,No grammatical evidentials,Dixon-1983,
77A-afr,afr,Afrikaans,77A,Semantic Distinctions of Evidentiality,Indirect only,,
77A-she,she,Sherpa,77A,Semantic Distinctions of Evidentiality,Direct and indirect,Woodbury-1986[193],
77A-pum,pum,Pumi,77A,Semantic Distinctions of Evidentiality,Direct and indirect,Sun-1993[947 (cit. Huang 1991)],
77A-tmc,tmc,Timucua,77A,Semantic Distinctions of Evidentiality,No grammatical evidentials,Granberry-1993,
77A-kje,kje,Koreguaje,77A,Semantic Distinctions of Evidentiality,Direct and indirect,Cook-and-Criswell-1993[86-7],
77A-mov,mov,Movima,77A,Semantic Distinctions of Evidentiality,No grammatical evidentials,Judy-and-Judy-1967,
77A-nsn,nsn,Nisenan,77A,Semantic Distinctions of Evidentiality,Indirect only,"Eatough-1999[15, 32]",
77A-tuy,tuy,Tuyuca,77A,Semantic Distinctions of Evidentiality,Direct and indirect,Barnes-1984,
77A-can,can,Candoshi,77A,Semantic Distinctions of Evidentiality,No grammatical evidentials,Anderson-and-Wise-1963,
77A-cku,cku,Chinook (Upper),77A,Semantic Distinctions of Evidentiality,Indirect only,Silverstein-1978,
77A-hid,hid,Hidatsa,77A,Semantic Distinctions of Evidentiality,Indirect only,Robinett-1955[174],
77A-pwn,pwn,Pawnee,77A,Semantic Distinctions of Evidentiality,Indirect only,Parks-1976[225-30],
77A-thk,thk,Thakali,77A,Semantic Distinctions of Evidentiality,No grammatical evidentials,Georg-1996,
77A-baq,baq,Baure,77A,Semantic Distinctions of Evidentiality,Indirect only,Baptista-and-Wallin-1967[38],
77A-chl,chl,Chehalis (Upper),77A,Semantic Distinctions of Evidentiality,Indirect only,Kinkade-1963[355],
77A-sba,sba,Sáliba (in Colombia),77A,Semantic Distinctions of Evidentiality,No grammatical evidentials,Suarez-1977,
77A-agt,agt,Anguthimri,77A,Semantic Distinctions of Evidentiality,No grammatical evidentials,Crowley-1981,
77A-akh,akh,Akha,77A,Semantic Distinctions of Evidentiality,Direct and indirect,Thurgood-1986,
77A-hlp,hlp,Hualapai,77A,Semantic Distinctions of Evidentiality,Direct and indirect,Watahomigie-et-al-1982[392-5],
77A-nhm,nhm,Nahuatl (Michoacán),77A,Semantic Distinctions of Evidentiality,Indirect only,Sischo-1979[317],
77A-kls,kls,Kalispel,77A,Semantic Distinctions of Evidentiality,No grammatical evidentials,Vogt-1940,
77A-nhh,nhh,Nahuatl (Huasteca),77A,Semantic Distinctions of Evidentiality,No grammatical evidentials,Beller-and-Beller-1979,
77A-nev,nev,Nevome,77A,Semantic Distinctions of Evidentiality,Indirect only,Shaul-1986[57],
77A-nwd,nwd,Newar (Dolakha),77A,Semantic Distinctions of Evidentiality,Indirect only,Genetti-1986[65],
77A-abm,abm,Alabama,77A,Semantic Distinctions of Evidentiality,Indirect only,Sylestine-et-al-1993,
77A-ckl,ckl,Chinook (Lower),77A,Semantic Distinctions of Evidentiality,No grammatical evidentials,Boas-1911b,
77A-gjj,gjj,Guajajara,77A,Semantic Distinctions of Evidentiality,Indirect only,Bendor-Samuel-1972[151],
77A-for,for,Fore,77A,Semantic Distinctions of Evidentiality,No grammatical evidentials,Scott-1973,
77A-mny,mny,Margany,77A,Semantic Distinctions of Evidentiality,No grammatical evidentials,Breen-1981a,
77A-mxo,mxo,Mixtec (Ocotepec),77A,Semantic Distinctions of Evidentiality,Indirect only,Alexander-1988[190],
77A-tzo,tzo,Tzotzil,77A,Semantic Distinctions of Evidentiality,Indirect only,Cowan-1969[82],
77A-wat,wat,Watjarri,77A,Semantic Distinctions of Evidentiality,No grammatical evidentials,Douglas-1981,
77A-way,way,Wayampi,77A,Semantic Distinctions of Evidentiality,Indirect only,Dooley-1990[468],
77A-ign,ign,Ignaciano,77A,Semantic Distinctions of Evidentiality,No grammatical evidentials,Ott-and-Ott-1967b,
77A-kpm,kpm,Kapampangan,77A,Semantic Distinctions of Evidentiality,No grammatical evidentials,Mirikitani-1972,
77A-adk,adk,Andoke,77A,Semantic Distinctions of Evidentiality,Direct and indirect,Landaburu-1979[120-1],
77A-dmi,dmi,Dumi,77A,Semantic Distinctions of Evidentiality,Indirect only,van-Driem-1993[263],
77A-iqu,iqu,Iquito,77A,Semantic Distinctions of Evidentiality,Indirect only,Eastman-and-Eastman-1963[180-1],
77A-ito,ito,Itonama,77A,Semantic Distinctions of Evidentiality,Indirect only,Camp-and-Liccardi-1967[294],
77A-khl,khl,Khalaj,77A,Semantic Distinctions of Evidentiality,No grammatical evidentials,Kiral-2000,
77A-mdn,mdn,Mandan,77A,Semantic Distinctions of Evidentiality,Indirect only,Kennard-1936[17-9],
77A-tus,tus,Tuscarora,77A,Semantic Distinctions of Evidentiality,No grammatical evidentials,Mithun-1986,
77A-ywl,ywl,Yawelmani,77A,Semantic Distinctions of Evidentiality,No grammatical evidentials,Newman-1946,
77A-amu,amu,Yanesha',77A,Semantic Distinctions of Evidentiality,Indirect only,Wise-1986[608],
77A-coc,coc,Cocama,77A,Semantic Distinctions of Evidentiality,Indirect only,Faust-1972[131],
77A-fas,fas,Fasu,77A,Semantic Distinctions of Evidentiality,Direct and indirect,Loeweke-and-May-1980[71],
77A-pme,pme,Pomo (Eastern),77A,Semantic Distinctions of Evidentiality,Direct and indirect,McLendon-1975,
77A-src,src,Sarcee,77A,Semantic Distinctions of Evidentiality,Indirect only,Cook-1984[35],
77A-sin,sin,Siona,77A,Semantic Distinctions of Evidentiality,Direct and indirect,Wheeler-1987[153-4],
77A-blx,blx,Biloxi,77A,Semantic Distinctions of Evidentiality,Indirect only,Einaudi-1976[98],
77A-god,god,Godoberi,77A,Semantic Distinctions of Evidentiality,Direct and indirect,Kibrik-1996[94-7],
77A-twe,twe,Tarahumara (Western),77A,Semantic Distinctions of Evidentiality,Direct and indirect,Burgess-1984[52ff],
77A-wrg,wrg,Warrgamay,77A,Semantic Distinctions of Evidentiality,No grammatical evidentials,Dixon-1981,
77A-twn,twn,Tiwa (Northern),77A,Semantic Distinctions of Evidentiality,Indirect only,Trager-1946[202],
77A-ese,ese,Ese Ejja,77A,Semantic Distinctions of Evidentiality,Indirect only,Shoemaker-and-Shoemaker-1967[234],
77A-grf,grf,Garífuna,77A,Semantic Distinctions of Evidentiality,Indirect only,Taylor-1956b[144],
77A-rut,rut,Rutul,77A,Semantic Distinctions of Evidentiality,Indirect only,Alekseev-1994b[237],
77A-tar,tar,Tariana,77A,Semantic Distinctions of Evidentiality,Direct and indirect,Aikhenvald-and-Dixon-1998,
77A-arw,arw,Armenian (Western),77A,Semantic Distinctions of Evidentiality,Indirect only,Donabedian-1996[90],
77A-baa,baa,Barai,77A,Semantic Distinctions of Evidentiality,No grammatical evidentials,Olson-1973,
77A-cor,cor,Cora,77A,Semantic Distinctions of Evidentiality,Indirect only,Casad-1984[447],
77A-kma,kma,Kamaiurá,77A,Semantic Distinctions of Evidentiality,Indirect only,Seki-1990[377],
77A-plk,plk,Palikur,77A,Semantic Distinctions of Evidentiality,No grammatical evidentials,Derbyshire-1986,
77A-txj,txj,Totonac (Xicotepec de Juárez),77A,Semantic Distinctions of Evidentiality,No grammatical evidentials,Reid-et-al-1968,
77A-ccm,ccm,Chinantec (Comaltepec),77A,Semantic Distinctions of Evidentiality,Indirect only,Anderson-1989[9],
77A-ctm,ctm,Chitimacha,77A,Semantic Distinctions of Evidentiality,Indirect only,Swadesh-1946b[330],
77A-kng,kng,Kaingang,77A,Semantic Distinctions of Evidentiality,Indirect only,Wiesemann-1972[107],
77A-kmk,kmk,Kalmyk,77A,Semantic Distinctions of Evidentiality,Indirect only,Todaeva-1968[44],
77A-wol,wol,Woleaian,77A,Semantic Distinctions of Evidentiality,No grammatical evidentials,Sohn-1975,
77A-amc,amc,Amahuaca,77A,Semantic Distinctions of Evidentiality,Indirect only,Sparing-Chavez-1998[472],
77A-chp,chp,Chipewyan,77A,Semantic Distinctions of Evidentiality,Indirect only,Li-1946[421],
77A-kol,kol,Kolami,77A,Semantic Distinctions of Evidentiality,No grammatical evidentials,Emeneau-1955,
77A-moh,moh,Mohawk,77A,Semantic Distinctions of Evidentiality,Indirect only,Mithun-1986[102],
77A-acm,acm,Achumawi,77A,Semantic Distinctions of Evidentiality,Indirect only,de-Angulo-and-Freeland-1931[113],
77A-ppi,ppi,Pitta Pitta,77A,Semantic Distinctions of Evidentiality,No grammatical evidentials,Blake-1979c,
77A-slp,slp,Selepet,77A,Semantic Distinctions of Evidentiality,No grammatical evidentials,McElhanon-1972,
77A-tuc,tuc,Tucano,77A,Semantic Distinctions of Evidentiality,Direct and indirect,West-1980,
77A-bla,bla,Blackfoot,77A,Semantic Distinctions of Evidentiality,No grammatical evidentials,Frantz-1991,
77A-kzy,kzy,Komi-Zyrian,77A,Semantic Distinctions of Evidentiality,Direct and indirect,Leinonen-2000,
77A-nhn,nhn,Nahuatl (North Puebla),77A,Semantic Distinctions of Evidentiality,Indirect only,Brockway-1979[147-8],
77A-sre,sre,Sre,77A,Semantic Distinctions of Evidentiality,No grammatical evidentials,Manley-1972,
77A-gum,gum,Gumbaynggir,77A,Semantic Distinctions of Evidentiality,No grammatical evidentials,Eades-1979,
77A-kws,kws,Kawaiisu,77A,Semantic Distinctions of Evidentiality,Indirect only,Zigmond-et-al-1990-1991[20],
77A-pno,pno,Paiute (Northern),77A,Semantic Distinctions of Evidentiality,Indirect only,Snapp-et-al-1982[12-3],
77A-cbo,cbo,Chácobo,77A,Semantic Distinctions of Evidentiality,Indirect only,Prost-1967,
77A-bco,bco,Bella Coola,77A,Semantic Distinctions of Evidentiality,Indirect only,Newman-1969[178],
77A-cso,cso,Chatino (Sierra Occidental),77A,Semantic Distinctions of Evidentiality,No grammatical evidentials,Pride-1965,
77A-cmh,cmh,Chemehuevi,77A,Semantic Distinctions of Evidentiality,No grammatical evidentials,Press-1979,
77A-kwk,kwk,Kwakw'ala,77A,Semantic Distinctions of Evidentiality,Indirect only,Boas-1911a[496],
77A-wrk,wrk,Warekena,77A,Semantic Distinctions of Evidentiality,No grammatical evidentials,Aikhenvald-1998,
77A-chc,chc,Chechen,77A,Semantic Distinctions of Evidentiality,Direct and indirect,Nichols-1994a[38],
77A-yuk,yuk,Yukulta,77A,Semantic Distinctions of Evidentiality,No grammatical evidentials,Keen-1983,
77A-kkv,kkv,Lusi,77A,Semantic Distinctions of Evidentiality,No grammatical evidentials,Counts-1969,
77A-ttu,ttu,Tsova-Tush,77A,Semantic Distinctions of Evidentiality,Direct and indirect,Holisky-and-Gagua-1994,
77A-alw,alw,Alawa,77A,Semantic Distinctions of Evidentiality,No grammatical evidentials,Sharpe-1972,
77A-apl,apl,Apalaí,77A,Semantic Distinctions of Evidentiality,Direct and indirect,Koehn-and-Koehn-1986[119],
77A-tpn,tpn,Tepehuan (Northern),77A,Semantic Distinctions of Evidentiality,Indirect only,Bascom-1982[279],
77A-tlp,tlp,Tlapanec,77A,Semantic Distinctions of Evidentiality,No grammatical evidentials,Radin-1935,
77A-cct,cct,Choctaw,77A,Semantic Distinctions of Evidentiality,Indirect only,Broadwell-1987[421],
77A-nuu,nuu,Nuuchahnulth,77A,Semantic Distinctions of Evidentiality,Indirect only,Swadesh-1939[82],
77A-oji,oji,Ojibwa (Eastern),77A,Semantic Distinctions of Evidentiality,No grammatical evidentials,Bloomfield-1957,
77A-srn,srn,Sirionó,77A,Semantic Distinctions of Evidentiality,Indirect only,Priest-et-al-1961[339],
77A-tkl,tkl,Takelma,77A,Semantic Distinctions of Evidentiality,Indirect only,Sapir-1922b,
77A-uhi,uhi,Uradhi,77A,Semantic Distinctions of Evidentiality,No grammatical evidentials,Crowley-1983,
77A-che,che,Cherokee,77A,Semantic Distinctions of Evidentiality,Indirect only,Reyburn-1954a[58],
77A-hup,hup,Hupa,77A,Semantic Distinctions of Evidentiality,Direct and indirect,Goddard-1911,
77A-ite,ite,Itelmen,77A,Semantic Distinctions of Evidentiality,No grammatical evidentials,Georg-and-Volodin-1999,
77A-shu,shu,Shuswap,77A,Semantic Distinctions of Evidentiality,Indirect only,Kuipers-1974[74],
77A-siu,siu,Siuslaw,77A,Semantic Distinctions of Evidentiality,No grammatical evidentials,Frachtenberg-1922b,
77A-chr,chr,Chrau,77A,Semantic Distinctions of Evidentiality,No grammatical evidentials,Thomas-1971,
77A-est,est,Estonian,77A,Semantic Distinctions of Evidentiality,Indirect only,Valmet-et-al-1981,
77A-guu,guu,Guugu Yimidhirr,77A,Semantic Distinctions of Evidentiality,No grammatical evidentials,Haviland-1979,
77A-hop,hop,Hopi,77A,Semantic Distinctions of Evidentiality,Indirect only,Whorf-1935[119-20],
77A-tac,tac,Tacana,77A,Semantic Distinctions of Evidentiality,Indirect only,Ottaviano-and-Ottaviano-1967[151],
77A-wiy,wiy,Wiyot,77A,Semantic Distinctions of Evidentiality,No grammatical evidentials,Teeter-1964,
77A-djp,djp,Djapu,77A,Semantic Distinctions of Evidentiality,No grammatical evidentials,Morphy-1983,
77A-mam,mam,Mam,77A,Semantic Distinctions of Evidentiality,Indirect only,England-1983[314],
77A-qaw,qaw,Qawasqar,77A,Semantic Distinctions of Evidentiality,No grammatical evidentials,Clairis-1985,
77A-arg,arg,Arabic (Gulf),77A,Semantic Distinctions of Evidentiality,Indirect only,Holes-1990[202],
77A-pae,pae,Páez,77A,Semantic Distinctions of Evidentiality,Indirect only,Slocum-1986[98-9],
77A-arc,arc,Archi,77A,Semantic Distinctions of Evidentiality,Indirect only,Kibrik-1994a[329],
77A-lim,lim,Limbu,77A,Semantic Distinctions of Evidentiality,Indirect only,van-Driem-1987[238-9],
77A-poh,poh,Pohnpeian,77A,Semantic Distinctions of Evidentiality,No grammatical evidentials,Rehg-1981,
77A-ykt,ykt,Yakut,77A,Semantic Distinctions of Evidentiality,Direct and indirect,Buder-1989[65-7],
77A-nep,nep,Nepali,77A,Semantic Distinctions of Evidentiality,Indirect only,Michailovsky-1996[111],
77A-qui,qui,Quileute,77A,Semantic Distinctions of Evidentiality,Indirect only,Andrade-1933[206],
77A-ret,ret,Retuarã,77A,Semantic Distinctions of Evidentiality,Direct and indirect,Strom-1992[90-1],
77A-tau,tau,Tauya,77A,Semantic Distinctions of Evidentiality,No grammatical evidentials,MacDonald-1990,
77A-bre,bre,Breton,77A,Semantic Distinctions of Evidentiality,No grammatical evidentials,Press-1986,
77A-sel,sel,Selknam,77A,Semantic Distinctions of Evidentiality,No grammatical evidentials,Najlis-1973,
77A-wao,wao,Waorani,77A,Semantic Distinctions of Evidentiality,Indirect only,Wilkendorf-1988[49],
77A-win,win,Wintu,77A,Semantic Distinctions of Evidentiality,Direct and indirect,Pitkin-1984[131-46],
77A-cax,cax,Campa (Axininca),77A,Semantic Distinctions of Evidentiality,No grammatical evidentials,Payne-1981,
77A-kon,kon,Kongo,77A,Semantic Distinctions of Evidentiality,No grammatical evidentials,Bentley-1887,
77A-tsh,tsh,Tümpisa Shoshone,77A,Semantic Distinctions of Evidentiality,Indirect only,Dayley-1989a[58],
77A-jaq,jaq,Jaqaru,77A,Semantic Distinctions of Evidentiality,Direct and indirect,Hardman-1986[118-9],
77A-ton,ton,Tonkawa,77A,Semantic Distinctions of Evidentiality,Indirect only,Hoijer-1946b[310],
77A-pip,pip,Pipil,77A,Semantic Distinctions of Evidentiality,No grammatical evidentials,Campbell-1985,
77A-tzu,tzu,Tzutujil,77A,Semantic Distinctions of Evidentiality,Indirect only,Dayley-1985[260],
77A-die,die,Diegueño (Mesa Grande),77A,Semantic Distinctions of Evidentiality,No grammatical evidentials,Langdon-1970,
77A-diy,diy,Diyari,77A,Semantic Distinctions of Evidentiality,Direct and indirect,Austin-1981[173],
77A-lak,lak,Lak,77A,Semantic Distinctions of Evidentiality,No grammatical evidentials,Murkelinskij-1967,
77A-mne,mne,Maidu (Northeast),77A,Semantic Distinctions of Evidentiality,Indirect only,Dixon-1911[703],
77A-eka,eka,Ekari,77A,Semantic Distinctions of Evidentiality,Indirect only,Drabbe-1952[50],
77A-ham,ham,Hamtai,77A,Semantic Distinctions of Evidentiality,Indirect only,Oates-and-Oates-1968[126-8],
77A-mac,mac,Macushi,77A,Semantic Distinctions of Evidentiality,No grammatical evidentials,Abbott-1991,
77A-mrd,mrd,Marind,77A,Semantic Distinctions of Evidentiality,Indirect only,Drabbe-1955[134],
77A-abi,abi,Abipón,77A,Semantic Distinctions of Evidentiality,No grammatical evidentials,Najlis-1966,
77A-mab,mab,Maba,77A,Semantic Distinctions of Evidentiality,No grammatical evidentials,Trenga-1947,
77A-swe,swe,Swedish,77A,Semantic Distinctions of Evidentiality,Indirect only,Dahl-1985,
77A-dut,dut,Dutch,77A,Semantic Distinctions of Evidentiality,Indirect only,,
77A-pur,pur,Purépecha,77A,Semantic Distinctions of Evidentiality,Indirect only,Foster-1969[50],
77A-una,una,Una,77A,Semantic Distinctions of Evidentiality,No grammatical evidentials,Louwerse-1988,
77A-dyi,dyi,Dyirbal,77A,Semantic Distinctions of Evidentiality,No grammatical evidentials,Dixon-1972,
77A-lit,lit,Lithuanian,77A,Semantic Distinctions of Evidentiality,Indirect only,Mathiassen-1996[134-6],
77A-ood,ood,O'odham,77A,Semantic Distinctions of Evidentiality,Indirect only,Saxton-1982[128],
77A-rom,rom,Romanian,77A,Semantic Distinctions of Evidentiality,No grammatical evidentials,Mallinson-1986,
77A-tml,tml,Tamil,77A,Semantic Distinctions of Evidentiality,Indirect only,Asher-1982[172],
77A-bul,bul,Bulgarian,77A,Semantic Distinctions of Evidentiality,Direct and indirect,Friedman-1986,
77A-lah,lah,Lahu,77A,Semantic Distinctions of Evidentiality,Indirect only,Matisoff-1973[377-80],
77A-yuc,yuc,Yuchi,77A,Semantic Distinctions of Evidentiality,No grammatical evidentials,Wagner-1933-1938,
77A-pso,pso,Pomo (Southeastern),77A,Semantic Distinctions of Evidentiality,Direct and indirect,Moshinsky-1974[70-1],
77A-zun,zun,Zuni,77A,Semantic Distinctions of Evidentiality,No grammatical evidentials,Newman-1965,
77A-snt,snt,Sentani,77A,Semantic Distinctions of Evidentiality,No grammatical evidentials,Cowan-1965,
77A-krb,krb,Kiribati,77A,Semantic Distinctions of Evidentiality,No grammatical evidentials,Groves-et-al-1985,
77A-ypk,ypk,Yup'ik (Central),77A,Semantic Distinctions of Evidentiality,Indirect only,Reed-et-al-1977[236-7],
77A-cnt,cnt,Cantonese,77A,Semantic Distinctions of Evidentiality,Indirect only,Matthews-1997,
77A-fur,fur,Fur,77A,Semantic Distinctions of Evidentiality,No grammatical evidentials,Jakobi-1990,
77A-ker,ker,Kera,77A,Semantic Distinctions of Evidentiality,No grammatical evidentials,Ebert-1979,
77A-lad,lad,Ladakhi,77A,Semantic Distinctions of Evidentiality,Direct and indirect,Koshal-1979[195ff],
77A-lep,lep,Lepcha,77A,Semantic Distinctions of Evidentiality,No grammatical evidentials,Mainwaring-1876,
77A-tli,tli,Tlingit,77A,Semantic Distinctions of Evidentiality,No grammatical evidentials,Swanton-1911a,
77A-wam,wam,Wambaya,77A,Semantic Distinctions of Evidentiality,No grammatical evidentials,Nordlinger-1998,
77A-alb,alb,Albanian,77A,Semantic Distinctions of Evidentiality,Indirect only,Friedman-1986[182],
77A-kyl,kyl,Kayah Li (Eastern),77A,Semantic Distinctions of Evidentiality,Direct and indirect,Solnit-1997[213],
77A-nti,nti,Ngiti,77A,Semantic Distinctions of Evidentiality,No grammatical evidentials,Kutsch-Lojenga-1994,
77A-car,car,Carib,77A,Semantic Distinctions of Evidentiality,Direct and indirect,Hoff-1986,
77A-mak,mak,Makah,77A,Semantic Distinctions of Evidentiality,Direct and indirect,Jacobsen-1986,
77A-tsi,tsi,Tsimshian (Coast),77A,Semantic Distinctions of Evidentiality,Indirect only,Boas-1911c[348-9],
77A-tun,tun,Tunica,77A,Semantic Distinctions of Evidentiality,Indirect only,Haas-1940[117],
77A-sue,sue,Suena,77A,Semantic Distinctions of Evidentiality,Indirect only,Wilson-1974[151],
77A-mku,mku,Maranungku,77A,Semantic Distinctions of Evidentiality,No grammatical evidentials,Tryon-1970b,
77A-mrl,mrl,Murle,77A,Semantic Distinctions of Evidentiality,No grammatical evidentials,Lyth-1971,
77A-psm,psm,Passamaquoddy-Maliseet,77A,Semantic Distinctions of Evidentiality,Indirect only,Leavitt-1996[45],
77A-pit,pit,Pitjantjatjara,77A,Semantic Distinctions of Evidentiality,Indirect only,Bowe-1990[42-5],
77A-ana,ana,Araona,77A,Semantic Distinctions of Evidentiality,Indirect only,Pitman-1980[109],
77A-cyv,cyv,Cayuvava,77A,Semantic Distinctions of Evidentiality,No grammatical evidentials,Key-1967,
77A-dio,dio,Diola-Fogny,77A,Semantic Distinctions of Evidentiality,No grammatical evidentials,Sapir-1965,
77A-aym,aym,Aymara (Central),77A,Semantic Distinctions of Evidentiality,Direct and indirect,Hardman-1986,
77A-baw,baw,Bawm,77A,Semantic Distinctions of Evidentiality,No grammatical evidentials,Reichle-1981,
77A-nbd,nbd,Nubian (Dongolese),77A,Semantic Distinctions of Evidentiality,No grammatical evidentials,Armbruster-1960,
77A-wrd,wrd,Wardaman,77A,Semantic Distinctions of Evidentiality,No grammatical evidentials,Merlan-1994,
77A-hai,hai,Haida,77A,Semantic Distinctions of Evidentiality,Direct and indirect,Swanton-1911b,
77A-kmu,kmu,Khmu',77A,Semantic Distinctions of Evidentiality,No grammatical evidentials,Premsrirat-1987,
77A-usa,usa,Usan,77A,Semantic Distinctions of Evidentiality,No grammatical evidentials,Reesink-1987,
77A-pai,pai,Paiwan,77A,Semantic Distinctions of Evidentiality,Indirect only,Egli-1990[52],
77A-ung,ung,Ungarinjin,77A,Semantic Distinctions of Evidentiality,No grammatical evidentials,Rumsey-1982,
77A-bej,bej,Beja,77A,Semantic Distinctions of Evidentiality,Indirect only,Dahl-1984[95-6],
77A-dre,dre,Drehu,77A,Semantic Distinctions of Evidentiality,No grammatical evidentials,Tryon-1967a,
77A-gar,gar,Garo,77A,Semantic Distinctions of Evidentiality,Indirect only,Burling-1961[36],
77A-pms,pms,Paamese,77A,Semantic Distinctions of Evidentiality,No grammatical evidentials,Crowley-1982,
77A-mss,mss,Miwok (Southern Sierra),77A,Semantic Distinctions of Evidentiality,Indirect only,Broadbent-1964[107],
77A-yur,yur,Yurok,77A,Semantic Distinctions of Evidentiality,No grammatical evidentials,Robins-1958,
77A-dag,dag,Daga,77A,Semantic Distinctions of Evidentiality,No grammatical evidentials,Murane-1974,
77A-otm,otm,Otomí (Mezquital),77A,Semantic Distinctions of Evidentiality,Indirect only,Hess-1968[118-9],
77A-igb,igb,Igbo,77A,Semantic Distinctions of Evidentiality,No grammatical evidentials,Green-and-Igwe-1963,
77A-nez,nez,Nez Perce,77A,Semantic Distinctions of Evidentiality,No grammatical evidentials,Aoki-1970,
77A-brh,brh,Brahui,77A,Semantic Distinctions of Evidentiality,No grammatical evidentials,Andronov-1980,
77A-cah,cah,Cahuilla,77A,Semantic Distinctions of Evidentiality,Indirect only,Seiler-1977,
77A-cle,cle,Chinantec (Lealao),77A,Semantic Distinctions of Evidentiality,No grammatical evidentials,Rupp-1989,
77A-knm,knm,Kunama,77A,Semantic Distinctions of Evidentiality,No grammatical evidentials,Bender-1996,
77A-nav,nav,Navajo,77A,Semantic Distinctions of Evidentiality,Indirect only,Willie-1996;Willie-1991,
77A-zqc,zqc,Zoque (Copainalá),77A,Semantic Distinctions of Evidentiality,Indirect only,Wonderly-1951b[160],
77A-bkr,bkr,Batak (Karo),77A,Semantic Distinctions of Evidentiality,No grammatical evidentials,Woollams-1996,
77A-cmn,cmn,Comanche,77A,Semantic Distinctions of Evidentiality,Indirect only,Charney-1993[190],
77A-iri,iri,Irish,77A,Semantic Distinctions of Evidentiality,No grammatical evidentials,O-Siadhail-1989,
77A-nko,nko,Nkore-Kiga,77A,Semantic Distinctions of Evidentiality,No grammatical evidentials,Taylor-1985,
77A-squ,squ,Squamish,77A,Semantic Distinctions of Evidentiality,Direct and indirect,Jacobs-1996[250-1],
77A-tru,tru,Trumai,77A,Semantic Distinctions of Evidentiality,Indirect only,Guirardello-1999a[225],
77A-dni,dni,Dani (Lower Grand Valley),77A,Semantic Distinctions of Evidentiality,Indirect only,Bromley-1981[309],
77A-nen,nen,Nenets,77A,Semantic Distinctions of Evidentiality,Direct and indirect,Perrot-1996,
77A-urk,urk,Urubú-Kaapor,77A,Semantic Distinctions of Evidentiality,Indirect only,Kakumasu-1986[397],
77A-coo,coo,Coos (Hanis),77A,Semantic Distinctions of Evidentiality,Indirect only,Frachtenberg-1922a[388],
77A-nht,nht,Nahuatl (Tetelcingo),77A,Semantic Distinctions of Evidentiality,Indirect only,Tuggy-1979[14],
77A-yim,yim,Yimas,77A,Semantic Distinctions of Evidentiality,No grammatical evidentials,Foley-1991,
77A-ika,ika,Ika,77A,Semantic Distinctions of Evidentiality,Direct and indirect,Frank-1990[77],
77A-kse,kse,Koyraboro Senni,77A,Semantic Distinctions of Evidentiality,No grammatical evidentials,Heath-1999a,
77A-mun,mun,Mundari,77A,Semantic Distinctions of Evidentiality,No grammatical evidentials,Osada-1992,
77A-yid,yid,Yidiny,77A,Semantic Distinctions of Evidentiality,No grammatical evidentials,Dixon-1977a,
77A-krk,krk,Karok,77A,Semantic Distinctions of Evidentiality,Indirect only,Harrington-1931[122],
77A-brs,brs,Barasano,77A,Semantic Distinctions of Evidentiality,Direct and indirect,Jones-and-Jones-1991[85ff],
77A-tab,tab,Taba,77A,Semantic Distinctions of Evidentiality,No grammatical evidentials,Bowden-1997a,
77A-aco,aco,Acoma,77A,Semantic Distinctions of Evidentiality,Direct and indirect,"Miller-1965[100, 122]",
77A-pau,pau,Paumarí,77A,Semantic Distinctions of Evidentiality,Indirect only,Chapman-and-Derbyshire-1991[345],
77A-arp,arp,Arapesh (Mountain),77A,Semantic Distinctions of Evidentiality,No grammatical evidentials,Conrad-and-Wogiga-1991,
77A-ond,ond,Oneida,77A,Semantic Distinctions of Evidentiality,Indirect only,Mithun-1986[102-3],
77A-asm,asm,Asmat,77A,Semantic Distinctions of Evidentiality,Indirect only,Voorhoeve-1965[176],
77A-ewe,ewe,Ewe,77A,Semantic Distinctions of Evidentiality,No grammatical evidentials,Westermann-1930,
77A-grb,grb,Grebo,77A,Semantic Distinctions of Evidentiality,No grammatical evidentials,Innes-1966,
77A-hmo,hmo,Hmong Njua,77A,Semantic Distinctions of Evidentiality,No grammatical evidentials,Harriehausen-1990,
77A-khs,khs,Khasi,77A,Semantic Distinctions of Evidentiality,No grammatical evidentials,Nagaraja-1985,
77A-khm,khm,Khmer,77A,Semantic Distinctions of Evidentiality,No grammatical evidentials,Jacob-1968,
77A-kio,kio,Kiowa,77A,Semantic Distinctions of Evidentiality,Indirect only,Watkins-1984[173-4],
77A-wic,wic,Wichita,77A,Semantic Distinctions of Evidentiality,Indirect only,"Rood-1976[18, 101]",
77A-juh,juh,Ju|'hoan,77A,Semantic Distinctions of Evidentiality,No grammatical evidentials,Snyman-1970,
77A-klv,klv,Kilivila,77A,Semantic Distinctions of Evidentiality,No grammatical evidentials,Senft-1986,
77A-nug,nug,Nunggubuyu,77A,Semantic Distinctions of Evidentiality,No grammatical evidentials,Heath-1984,
77A-irq,irq,Iraqw,77A,Semantic Distinctions of Evidentiality,No grammatical evidentials,Mous-1993,
77A-kew,kew,Kewa,77A,Semantic Distinctions of Evidentiality,Direct and indirect,Franklin-1971[50],
77A-snm,snm,Sanuma,77A,Semantic Distinctions of Evidentiality,Direct and indirect,"Borgman-1990[21, 170]",
77A-shk,shk,Shipibo-Konibo,77A,Semantic Distinctions of Evidentiality,Indirect only,Valenzuela-1997[30],
77A-epe,epe,Epena Pedee,77A,Semantic Distinctions of Evidentiality,Indirect only,Harms-1994[177],
77A-ket,ket,Ket,77A,Semantic Distinctions of Evidentiality,No grammatical evidentials,Werner-1997a,
77A-koa,koa,Koasati,77A,Semantic Distinctions of Evidentiality,Direct and indirect,"Kimball-1991[195, 203-6]",
77A-luv,luv,Luvale,77A,Semantic Distinctions of Evidentiality,No grammatical evidentials,Horton-1949,
77A-san,san,Sango,77A,Semantic Distinctions of Evidentiality,No grammatical evidentials,Samarin-1967b,
77A-hzb,hzb,Hunzib,77A,Semantic Distinctions of Evidentiality,Indirect only,van-den-Berg-1995[103],
77A-ing,ing,Ingush,77A,Semantic Distinctions of Evidentiality,Direct and indirect,Nichols-1994b[104],
77A-mau,mau,Maung,77A,Semantic Distinctions of Evidentiality,No grammatical evidentials,Capell-and-Hinch-1970,
77A-kfe,kfe,Koromfe,77A,Semantic Distinctions of Evidentiality,No grammatical evidentials,Rennison-1997,
77A-qim,qim,Quechua (Imbabura),77A,Semantic Distinctions of Evidentiality,Direct and indirect,Cole-1982[164],
77A-ram,ram,Rama,77A,Semantic Distinctions of Evidentiality,No grammatical evidentials,Grinevald-nd,
77A-wch,wch,Wichí,77A,Semantic Distinctions of Evidentiality,No grammatical evidentials,Hunt-1940,
77A-yag,yag,Yagua,77A,Semantic Distinctions of Evidentiality,No grammatical evidentials,Payne-and-Payne-1990,
77A-niv,niv,Nivkh,77A,Semantic Distinctions of Evidentiality,Indirect only,Panfilov-1968[422],
77A-apu,apu,Apurinã,77A,Semantic Distinctions of Evidentiality,Indirect only,"Facundes-2000[116, ]",
77A-wra,wra,Warao,77A,Semantic Distinctions of Evidentiality,Indirect only,Osborn-1967[62-3],
77A-imo,imo,Imonda,77A,Semantic Distinctions of Evidentiality,No grammatical evidentials,Seiler-1985,
77A-awp,awp,Awa Pit,77A,Semantic Distinctions of Evidentiality,No grammatical evidentials,Curnow-1997,
77A-kob,kob,Kobon,77A,Semantic Distinctions of Evidentiality,No grammatical evidentials,Davies-1981b,
77A-lat,lat,Latvian,77A,Semantic Distinctions of Evidentiality,Indirect only,Mathiassen-1997[131],
77A-mar,mar,Maricopa,77A,Semantic Distinctions of Evidentiality,Direct and indirect,Gordon-1986,
77A-ala,ala,Alamblak,77A,Semantic Distinctions of Evidentiality,No grammatical evidentials,Bruce-1984,
77A-goo,goo,Gooniyandi,77A,Semantic Distinctions of Evidentiality,Indirect only,McGregor-1990[550],
77A-kut,kut,Kutenai,77A,Semantic Distinctions of Evidentiality,No grammatical evidentials,Garvin-1948b,
77A-mxc,mxc,Mixtec (Chalcatongo),77A,Semantic Distinctions of Evidentiality,No grammatical evidentials,Macaulay-1996,
77A-lav,lav,Lavukaleve,77A,Semantic Distinctions of Evidentiality,No grammatical evidentials,Terrill-1999,
77A-rap,rap,Rapanui,77A,Semantic Distinctions of Evidentiality,No grammatical evidentials,Du-Feu-1996,
77A-ain,ain,Ainu,77A,Semantic Distinctions of Evidentiality,Direct and indirect,Shibatani-1990[84],
77A-jak,jak,Jakaltek,77A,Semantic Distinctions of Evidentiality,Indirect only,Craig-1977[404],
77A-lkt,lkt,Lakhota,77A,Semantic Distinctions of Evidentiality,Indirect only,Boas-and-Swanton-1911[934],
77A-mrt,mrt,Martuthunira,77A,Semantic Distinctions of Evidentiality,Indirect only,"Dench-1995[167, p.c.]",
77A-prh,prh,Pirahã,77A,Semantic Distinctions of Evidentiality,Direct and indirect,Everett-1986[297-9],
77A-war,war,Wari',77A,Semantic Distinctions of Evidentiality,No grammatical evidentials,Everett-and-Kern-1997,
77A-gua,gua,Guaraní,77A,Semantic Distinctions of Evidentiality,Indirect only,Rosbottom-1967[150],
77A-kho,kho,Khoekhoe,77A,Semantic Distinctions of Evidentiality,No grammatical evidentials,Hagman-1977,
77A-mei,mei,Meithei,77A,Semantic Distinctions of Evidentiality,Direct and indirect,Bhat-and-Ningomba-1997[252-3],
77A-ngi,ngi,Ngiyambaa,77A,Semantic Distinctions of Evidentiality,Direct and indirect,Donaldson-1980[275-85],
77A-brm,brm,Burmese,77A,Semantic Distinctions of Evidentiality,No grammatical evidentials,Bernot-1980,
77A-kro,kro,Krongo,77A,Semantic Distinctions of Evidentiality,No grammatical evidentials,Reh-1985,
77A-myi,myi,Mangarrayi,77A,Semantic Distinctions of Evidentiality,Indirect only,Merlan-1982[150],
77A-tiw,tiw,Tiwi,77A,Semantic Distinctions of Evidentiality,No grammatical evidentials,Osborne-1974,
77A-knr,knr,Kanuri,77A,Semantic Distinctions of Evidentiality,No grammatical evidentials,Hutchison-1981,
77A-kay,kay,Kayardild,77A,Semantic Distinctions of Evidentiality,Direct and indirect,Evans-1995[525],
77A-map,map,Mapudungun,77A,Semantic Distinctions of Evidentiality,No grammatical evidentials,Smeets-1989,
77A-yor,yor,Yoruba,77A,Semantic Distinctions of Evidentiality,No grammatical evidentials,Bamgbose-1966,
77A-yko,yko,Yukaghir (Kolyma),77A,Semantic Distinctions of Evidentiality,Indirect only,Maslova-1999[227-31],
77A-may,may,Maybrat,77A,Semantic Distinctions of Evidentiality,No grammatical evidentials,Dol-1999,
77A-tuk,tuk,Tukang Besi,77A,Semantic Distinctions of Evidentiality,No grammatical evidentials,Donohue-1999a,
77A-bur,bur,Burushaski,77A,Semantic Distinctions of Evidentiality,No grammatical evidentials,Lorimer-1935,
77A-cha,cha,Chamorro,77A,Semantic Distinctions of Evidentiality,Indirect only,Topping-1973[144-5],
77A-chk,chk,Chukchi,77A,Semantic Distinctions of Evidentiality,No grammatical evidentials,Bogoras-1922,
77A-fij,fij,Fijian,77A,Semantic Distinctions of Evidentiality,No grammatical evidentials,Schutz-1985,
77A-heb,heb,Hebrew (Modern),77A,Semantic Distinctions of Evidentiality,No grammatical evidentials,Glinert-1989,
77A-lan,lan,Lango,77A,Semantic Distinctions of Evidentiality,No grammatical evidentials,Noonan-1992,
77A-orh,orh,Oromo (Harar),77A,Semantic Distinctions of Evidentiality,No grammatical evidentials,Owens-1985,
77A-tha,tha,Thai,77A,Semantic Distinctions of Evidentiality,No grammatical evidentials,Burusphat-1991,
77A-yaq,yaq,Yaqui,77A,Semantic Distinctions of Evidentiality,Indirect only,Dedrick-and-Casad-1999,
77A-zul,zul,Zulu,77A,Semantic Distinctions of Evidentiality,No grammatical evidentials,Doke-1927,
77A-sla,sla,Slave,77A,Semantic Distinctions of Evidentiality,Indirect only,Rice-1989,
77A-aeg,aeg,Arabic (Egyptian),77A,Semantic Distinctions of Evidentiality,No grammatical evidentials,Gary-and-Gamal-Eldin-1982,
77A-grw,grw,Greenlandic (West),77A,Semantic Distinctions of Evidentiality,Indirect only,"Fortescue-1984[1-3, 294]",
77A-hix,hix,Hixkaryana,77A,Semantic Distinctions of Evidentiality,Direct and indirect,Derbyshire-1979[144],
77A-swa,swa,Swahili,77A,Semantic Distinctions of Evidentiality,No grammatical evidentials,Ashton-1947,
77A-vie,vie,Vietnamese,77A,Semantic Distinctions of Evidentiality,No grammatical evidentials,Nguyen-1997,
77A-hin,hin,Hindi,77A,Semantic Distinctions of Evidentiality,No grammatical evidentials,McGregor-1977,
77A-ckr,ckr,Canela-Krahô,77A,Semantic Distinctions of Evidentiality,No grammatical evidentials,Popjes-and-Popjes-1986,
77A-tag,tag,Tagalog,77A,Semantic Distinctions of Evidentiality,Indirect only,Ramos-and-Morales-Goulet-1981,
77A-geo,geo,Georgian,77A,Semantic Distinctions of Evidentiality,Direct and indirect,Boeder-2000,
77A-knd,knd,Kannada,77A,Semantic Distinctions of Evidentiality,Indirect only,Sridhar-1990[3],
77A-kha,kha,Khalkha,77A,Semantic Distinctions of Evidentiality,Direct and indirect,Street-1963[121-9],
77A-mal,mal,Malagasy,77A,Semantic Distinctions of Evidentiality,No grammatical evidentials,Rabenilaina-1983,
77A-sup,sup,Supyire,77A,Semantic Distinctions of Evidentiality,No grammatical evidentials,Carlson-1994,
77A-hau,hau,Hausa,77A,Semantic Distinctions of Evidentiality,No grammatical evidentials,Smirnova-1982,
77A-mao,mao,Maori,77A,Semantic Distinctions of Evidentiality,No grammatical evidentials,Bauer-1993,
77A-bsq,bsq,Basque,77A,Semantic Distinctions of Evidentiality,Indirect only,Saltarelli-et-al-1988,
77A-abk,abk,Abkhaz,77A,Semantic Distinctions of Evidentiality,Indirect only,Hewitt-1979[196],
77A-eve,eve,Evenki,77A,Semantic Distinctions of Evidentiality,Direct and indirect,Nedjalkov-1997[239],
77A-kor,kor,Korean,77A,Semantic Distinctions of Evidentiality,Indirect only,Chang-1996,
77A-prs,prs,Persian,77A,Semantic Distinctions of Evidentiality,Direct and indirect,Windfuhr-1982,
77A-ame,ame,Amele,77A,Semantic Distinctions of Evidentiality,No grammatical evidentials,Roberts-1987,
77A-ger,ger,German,77A,Semantic Distinctions of Evidentiality,Indirect only,Palmer-1986[75],
77A-grk,grk,Greek (Modern),77A,Semantic Distinctions of Evidentiality,No grammatical evidentials,Joseph-and-Philippaki-Warburton-1987,
77A-lez,lez,Lezgian,77A,Semantic Distinctions of Evidentiality,Indirect only,"Haspelmath-1993[148, p.c.]",
77A-jpn,jpn,Japanese,77A,Semantic Distinctions of Evidentiality,Indirect only,Martin-1975[984],
77A-mnd,mnd,Mandarin,77A,Semantic Distinctions of Evidentiality,No grammatical evidentials,Li-and-Thompson-1981,
77A-hun,hun,Hungarian,77A,Semantic Distinctions of Evidentiality,No grammatical evidentials,Kenesei-et-al-1998,
77A-ind,ind,Indonesian,77A,Semantic Distinctions of Evidentiality,No grammatical evidentials,Roels-Sianturi-et-al-1990,
77A-fin,fin,Finnish,77A,Semantic Distinctions of Evidentiality,Indirect only,Kangasniemi-1992[199],
77A-rus,rus,Russian,77A,Semantic Distinctions of Evidentiality,No grammatical evidentials,,
77A-spa,spa,Spanish,77A,Semantic Distinctions of Evidentiality,No grammatical evidentials,Butt-and-Benjamin-2000,
77A-tur,tur,Turkish,77A,Semantic Distinctions of Evidentiality,Direct and indirect,Aksu-Koc-and-Slobin-1986,
77A-fre,fre,French,77A,Semantic Distinctions of Evidentiality,Indirect only,,
77A-eng,eng,English,77A,Semantic Distinctions of Evidentiality,No grammatical evidentials,,
77A-hlu,hlu,Halkomelem (Upriver),77A,Semantic Distinctions of Evidentiality,Indirect only,Galloway-1993[368],
77A-qhu,qhu,Quechua (Huallaga),77A,Semantic Distinctions of Evidentiality,Direct and indirect,Weber-1989,
77A-pir,pir,Piro,77A,Semantic Distinctions of Evidentiality,Indirect only,Matteson-1965[50],
77A-ndy,ndy,Ndyuka,77A,Semantic Distinctions of Evidentiality,No grammatical evidentials,Huttar-and-Huttar-1994,
