ID,Language_ID,Language_name,Parameter_ID,Parameter_name,Value,Source,Comment
15A-ahs,ahs,Arabic (Bani-Hassan),15A,Weight-Sensitive Stress,Unbounded: Stress can be anywhere,Irshied-and-Kenstowicz-1984[109-148],
15A-arh,arh,Arabic (Hijazi),15A,Weight-Sensitive Stress,Right-oriented: One of the last three,Al-Mozainy-1981,
15A-atb,atb,Aralle-Tabulahan,15A,Weight-Sensitive Stress,Fixed stress (no weight-sensitivity),McKenzie-1991[99-149],
15A-bnl,bnl,Banggarla,15A,Weight-Sensitive Stress,Fixed stress (no weight-sensitivity),Schurmann-1844,
15A-bim,bim,Bima,15A,Weight-Sensitive Stress,Fixed stress (no weight-sensitivity),Verheijen-1982,
15A-daa,daa,Da'a,15A,Weight-Sensitive Stress,Fixed stress (no weight-sensitivity),Barr-1995;Barr-and-Barr-1988,
15A-hln,hln,Halang,15A,Weight-Sensitive Stress,Fixed stress (no weight-sensitivity),Cooper-and-Cooper-1966,
15A-irm,irm,Irish (Munster),15A,Weight-Sensitive Stress,Unbounded: Stress can be anywhere,Dillon-1961;O-Siadhail-1989,
15A-kli,kli,Kaili,15A,Weight-Sensitive Stress,Fixed stress (no weight-sensitivity),Esser-1934,
15A-kaw,kaw,Kaiwá,15A,Weight-Sensitive Stress,Fixed stress (no weight-sensitivity),Bridgeman-1961,
15A-kap,kap,Kela (Apoze),15A,Weight-Sensitive Stress,Fixed stress (no weight-sensitivity),Collier-and-Collier-1975,
15A-kuz,kuz,Kulamanen,15A,Weight-Sensitive Stress,Right-edge: Ultimate or penultimate,Dubois-1976;Meiklejohn-and-Meiklejohn-1958[1-3],
15A-lla,lla,Lamu-Lamu,15A,Weight-Sensitive Stress,Fixed stress (no weight-sensitivity),Laycock-1971,
15A-lje,lje,Lauje,15A,Weight-Sensitive Stress,Fixed stress (no weight-sensitivity),Himmelmann-1991,
15A-mms,mms,Mamasa,15A,Weight-Sensitive Stress,Fixed stress (no weight-sensitivity),Matti-1991,
15A-meb,meb,Melayu Betawi,15A,Weight-Sensitive Stress,Right-edge: Ultimate or penultimate,Ikranegara-1980;Wallace-1976,
15A-liv,liv,Liv,15A,Weight-Sensitive Stress,Fixed stress (no weight-sensitivity),Sjogren-1861,
15A-mgd,mgd,Mongondow,15A,Weight-Sensitive Stress,Fixed stress (no weight-sensitivity),Dunnebier-1929,
15A-mrk,mrk,Murik,15A,Weight-Sensitive Stress,Unbounded: Stress can be anywhere,Abbott-1985,
15A-nsy,nsy,Neo-Aramaic (Assyrian),15A,Weight-Sensitive Stress,Fixed stress (no weight-sensitivity),Tsereteli-1978,
15A-oto,oto,Oto,15A,Weight-Sensitive Stress,Left-edge: First or second,Miner-1979;Whitman-1947,
15A-pag,pag,Pagu,15A,Weight-Sensitive Stress,Fixed stress (no weight-sensitivity),Wimbish-1992,
15A-plb,plb,Polabian,15A,Weight-Sensitive Stress,Right-edge: Ultimate or penultimate,Olesch-1974,
15A-plp,plp,Pulopetak,15A,Weight-Sensitive Stress,Fixed stress (no weight-sensitivity),Mihing-and-Stokhof-1977,
15A-rnr,rnr,Romani (North Russian),15A,Weight-Sensitive Stress,Fixed stress (no weight-sensitivity),Ventzel-1983,
15A-rsm,rsm,Romansch (Surmeiran),15A,Weight-Sensitive Stress,Right-edge: Ultimate or penultimate,Kamprath-1987;Roca-1999,
15A-sao,sao,Saho,15A,Weight-Sensitive Stress,Not predictable,Welmers-1952b,
15A-sps,sps,Salish (Southern Puget Sound),15A,Weight-Sensitive Stress,Not predictable,Snyder-1968,
15A-sbg,sbg,Sama (Balangingi),15A,Weight-Sensitive Stress,Fixed stress (no weight-sensitivity),Gault-1979[49-67],
15A-sgr,sgr,Sangir,15A,Weight-Sensitive Stress,Fixed stress (no weight-sensitivity),Sneddon-1984;Adriani-1893,
15A-skl,skl,Sikule,15A,Weight-Sensitive Stress,Fixed stress (no weight-sensitivity),Kohler-1955,
15A-svc,svc,Slovincian,15A,Weight-Sensitive Stress,Unbounded: Stress can be anywhere,Lehr-Splawinski-1917;Kurylowicz-1960;Lorentz-1903,
15A-tld,tld,Talaud,15A,Weight-Sensitive Stress,Fixed stress (no weight-sensitivity),Talens-1911;Sneddon-1984,
15A-thp,thp,Thaypan,15A,Weight-Sensitive Stress,Fixed stress (no weight-sensitivity),Rigsby-1976,
15A-tse,tse,Timorese,15A,Weight-Sensitive Stress,Fixed stress (no weight-sensitivity),Middelkoop-1950,
15A-tnt,tnt,Tontemboan,15A,Weight-Sensitive Stress,Right-edge: Ultimate or penultimate,Adriani-and-Adriani-1908,
15A-trd,trd,Toraja,15A,Weight-Sensitive Stress,Fixed stress (no weight-sensitivity),Sande-and-Stokhof-1977,
15A-tzz,tzz,Tzotzil (Zinacantán),15A,Weight-Sensitive Stress,Fixed stress (no weight-sensitivity),Haviland-et-al-nd,
15A-yil,yil,Yil,15A,Weight-Sensitive Stress,Left-edge: First or second,Martens-and-Tuominen-1977,
15A-jum,jum,Júma,15A,Weight-Sensitive Stress,Fixed stress (no weight-sensitivity),Abramson-1968,
15A-akl,akl,Aklanon,15A,Weight-Sensitive Stress,Right-edge: Ultimate or penultimate,Chai-1971,
15A-abe,abe,Arabic (Beirut),15A,Weight-Sensitive Stress,Right-oriented: One of the last three,Abdul-Karim-1979,
15A-ael,ael,Arabic (Eastern Libyan),15A,Weight-Sensitive Stress,Right-oriented: One of the last three,Owens-1984,
15A-arv,arv,Arabic (Negev),15A,Weight-Sensitive Stress,Combined: Right-edge and unbounded,Blanc-1971[112-150],
15A-awd,awd,Awadhi,15A,Weight-Sensitive Stress,Right-edge: Ultimate or penultimate,Saksena-1971,
15A-blk,blk,Balantak,15A,Weight-Sensitive Stress,Fixed stress (no weight-sensitivity),Busenitz-and-Busenitz-1991[29-47],
15A-bbm,bbm,Bambam,15A,Weight-Sensitive Stress,Fixed stress (no weight-sensitivity),Campbell-1991[1-52],
15A-bna,bna,Banawá,15A,Weight-Sensitive Stress,Right-edge: Ultimate or penultimate,Buller-and-Buller-1986,
15A-bnt,bnt,Bantik,15A,Weight-Sensitive Stress,Fixed stress (no weight-sensitivity),Sneddon-1984,
15A-bqi,bqi,Basque (Basaburua and Imoz),15A,Weight-Sensitive Stress,Left-edge: First or second,Hualde-1999;Ibarra-1994,
15A-bqb,bqb,Basque (Bidasoa Valley),15A,Weight-Sensitive Stress,Fixed stress (no weight-sensitivity),Hualde-1999,
15A-bqg,bqg,Basque (Gernica),15A,Weight-Sensitive Stress,Not predictable,Hualde-1999,
15A-bqh,bqh,Basque (Hondarribia),15A,Weight-Sensitive Stress,Right-edge: Ultimate or penultimate,Hualde-1999,
15A-bql,bql,Basque (Lekeitio),15A,Weight-Sensitive Stress,Fixed stress (no weight-sensitivity),Hualde-1999,
15A-bqn,bqn,Basque (Northern High Navarrese),15A,Weight-Sensitive Stress,Fixed stress (no weight-sensitivity),Hualde-1999;Ibarra-1994,
15A-bqo,bqo,Basque (Oñati),15A,Weight-Sensitive Stress,Fixed stress (no weight-sensitivity),Hualde-1999,
15A-bqr,bqr,Basque (Roncalese),15A,Weight-Sensitive Stress,Fixed stress (no weight-sensitivity),Hualde-1999,
15A-bqs,bqs,Basque (Sakana),15A,Weight-Sensitive Stress,Fixed stress (no weight-sensitivity),Hualde-1991;Hualde-1999,
15A-bso,bso,Basque (Souletin),15A,Weight-Sensitive Stress,Right-edge: Ultimate or penultimate,Hualde-1999;Hualde-1993;Hualde-nd,
15A-bqz,bqz,Basque (Zeberio),15A,Weight-Sensitive Stress,Not predictable,Hualde-1999,
15A-cup,cup,Cupeño,15A,Weight-Sensitive Stress,Fixed stress (no weight-sensitivity),Munro-1990,
15A-dhu,dhu,Dhurga,15A,Weight-Sensitive Stress,Left-edge: First or second,Eades-1976,
15A-dou,dou,Doutai,15A,Weight-Sensitive Stress,Fixed stress (no weight-sensitivity),McAllister-and-McAllister-1991,
15A-glp,glp,Gaalpu,15A,Weight-Sensitive Stress,Fixed stress (no weight-sensitivity),Wood-1978,
15A-gay,gay,Gayo,15A,Weight-Sensitive Stress,Right-edge: Ultimate or penultimate,Hazeu-1907,
15A-gor,gor,Gorowa,15A,Weight-Sensitive Stress,Unbounded: Stress can be anywhere,Seidel-1900,
15A-hno,hno,Haida (Northern),15A,Weight-Sensitive Stress,Unbounded: Stress can be anywhere,Enrico-1991,
15A-jua,jua,Juat,15A,Weight-Sensitive Stress,Fixed stress (no weight-sensitivity),Douglas-1968,
15A-klp,klp,Kalapuya,15A,Weight-Sensitive Stress,Fixed stress (no weight-sensitivity),Berman-1990,
15A-kra,kra,Kara (in Papua New Guinea),15A,Weight-Sensitive Stress,Unbounded: Stress can be anywhere,Schlie-and-Schlie-1993,
15A-kaj,kaj,Kaure,15A,Weight-Sensitive Stress,Unbounded: Stress can be anywhere,Dommel-and-Dommel-1991,
15A-ktn,ktn,Ketengban,15A,Weight-Sensitive Stress,Not predictable,Sims-and-Sims-1982,
15A-kit,kit,Kitsai,15A,Weight-Sensitive Stress,Not predictable,Bucca-and-Lesser-1969,
15A-mly,mly,Malay,15A,Weight-Sensitive Stress,Right-edge: Ultimate or penultimate,Winstedt-1927;Lewis-1947,
15A-mnj,mnj,Mantjiltjara,15A,Weight-Sensitive Stress,Fixed stress (no weight-sensitivity),Marsh-1969,
15A-myy,myy,Mayi-Yapi,15A,Weight-Sensitive Stress,Fixed stress (no weight-sensitivity),Breen-1981b,
15A-mta,mta,Mentuh Tapuh,15A,Weight-Sensitive Stress,Fixed stress (no weight-sensitivity),Court-1972,
15A-npu,npu,Napu,15A,Weight-Sensitive Stress,Fixed stress (no weight-sensitivity),Hanna-and-Hanna-1991,
15A-nin,nin,Ningil,15A,Weight-Sensitive Stress,Fixed stress (no weight-sensitivity),Manning-and-Jaggers-1977,
15A-nbo,nbo,Nyambo,15A,Weight-Sensitive Stress,Fixed stress (no weight-sensitivity),Bickmore-1992;Bickmore-1989,
15A-obk,obk,Obokuitai,15A,Weight-Sensitive Stress,Unbounded: Stress can be anywhere,Scott-and-Jenison-1991,
15A-olm,olm,Oloh Mangtangai,15A,Weight-Sensitive Stress,Fixed stress (no weight-sensitivity),Muller-1858,
15A-pkm,pkm,Pokomchí,15A,Weight-Sensitive Stress,Fixed stress (no weight-sensitivity),Mayers-1960,
15A-sru,sru,Selaru,15A,Weight-Sensitive Stress,Right-edge: Ultimate or penultimate,Coward-1989;Drabbe-1932,
15A-sly,sly,Selayar,15A,Weight-Sensitive Stress,Fixed stress (no weight-sensitivity),Mithun-and-Basri-1986,
15A-skr,skr,Sikaritai,15A,Weight-Sensitive Stress,Unbounded: Stress can be anywhere,Martin-1991b,
15A-sto,sto,Stoney,15A,Weight-Sensitive Stress,Fixed stress (no weight-sensitivity),Shaw-1985a,
15A-tbr,tbr,Tabaru,15A,Weight-Sensitive Stress,Fixed stress (no weight-sensitivity),Fortgens-1928,
15A-tns,tns,Tanna (Southwest),15A,Weight-Sensitive Stress,Right-edge: Ultimate or penultimate,Lynch-1982b,
15A-tgw,tgw,Tarangan (West),15A,Weight-Sensitive Stress,Right-edge: Ultimate or penultimate,Nivens-1992,
15A-unm,unm,Unami,15A,Weight-Sensitive Stress,Right-oriented: One of the last three,Goddard-1982;Goddard-1979,
15A-wer,wer,Weri,15A,Weight-Sensitive Stress,Fixed stress (no weight-sensitivity),Boxwell-and-Boxwell-1966,
15A-wet,wet,Wetan,15A,Weight-Sensitive Stress,Fixed stress (no weight-sensitivity),de-Jong-1987,
15A-yzv,yzv,Yazva,15A,Weight-Sensitive Stress,Unbounded: Stress can be anywhere,Austerlitz-1964;Lytkin-1961;Itkonen-1955,
15A-ych,ych,Yup'ik (Chevak),15A,Weight-Sensitive Stress,Left-edge: First or second,Woodbury-1981;Jacobson-1985,
15A-yun,yun,Yup'ik (Norton Sound),15A,Weight-Sensitive Stress,Left-edge: First or second,Jacobson-1985,
15A-ysl,ysl,Yupik (St. Lawrence Island),15A,Weight-Sensitive Stress,Not predictable,Krauss-1975;Jacobson-1985;Jacobson-1984b,
15A-cpa,cpa,Campa Pajonal Asheninca,15A,Weight-Sensitive Stress,Not predictable,Pike-and-Kindberg-1956,
15A-cyg,cyg,Cayuga,15A,Weight-Sensitive Stress,Right-oriented: One of the last three,Foster-1982;Chafe-1977[169-181],
15A-dri,dri,Dari,15A,Weight-Sensitive Stress,Fixed stress (no weight-sensitivity),Mueller-1980,
15A-dob,dob,Dobel,15A,Weight-Sensitive Stress,Fixed stress (no weight-sensitivity),Hughes-1995;Hughes-and-Hughes-1990,
15A-hnn,hnn,Hanunóo,15A,Weight-Sensitive Stress,Fixed stress (no weight-sensitivity),Conklin-1953,
15A-iga,iga,Inga,15A,Weight-Sensitive Stress,Right-edge: Ultimate or penultimate,Levinsohn-1976,
15A-ksr,ksr,Kisar,15A,Weight-Sensitive Stress,Fixed stress (no weight-sensitivity),Christensen-and-Christensen-1992,
15A-koo,koo,Kola,15A,Weight-Sensitive Stress,Fixed stress (no weight-sensitivity),Takata-and-Takata-1992,
15A-kjn,kjn,Kunjen,15A,Weight-Sensitive Stress,Fixed stress (no weight-sensitivity),Sommer-1969,
15A-mlc,mlc,Malacca Creole,15A,Weight-Sensitive Stress,Right-edge: Ultimate or penultimate,Baxter-1988,
15A-mnx,mnx,Manx,15A,Weight-Sensitive Stress,Fixed stress (no weight-sensitivity),Broderick-1993;Thomson-1992,
15A-ngr,ngr,Ngarinyeri,15A,Weight-Sensitive Stress,Fixed stress (no weight-sensitivity),Yallop-1975a,
15A-orc,orc,Oroch,15A,Weight-Sensitive Stress,Fixed stress (no weight-sensitivity),Avrorin-and-Lebedeva-1968,
15A-pad,pad,Padoe,15A,Weight-Sensitive Stress,Fixed stress (no weight-sensitivity),Karhunen-1991,
15A-swi,swi,Sawai,15A,Weight-Sensitive Stress,Right-edge: Ultimate or penultimate,Whisler-and-Whisler-1995;Whisler-1992,
15A-ymd,ymd,Yamdena,15A,Weight-Sensitive Stress,Fixed stress (no weight-sensitivity),Drabbe-1926b;Mettler-and-Mettler-1990,
15A-atq,atq,Alutiiq,15A,Weight-Sensitive Stress,Left-edge: First or second,Leer-1985a;Leer-1985b;Krauss-1985,
15A-apa,apa,Arabic (Palestinian),15A,Weight-Sensitive Stress,Right-oriented: One of the last three,Abu-Salim-1982;Abu-Salim-1980[1-11];Brahme-1974[39-61];Brahme-1973[14-25];Kenstowicz-and-Abdul-Karim-1980[55-76],
15A-bwa,bwa,Bandjalang (Waalubal),15A,Weight-Sensitive Stress,Left-edge: First or second,Crowley-1978,
15A-bgg,bgg,Banggai,15A,Weight-Sensitive Stress,Right-edge: Ultimate or penultimate,van-den-Bergh-1953,
15A-bik,bik,Biak,15A,Weight-Sensitive Stress,Fixed stress (no weight-sensitivity),Van-Hasselt-1905,
15A-dak,dak,Dakota,15A,Weight-Sensitive Stress,Fixed stress (no weight-sensitivity),Shaw-1985a;Shaw-1985b,
15A-emc,emc,Embera Chami,15A,Weight-Sensitive Stress,Right-edge: Ultimate or penultimate,Aguirre-Licht-1999,
15A-krl,krl,Karelian,15A,Weight-Sensitive Stress,Fixed stress (no weight-sensitivity),Leskinen-1984;Raun-1964b,
15A-ksh,ksh,Kashaya,15A,Weight-Sensitive Stress,Left-oriented: One of the first three,Oswalt-1961;Oswalt-1988,
15A-mmo,mmo,Mordvin (Moksha),15A,Weight-Sensitive Stress,Unbounded: Stress can be anywhere,Cygankin-and-Dabaev-1975;Itkonen-1955;Koljadenkov-1959;Paasonen-1909;Raun-1964a;Zavodova-and-Koljadenkov-1964,
15A-occ,occ,Occitan,15A,Weight-Sensitive Stress,Right-edge: Ultimate or penultimate,Alibert-1976;Bec-1963;Cardaillac-1971;Maas-1969;Maurand-1974;Sauzet-1994;Sauzet-1986;Roca-1999,
15A-pin,pin,Pintupi,15A,Weight-Sensitive Stress,Fixed stress (no weight-sensitivity),Hansen-and-Hansen-1969,
15A-que,que,Quechan,15A,Weight-Sensitive Stress,Fixed stress (no weight-sensitivity),Halpern-1946a;Halpern-1946b,
15A-spo,spo,Spokane,15A,Weight-Sensitive Stress,Not predictable,Carlson-1989,
15A-tua,tua,Tuamotuan,15A,Weight-Sensitive Stress,Fixed stress (no weight-sensitivity),Kuki-1970,
15A-crk,crk,Creek,15A,Weight-Sensitive Stress,Right-edge: Ultimate or penultimate,Haas-1977,
15A-frd,frd,Fordata,15A,Weight-Sensitive Stress,Fixed stress (no weight-sensitivity),Drabbe-1926a,
15A-mah,mah,Mari (Hill),15A,Weight-Sensitive Stress,Combined: Right-edge and unbounded,Itkonen-1955;Kangasmaa-Minn-1998,
15A-mcs,mcs,Miwok (Central Sierra),15A,Weight-Sensitive Stress,Left-edge: First or second,Freeland-1951;Freeland-and-Broadbent-1960,
15A-mwn,mwn,Miwok (Northern Sierra),15A,Weight-Sensitive Stress,Left-edge: First or second,Callaghan-1987,
15A-qay,qay,Quechua (Ayacucho),15A,Weight-Sensitive Stress,Fixed stress (no weight-sensitivity),Adelaar-1984,
15A-qch,qch,Quiché,15A,Weight-Sensitive Stress,Fixed stress (no weight-sensitivity),Mayers-1966,
15A-tbb,tbb,Tübatulabal,15A,Weight-Sensitive Stress,Fixed stress (no weight-sensitivity),Voegelin-1935,
15A-uli,uli,Ulithian,15A,Weight-Sensitive Stress,Not predictable,Sohn-and-Bender-1973,
15A-wlm,wlm,Walmatjari,15A,Weight-Sensitive Stress,Fixed stress (no weight-sensitivity),Hudson-and-Richards-1969,
15A-wnb,wnb,Winnebago,15A,Weight-Sensitive Stress,Fixed stress (no weight-sensitivity),Hale-and-White-Eagle-1980;Miner-1979[25-33];Miner-1981[340-42],
15A-arl,arl,Arabic (Lebanese),15A,Weight-Sensitive Stress,Right-oriented: One of the last three,Kenstowicz-and-Abdul-Karim-1980,
15A-kei,kei,Kei,15A,Weight-Sensitive Stress,Fixed stress (no weight-sensitivity),Geurtjens-1921,
15A-mks,mks,Makassar,15A,Weight-Sensitive Stress,Fixed stress (no weight-sensitivity),Basri-1999;Manyambeang-et-al-1996,
15A-mnt,mnt,Mentawai,15A,Weight-Sensitive Stress,Fixed stress (no weight-sensitivity),Morris-1900,
15A-mse,mse,Munsee,15A,Weight-Sensitive Stress,Right-oriented: One of the last three,Goddard-1979;Goddard-1982,
15A-pna,pna,Pamona,15A,Weight-Sensitive Stress,Fixed stress (no weight-sensitivity),Adriani-1931,
15A-rti,rti,Roti,15A,Weight-Sensitive Stress,Fixed stress (no weight-sensitivity),Fox-and-Grimes-1995;Jonker-1915,
15A-sea,sea,Southeast Ambrym,15A,Weight-Sensitive Stress,Right-edge: Ultimate or penultimate,Parker-1968[81-91],
15A-des,des,Desano,15A,Weight-Sensitive Stress,Not predictable,Miller-1999,
15A-dhw,dhw,Dharawal,15A,Weight-Sensitive Stress,Left-edge: First or second,Eades-1976,
15A-nbb,nbb,Nambas (Big),15A,Weight-Sensitive Stress,Fixed stress (no weight-sensitivity),Fox-1979,
15A-tor,tor,Toratán,15A,Weight-Sensitive Stress,Fixed stress (no weight-sensitivity),Sneddon-1984,
15A-agu,agu,Aguacatec,15A,Weight-Sensitive Stress,Unbounded: Stress can be anywhere,McArthur-and-McArthur-1956[72-76],
15A-mrs,mrs,Mairasi,15A,Weight-Sensitive Stress,Right-edge: Ultimate or penultimate,Peckham-1991,
15A-ono,ono,Ono,15A,Weight-Sensitive Stress,Fixed stress (no weight-sensitivity),Phinnemore-1985,
15A-bui,bui,Buli (in Indonesia),15A,Weight-Sensitive Stress,Right-edge: Ultimate or penultimate,Maan-1951,
15A-far,far,Faroese,15A,Weight-Sensitive Stress,Fixed stress (no weight-sensitivity),Arnason-1999;Lockwood-1955,
15A-hmu,hmu,Huitoto (Muinane),15A,Weight-Sensitive Stress,Fixed stress (no weight-sensitivity),Minor-1956;Minor-and-Minor-1971,
15A-kjo,kjo,Konjo,15A,Weight-Sensitive Stress,Fixed stress (no weight-sensitivity),Friberg-1995;Friberg-and-Friberg-1989,
15A-put,put,Paiute (Southern),15A,Weight-Sensitive Stress,Fixed stress (no weight-sensitivity),Harms-1966;Sapir-1930,
15A-yir,yir,Yir Yiront,15A,Weight-Sensitive Stress,Fixed stress (no weight-sensitivity),Alpher-1991,
15A-gll,gll,Galela,15A,Weight-Sensitive Stress,Fixed stress (no weight-sensitivity),van-Baarda-1891;van-Baarda-1908;Shelden-1990[77-88],
15A-lrk,lrk,Larike,15A,Weight-Sensitive Stress,Fixed stress (no weight-sensitivity),Laidig-1992;Laidig-and-Laidig-1991,
15A-svk,svk,Slovak,15A,Weight-Sensitive Stress,Fixed stress (no weight-sensitivity),Dogil-1999;Kralj-1988;Letz-1950;Rubach-1991,
15A-tsa,tsa,Tsakhur,15A,Weight-Sensitive Stress,Fixed stress (no weight-sensitivity),Kodzasov-1999a;Ibragimov-1990,
15A-bgv,bgv,Bagvalal,15A,Weight-Sensitive Stress,Right-edge: Ultimate or penultimate,Kodzasov-1999a,
15A-nne,nne,Nengone,15A,Weight-Sensitive Stress,Fixed stress (no weight-sensitivity),Tryon-1967b;Tryon-and-Dubois-1969,
15A-uma,uma,Uma,15A,Weight-Sensitive Stress,Fixed stress (no weight-sensitivity),Esser-1964;Martens-1995;Martens-1988a,
15A-bal,bal,Balinese,15A,Weight-Sensitive Stress,Fixed stress (no weight-sensitivity),Kersten-1948;Barber-1977;Ward-1973;Clynes-1995b[495-510];Clynes-nd[495-510],
15A-bug,bug,Bugis,15A,Weight-Sensitive Stress,Fixed stress (no weight-sensitivity),Matthes-1875;Samsuri-1965;Sirk-1983;Abas-and-Grimes-1995[549-562],
15A-cap,cap,Capanahua,15A,Weight-Sensitive Stress,Left-edge: First or second,Loos-1969;Safir-1979,
15A-nya,nya,Nyawaygi,15A,Weight-Sensitive Stress,Left-edge: First or second,Dixon-1983,
15A-srb,srb,Sorbian,15A,Weight-Sensitive Stress,Fixed stress (no weight-sensitivity),Dogil-1999;Janas-1976;Mucke-1965;Sjwela-1952;Wowcerk-1951,
15A-kuu,kuu,Kuuku Ya'u,15A,Weight-Sensitive Stress,Unbounded: Stress can be anywhere,Thompson-1976b,
15A-nkb,nkb,Ngalkbun,15A,Weight-Sensitive Stress,Fixed stress (no weight-sensitivity),Capell-1962b;Sandefur-and-Jentian-1977,
15A-ror,ror,Roro,15A,Weight-Sensitive Stress,Left-edge: First or second,Strong-1913[286],
15A-wan,wan,Wangkumara,15A,Weight-Sensitive Stress,Fixed stress (no weight-sensitivity),McDonald-and-Wurm-1979,
15A-awe,awe,Arrernte (Western),15A,Weight-Sensitive Stress,Fixed stress (no weight-sensitivity),Strehlow-1942[255-302],
15A-kal,kal,Kalami,15A,Weight-Sensitive Stress,Fixed stress (no weight-sensitivity),Baart-1997,
15A-try,try,Tiruray,15A,Weight-Sensitive Stress,Fixed stress (no weight-sensitivity),Schlegel-1971,
15A-uzn,uzn,Uzbek (Northern),15A,Weight-Sensitive Stress,Fixed stress (no weight-sensitivity),Raun-1969,
15A-vot,vot,Votic,15A,Weight-Sensitive Stress,Fixed stress (no weight-sensitivity),Ariste-1968,
15A-cav,cav,Cavineña,15A,Weight-Sensitive Stress,Fixed stress (no weight-sensitivity),Key-1968,
15A-myn,myn,Ma'anyan,15A,Weight-Sensitive Stress,Fixed stress (no weight-sensitivity),Sundermann-1913a,
15A-sdh,sdh,Sindhi,15A,Weight-Sensitive Stress,Combined: Right-edge and unbounded,Khubchandani-1969,
15A-tmc,tmc,Timucua,15A,Weight-Sensitive Stress,Fixed stress (no weight-sensitivity),Granberry-1956,
15A-lmh,lmh,Lamaholot,15A,Weight-Sensitive Stress,Right-edge: Ultimate or penultimate,Arndt-1937,
15A-teh,teh,Tehuelche,15A,Weight-Sensitive Stress,Fixed stress (no weight-sensitivity),Schmid-1910,
15A-yan,yan,Yana,15A,Weight-Sensitive Stress,Unbounded: Stress can be anywhere,Sapir-and-Swadesh-1960,
15A-gug,gug,Gugada,15A,Weight-Sensitive Stress,Fixed stress (no weight-sensitivity),Platt-1972,
15A-kop,kop,Komi-Permyak,15A,Weight-Sensitive Stress,Unbounded: Stress can be anywhere,Austerlitz-1964;Itkonen-1955;Lytkin-1961,
15A-mbb,mbb,Mbabaram,15A,Weight-Sensitive Stress,Fixed stress (no weight-sensitivity),Dixon-1970,
15A-mea,mea,Meyah,15A,Weight-Sensitive Stress,Not predictable,Gravelle-and-Gravelle-1991,
15A-gid,gid,Gidabal,15A,Weight-Sensitive Stress,Fixed stress (no weight-sensitivity),Geytenbeek-and-Geytenbeek-1971,
15A-mdm,mdm,Madimadi,15A,Weight-Sensitive Stress,Left-edge: First or second,Hercus-1969a,
15A-tbl,tbl,Tabla,15A,Weight-Sensitive Stress,Right-oriented: One of the last three,Collier-and-Collier-1986,
15A-agt,agt,Anguthimri,15A,Weight-Sensitive Stress,Fixed stress (no weight-sensitivity),Crowley-1981,
15A-bdm,bdm,Badimaya,15A,Weight-Sensitive Stress,Fixed stress (no weight-sensitivity),Dunn-1988,
15A-bkl,bkl,Bikol,15A,Weight-Sensitive Stress,Right-edge: Ultimate or penultimate,Mintz-1971a;Mintz-1973;Mintz-and-Del-Rosario-Britanico-1985,
15A-buu,buu,Buru,15A,Weight-Sensitive Stress,Fixed stress (no weight-sensitivity),Grimes-1995;Hendriks-1897,
15A-lar,lar,Laragia,15A,Weight-Sensitive Stress,Left-oriented: One of the first three,Capell-1984b,
15A-rit,rit,Ritharngu,15A,Weight-Sensitive Stress,Fixed stress (no weight-sensitivity),Heath-1980a,
15A-srd,srd,Sardinian,15A,Weight-Sensitive Stress,Right-edge: Ultimate or penultimate,Roca-1999;Jones-1988;Virdis-1978;Wagner-1984;Porru-1975;Blasco-1986,
15A-tlo,tlo,Tobelo,15A,Weight-Sensitive Stress,Right-edge: Ultimate or penultimate,Hueting-1936;Hueting-1908,
15A-cya,cya,Chatino (Yaitepec),15A,Weight-Sensitive Stress,Fixed stress (no weight-sensitivity),Upson-and-Longacre-1965,
15A-let,let,Leti,15A,Weight-Sensitive Stress,Right-edge: Ultimate or penultimate,van-Engelenhoven-1995,
15A-mae,mae,Mae,15A,Weight-Sensitive Stress,Fixed stress (no weight-sensitivity),Capell-1962a,
15A-mrw,mrw,Muruwari,15A,Weight-Sensitive Stress,Unbounded: Stress can be anywhere,Oates-1988,
15A-sak,sak,Sakao,15A,Weight-Sensitive Stress,Right-edge: Ultimate or penultimate,Guy-1974a,
15A-acg,acg,Achagua,15A,Weight-Sensitive Stress,Fixed stress (no weight-sensitivity),Wilson-and-Levinsohn-1992,
15A-bho,bho,Bhojpuri,15A,Weight-Sensitive Stress,Right-oriented: One of the last three,Trammell-1971,
15A-eno,eno,Enggano,15A,Weight-Sensitive Stress,Fixed stress (no weight-sensitivity),Kohler-1939,
15A-ngd,ngd,Ngad'a,15A,Weight-Sensitive Stress,Right-edge: Ultimate or penultimate,Moore-1980;Arndt-1933b;Djawanai-1977;Djawanai-and-Grimes-1995,
15A-cpn,cpn,Chepang,15A,Weight-Sensitive Stress,Fixed stress (no weight-sensitivity),Caughley-1982,
15A-for,for,Fore,15A,Weight-Sensitive Stress,Unbounded: Stress can be anywhere,Nicholson-and-Nicholson-1962,
15A-mcd,mcd,Macedonian,15A,Weight-Sensitive Stress,Fixed stress (no weight-sensitivity),Lunt-1952,
15A-mny,mny,Margany,15A,Weight-Sensitive Stress,Fixed stress (no weight-sensitivity),Breen-1981a,
15A-yny,yny,Yanyuwa,15A,Weight-Sensitive Stress,Fixed stress (no weight-sensitivity),Kirton-1977,
15A-aln,aln,Alune,15A,Weight-Sensitive Stress,Fixed stress (no weight-sensitivity),Taguchi-and-Taguchi-1990[95-127],
15A-woi,woi,Woisika,15A,Weight-Sensitive Stress,Not predictable,Stokhof-1979,
15A-wlo,wlo,Wolio,15A,Weight-Sensitive Stress,Right-edge: Ultimate or penultimate,Anceaux-1952;Anceaux-and-Grimes-1995,
15A-jav,jav,Javanese,15A,Weight-Sensitive Stress,Right-edge: Ultimate or penultimate,Dudas-1976;Herrfurth-1964;Horne-1961;Noordenbos-1941;Ras-1985;Prijohoetomo-1937,
15A-pkn,pkn,Paakantyi,15A,Weight-Sensitive Stress,Fixed stress (no weight-sensitivity),Hercus-1982,
15A-pul,pul,Puluwat,15A,Weight-Sensitive Stress,Unbounded: Stress can be anywhere,Elbert-1974,
15A-tps,tps,Tepehuan (Southeastern),15A,Weight-Sensitive Stress,Left-edge: First or second,Kim-1988;Willett-1982,
15A-ywl,ywl,Yawelmani,15A,Weight-Sensitive Stress,Fixed stress (no weight-sensitivity),Newman-1944,
15A-bua,bua,Burarra,15A,Weight-Sensitive Stress,Fixed stress (no weight-sensitivity),Glasgow-1981;Glasgow-and-Glasgow-1967[1-14],
15A-guj,guj,Gujarati,15A,Weight-Sensitive Stress,Right-edge: Ultimate or penultimate,Cardona-1965,
15A-mng,mng,Manggarai,15A,Weight-Sensitive Stress,Right-edge: Ultimate or penultimate,Burger-1946;Verheijen-and-Grimes-1995,
15A-plh,plh,Paulohi,15A,Weight-Sensitive Stress,Fixed stress (no weight-sensitivity),Stresemann-1918,
15A-pme,pme,Pomo (Eastern),15A,Weight-Sensitive Stress,Fixed stress (no weight-sensitivity),McLendon-1975,
15A-aro,aro,Arosi,15A,Weight-Sensitive Stress,Fixed stress (no weight-sensitivity),Capell-1971,
15A-god,god,Godoberi,15A,Weight-Sensitive Stress,Unbounded: Stress can be anywhere,Kodzasov-1999a;Saidova-1973,
15A-sio,sio,Sio,15A,Weight-Sensitive Stress,Right-edge: Ultimate or penultimate,Soetenga-1993,
15A-wrg,wrg,Warrgamay,15A,Weight-Sensitive Stress,Left-edge: First or second,Dixon-1981,
15A-yin,yin,Yindjibarndi,15A,Weight-Sensitive Stress,Left-edge: First or second,Wordick-1982;Kager-1992,
15A-au,au,Au,15A,Weight-Sensitive Stress,Unbounded: Stress can be anywhere,Scorza-1985[215-273],
15A-slo,slo,Slovene,15A,Weight-Sensitive Stress,Unbounded: Stress can be anywhere,Gvozdanovic-1999,
15A-taj,taj,Tajik,15A,Weight-Sensitive Stress,Fixed stress (no weight-sensitivity),Rastorgueva-1963,
15A-tno,tno,Tondano,15A,Weight-Sensitive Stress,Right-oriented: One of the last three,Sneddon-1975,
15A-crn,crn,Cornish,15A,Weight-Sensitive Stress,Fixed stress (no weight-sensitivity),George-1993;Pool-1958;Thomas-1992b,
15A-ese,ese,Ese Ejja,15A,Weight-Sensitive Stress,Fixed stress (no weight-sensitivity),Key-1968,
15A-lmp,lmp,Lampung,15A,Weight-Sensitive Stress,Fixed stress (no weight-sensitivity),Walker-1975a,
15A-naj,naj,Neo-Aramaic (Arbel Jewish),15A,Weight-Sensitive Stress,Fixed stress (no weight-sensitivity),Khan-1999;Arsanis-1968[489-507],
15A-yuw,yuw,Yuwaalaraay,15A,Weight-Sensitive Stress,Unbounded: Stress can be anywhere,Williams-1980a,
15A-ceb,ceb,Cebuano,15A,Weight-Sensitive Stress,Right-edge: Ultimate or penultimate,Shryrock-1993,
15A-djr,djr,Djaru,15A,Weight-Sensitive Stress,Unbounded: Stress can be anywhere,Tsunoda-1981,
15A-sro,sro,Siroi,15A,Weight-Sensitive Stress,Fixed stress (no weight-sensitivity),Wells-1979,
15A-asy,asy,Arabic (Syrian),15A,Weight-Sensitive Stress,Right-oriented: One of the last three,McCarthy-1980[77-99],
15A-mnm,mnm,Manam,15A,Weight-Sensitive Stress,Right-oriented: One of the last three,Chaski-1985;Lichtenberk-1983,
15A-wbn,wbn,Wambon,15A,Weight-Sensitive Stress,Fixed stress (no weight-sensitivity),de-Vries-and-de-Vries-Wiersma-1992,
15A-dji,dji,Djingili,15A,Weight-Sensitive Stress,Fixed stress (no weight-sensitivity),Chadwick-1975,
15A-min,min,Minangkabau,15A,Weight-Sensitive Stress,Fixed stress (no weight-sensitivity),Adelaar-1995a;van-der-Toorn-1899,
15A-moh,moh,Mohawk,15A,Weight-Sensitive Stress,Fixed stress (no weight-sensitivity),Michelson-1988;Bonvillain-1973,
15A-nua,nua,Nuaulu,15A,Weight-Sensitive Stress,Fixed stress (no weight-sensitivity),Bolton-1990;Bolton-1989,
15A-irr,irr,Irarutu,15A,Weight-Sensitive Stress,Fixed stress (no weight-sensitivity),Voorhoeve-1995;Matsumura-1991b,
15A-koy,koy,Koya,15A,Weight-Sensitive Stress,Fixed stress (no weight-sensitivity),Tyler-1969,
15A-men,men,Menomini,15A,Weight-Sensitive Stress,Unbounded: Stress can be anywhere,Bloomfield-1962;Pesetsky-1979,
15A-nia,nia,Nias,15A,Weight-Sensitive Stress,Fixed stress (no weight-sensitivity),Sundermann-1913b,
15A-ppi,ppi,Pitta Pitta,15A,Weight-Sensitive Stress,Fixed stress (no weight-sensitivity),Blake-1979c;Blake-and-Breen-1971,
15A-rot,rot,Rotuman,15A,Weight-Sensitive Stress,Right-edge: Ultimate or penultimate,Churchward-1940,
15A-slp,slp,Selepet,15A,Weight-Sensitive Stress,Fixed stress (no weight-sensitivity),McElhanon-1970b,
15A-shi,shi,Shiriana,15A,Weight-Sensitive Stress,Fixed stress (no weight-sensitivity),Migliazza-and-Grimes-1961,
15A-tol,tol,Tol,15A,Weight-Sensitive Stress,Right-edge: Ultimate or penultimate,Fleming-and-Dennis-1977,
15A-kam,kam,Kambera,15A,Weight-Sensitive Stress,Fixed stress (no weight-sensitivity),Klamer-1994,
15A-mai,mai,Maithili,15A,Weight-Sensitive Stress,Right-oriented: One of the last three,Davis-1984;Jha-1958;Yadav-1984,
15A-ser,ser,Seri,15A,Weight-Sensitive Stress,Unbounded: Stress can be anywhere,Marlett-1988,
15A-tng,tng,Tongan,15A,Weight-Sensitive Stress,Right-edge: Ultimate or penultimate,Churchward-1953;Feldman-1978,
15A-wrl,wrl,Warlpiri,15A,Weight-Sensitive Stress,Fixed stress (no weight-sensitivity),Nash-1986;Reece-1970,
15A-kws,kws,Kawaiisu,15A,Weight-Sensitive Stress,Right-edge: Ultimate or penultimate,Zigmond-et-al-1990-1991,
15A-aly,aly,Alyawarra,15A,Weight-Sensitive Stress,Fixed stress (no weight-sensitivity),Yallop-1977,
15A-taw,taw,Tawala,15A,Weight-Sensitive Stress,Fixed stress (no weight-sensitivity),Ezard-1991,
15A-kwk,kwk,Kwakw'ala,15A,Weight-Sensitive Stress,Unbounded: Stress can be anywhere,Boas-1947;Bach-1975,
15A-mlt,mlt,Maltese,15A,Weight-Sensitive Stress,Right-edge: Ultimate or penultimate,Aquilina-1959;French-1978;Schabert-1976;Sutcliffe-1936,
15A-wah,wah,Wahgi,15A,Weight-Sensitive Stress,Fixed stress (no weight-sensitivity),Luzbetak-1956;Phillips-1976,
15A-bae,bae,Baré,15A,Weight-Sensitive Stress,Fixed stress (no weight-sensitivity),Aikhenvald-1996,
15A-ben,ben,Bengali,15A,Weight-Sensitive Stress,Fixed stress (no weight-sensitivity),Bykova-1981,
15A-mme,mme,Mari (Meadow),15A,Weight-Sensitive Stress,Unbounded: Stress can be anywhere,Gruzov-1960;Itkonen-1955;Kangasmaa-Minn-1998;Sebeok-and-Ingemann-1961;Timofeeva-1961,
15A-sno,sno,Saami (Northern),15A,Weight-Sensitive Stress,Fixed stress (no weight-sensitivity),Itkonen-1955,
15A-kya,kya,Kuku-Yalanji,15A,Weight-Sensitive Stress,Fixed stress (no weight-sensitivity),Oates-and-Oates-1964,
15A-sah,sah,Sahu,15A,Weight-Sensitive Stress,Fixed stress (no weight-sensitivity),Visser-and-Voorhoeve-1987,
15A-skp,skp,Selkup,15A,Weight-Sensitive Stress,Left-edge: First or second,McNaughton-1976,
15A-alw,alw,Alawa,15A,Weight-Sensitive Stress,Fixed stress (no weight-sensitivity),Sharpe-1972,
15A-bbw,bbw,Bininj Gun-Wok,15A,Weight-Sensitive Stress,Fixed stress (no weight-sensitivity),Oates-1964a,
15A-grr,grr,Garrwa,15A,Weight-Sensitive Stress,Fixed stress (no weight-sensitivity),Furby-1974,
15A-kgu,kgu,Kalkatungu,15A,Weight-Sensitive Stress,Fixed stress (no weight-sensitivity),Blake-1969,
15A-tib,tib,Tibetan (Standard Spoken),15A,Weight-Sensitive Stress,Unbounded: Stress can be anywhere,Goldstein-and-Nornang-1978,
15A-cct,cct,Choctaw,15A,Weight-Sensitive Stress,Unbounded: Stress can be anywhere,Munro-and-Ulrich-1984;Nicklas-1974;Nicklas-1975;Ulrich-1986,
15A-oss,oss,Ossetic,15A,Weight-Sensitive Stress,Left-edge: First or second,Abaev-1964,
15A-tas,tas,Tashlhiyt,15A,Weight-Sensitive Stress,Fixed stress (no weight-sensitivity),Applegate-1958,
15A-tla,tla,Tolai,15A,Weight-Sensitive Stress,Fixed stress (no weight-sensitivity),Franklin-et-al-1974,
15A-yel,yel,Yelî Dnye,15A,Weight-Sensitive Stress,Fixed stress (no weight-sensitivity),Henderson-1975;Henderson-1995,
15A-ara,ara,Arawak,15A,Weight-Sensitive Stress,Fixed stress (no weight-sensitivity),Pet-1979,
15A-bto,bto,Batak (Toba),15A,Weight-Sensitive Stress,Fixed stress (no weight-sensitivity),Nababan-1981;Percival-1981;van-der-Tuuk-1864;Adelaar-1995b,
15A-snc,snc,Seneca,15A,Weight-Sensitive Stress,Right-oriented: One of the last three,Chafe-1960;Foster-1982;Chafe-1977;Chafe-and-Foster-1981,
15A-tah,tah,Tahitian,15A,Weight-Sensitive Stress,Unbounded: Stress can be anywhere,Tryon-1976;Vergnaud-and-Halle-1978,
15A-uhi,uhi,Uradhi,15A,Weight-Sensitive Stress,Fixed stress (no weight-sensitivity),Hale-1976a;Crowley-1983,
15A-cze,cze,Czech,15A,Weight-Sensitive Stress,Fixed stress (no weight-sensitivity),Harkins-1953;Jakobson-1926,
15A-dsh,dsh,Danish,15A,Weight-Sensitive Stress,Combined: Right-edge and unbounded,Rischel-1970;Rischel-1972;Rischel-1982,
15A-kwa,kwa,Kwaio,15A,Weight-Sensitive Stress,Fixed stress (no weight-sensitivity),Keesing-1985,
15A-ctl,ctl,Catalan,15A,Weight-Sensitive Stress,Right-edge: Ultimate or penultimate,Mascaro-1978;Roca-1999;Wheeler-1979;Wheeler-1988b;Hualde-1992;Fabra-1897;Gulsoy-1982;Fabra-1956,
15A-lui,lui,Luiseño,15A,Weight-Sensitive Stress,Left-edge: First or second,Kroeber-and-Grace-1960;Munro-1990,
15A-nmb,nmb,Nambikuára (Southern),15A,Weight-Sensitive Stress,Fixed stress (no weight-sensitivity),Price-1976,
15A-por,por,Portuguese,15A,Weight-Sensitive Stress,Right-edge: Ultimate or penultimate,Abaurre-and-Wetzels-1992;Camara-and-Mattoso-1979;Martins-1982;Parkinson-1988;Mateus-et-al-1989;Roca-1999,
15A-sun,sun,Sundanese,15A,Weight-Sensitive Stress,Right-edge: Ultimate or penultimate,Coolsma-1904;Clynes-1995a,
15A-est,est,Estonian,15A,Weight-Sensitive Stress,Fixed stress (no weight-sensitivity),Eek-1975;Hint-1973,
15A-gae,gae,Gaelic (Scots),15A,Weight-Sensitive Stress,Fixed stress (no weight-sensitivity),Gillies-1993;Dorian-1978,
15A-guu,guu,Guugu Yimidhirr,15A,Weight-Sensitive Stress,Fixed stress (no weight-sensitivity),de-Zwaan-1969,
15A-hop,hop,Hopi,15A,Weight-Sensitive Stress,Left-edge: First or second,Seaman-1985;Whorf-1946a;Hopi-Project-1998;Kalectaca-1978;Jeanne-1978,
15A-mis,mis,Miskito,15A,Weight-Sensitive Stress,Fixed stress (no weight-sensitivity),Anonymous-1985,
15A-tac,tac,Tacana,15A,Weight-Sensitive Stress,Fixed stress (no weight-sensitivity),Key-1968,
15A-wiy,wiy,Wiyot,15A,Weight-Sensitive Stress,Unbounded: Stress can be anywhere,Proulx-1984,
15A-len,len,Lenakel,15A,Weight-Sensitive Stress,Fixed stress (no weight-sensitivity),Lynch-1974;Lynch-1978,
15A-mam,mam,Mam,15A,Weight-Sensitive Stress,Combined: Right-edge and unbounded,England-1983,
15A-arg,arg,Arabic (Gulf),15A,Weight-Sensitive Stress,Right-edge: Ultimate or penultimate,Qafisheh-1977,
15A-cub,cub,Cubeo,15A,Weight-Sensitive Stress,Unbounded: Stress can be anywhere,Morse-and-Maxwell-1999a,
15A-htc,htc,Huastec,15A,Weight-Sensitive Stress,Unbounded: Stress can be anywhere,Larsen-and-Pike-1949,
15A-sed,sed,Sedang,15A,Weight-Sensitive Stress,Fixed stress (no weight-sensitivity),Smith-1979,
15A-bsk,bsk,Bashkir,15A,Weight-Sensitive Stress,Fixed stress (no weight-sensitivity),Dmitriev-1948;Poppe-1964,
15A-mlk,mlk,Malakmalak,15A,Weight-Sensitive Stress,Left-edge: First or second,Birk-1975,
15A-mns,mns,Mansi,15A,Weight-Sensitive Stress,Fixed stress (no weight-sensitivity),Kalman-1965;Lako-1957;Rombandeeva-1973,
15A-mna,mna,Muna,15A,Weight-Sensitive Stress,Fixed stress (no weight-sensitivity),van-den-Berg-1989b,
15A-ngl,ngl,Ngalakan,15A,Weight-Sensitive Stress,Fixed stress (no weight-sensitivity),Merlan-1983,
15A-scr,scr,Serbian-Croatian,15A,Weight-Sensitive Stress,Unbounded: Stress can be anywhere,Hodge-1946;Gvozdanovic-1999,
15A-arc,arc,Archi,15A,Weight-Sensitive Stress,Left-edge: First or second,Kodzasov-1999a;Kibrik-et-al-1977,
15A-ava,ava,Avar,15A,Weight-Sensitive Stress,Left-edge: First or second,Bokarev-1949a;Charachidze-1981;Kodzasov-1999a,
15A-mym,mym,Malayalam,15A,Weight-Sensitive Stress,Left-edge: First or second,Asher-and-Kumari-1997,
15A-awt,awt,Awtuw,15A,Weight-Sensitive Stress,Fixed stress (no weight-sensitivity),Feldman-1986,
15A-klm,klm,Klamath,15A,Weight-Sensitive Stress,Unbounded: Stress can be anywhere,Barker-1964,
15A-nep,nep,Nepali,15A,Weight-Sensitive Stress,Left-edge: First or second,Meerendonk-1949,
15A-nor,nor,Norwegian,15A,Weight-Sensitive Stress,Right-oriented: One of the last three,Rice-1999,
15A-bre,bre,Breton,15A,Weight-Sensitive Stress,Fixed stress (no weight-sensitivity),Bothorel-1982;Stephens-1993;Ternes-1992,
15A-psh,psh,Pashto,15A,Weight-Sensitive Stress,Not predictable,Becka-1969;Shafeev-1964,
15A-wao,wao,Waorani,15A,Weight-Sensitive Stress,Fixed stress (no weight-sensitivity),Pike-1964,
15A-kon,kon,Kongo,15A,Weight-Sensitive Stress,Fixed stress (no weight-sensitivity),Bentley-1887,
15A-tsh,tsh,Tümpisa Shoshone,15A,Weight-Sensitive Stress,Left-edge: First or second,Dayley-1989a;Dayley-1989b,
15A-wel,wel,Welsh,15A,Weight-Sensitive Stress,Fixed stress (no weight-sensitivity),Watkins-1993;Williams-1980b;Jones-1955;MacAulay-1992c;Ball-1993;Jones-and-Thomas-1977,
15A-yap,yap,Yapese,15A,Weight-Sensitive Stress,Right-edge: Ultimate or penultimate,Jensen-et-al-1977a,
15A-iaa,iaa,Iaai,15A,Weight-Sensitive Stress,Fixed stress (no weight-sensitivity),Tryon-1968,
15A-jaq,jaq,Jaqaru,15A,Weight-Sensitive Stress,Fixed stress (no weight-sensitivity),Hardman-1966,
15A-tgk,tgk,Tigak,15A,Weight-Sensitive Stress,Fixed stress (no weight-sensitivity),Beaumont-1979,
15A-die,die,Diegueño (Mesa Grande),15A,Weight-Sensitive Stress,Right-edge: Ultimate or penultimate,Couro-and-Hutcheson-1973;Langdon-1970,
15A-diy,diy,Diyari,15A,Weight-Sensitive Stress,Fixed stress (no weight-sensitivity),Austin-1978;Austin-1981,
15A-ice,ice,Icelandic,15A,Weight-Sensitive Stress,Fixed stress (no weight-sensitivity),Arnasonar-1980,
15A-mne,mne,Maidu (Northeast),15A,Weight-Sensitive Stress,Left-edge: First or second,Robbins-1991;Shipley-1964,
15A-eka,eka,Ekari,15A,Weight-Sensitive Stress,Left-edge: First or second,Doble-1962;Doble-1987;Drabbe-1952,
15A-mac,mac,Macushi,15A,Weight-Sensitive Stress,Fixed stress (no weight-sensitivity),Abbott-1991;Carson-1982;Hawkins-1950,
15A-mrd,mrd,Marind,15A,Weight-Sensitive Stress,Fixed stress (no weight-sensitivity),Geurtjens-1926b;Drabbe-1955,
15A-swe,swe,Swedish,15A,Weight-Sensitive Stress,Right-oriented: One of the last three,Bruce-1999a,
15A-ace,ace,Acehnese,15A,Weight-Sensitive Stress,Fixed stress (no weight-sensitivity),van-Langen-1889;Cowan-1981[522-549];Durie-1995;Durie-1985,
15A-chv,chv,Chuvash,15A,Weight-Sensitive Stress,Unbounded: Stress can be anywhere,Kruger-1961,
15A-dut,dut,Dutch,15A,Weight-Sensitive Stress,Right-oriented: One of the last three,Kager-1989;Trommelen-and-Zonneveld-1999a;van-der-Hulst-1984,
15A-pur,pur,Purépecha,15A,Weight-Sensitive Stress,Fixed stress (no weight-sensitivity),Foster-1969,
15A-dyi,dyi,Dyirbal,15A,Weight-Sensitive Stress,Fixed stress (no weight-sensitivity),Dixon-1972,
15A-haw,haw,Hawaiian,15A,Weight-Sensitive Stress,Fixed stress (no weight-sensitivity),Elbert-and-Pukui-1979;Elbert-and-Keala-1961,
15A-ita,ita,Italian,15A,Weight-Sensitive Stress,Right-edge: Ultimate or penultimate,Lepschy-1978;Bertinetto-1981;Muljacic-1972;Saltarelli-1970;Malagoli-1946;Roca-1999;Vincent-1988;Vogel-and-Scalise-1982,
15A-lit,lit,Lithuanian,15A,Weight-Sensitive Stress,Unbounded: Stress can be anywhere,Otrebski-1958-1965;Ambrazas-1997;Girdenis-1985;Mathiassen-1996;Young-1991;Leskien-1919,
15A-rom,rom,Romanian,15A,Weight-Sensitive Stress,Right-edge: Ultimate or penultimate,Lombard-1935;Ulivi-1985;Avram-1978;Steriade-1984;Ulivi-1977;Graur-and-Rosetti-1938;Augerot-1974;Roca-1999,
15A-yuc,yuc,Yuchi,15A,Weight-Sensitive Stress,Not predictable,Wagner-1933-1938,
15A-zun,zun,Zuni,15A,Weight-Sensitive Stress,Fixed stress (no weight-sensitivity),Bunzel-1933-1938;Miner-1986,
15A-snt,snt,Sentani,15A,Weight-Sensitive Stress,Right-edge: Ultimate or penultimate,Cowan-1965;Foley-1986,
15A-ypk,ypk,Yup'ik (Central),15A,Weight-Sensitive Stress,Left-edge: First or second,Jacobson-1985;Leer-1985a;Woodbury-1987;Miyaoka-1985,
15A-pol,pol,Polish,15A,Weight-Sensitive Stress,Fixed stress (no weight-sensitivity),Franks-1985,
15A-ker,ker,Kera,15A,Weight-Sensitive Stress,Unbounded: Stress can be anywhere,Ebert-1979,
15A-wam,wam,Wambaya,15A,Weight-Sensitive Stress,Left-edge: First or second,Nordlinger-1998,
15A-car,car,Carib,15A,Weight-Sensitive Stress,Combined: Right-edge and unbounded,Hoff-1968;Derbyshire-1999,
15A-mak,mak,Makah,15A,Weight-Sensitive Stress,Left-edge: First or second,Jacobsen-1979,
15A-tsi,tsi,Tsimshian (Coast),15A,Weight-Sensitive Stress,Fixed stress (no weight-sensitivity),Dunn-1995,
15A-tun,tun,Tunica,15A,Weight-Sensitive Stress,Fixed stress (no weight-sensitivity),Haas-1953,
15A-mku,mku,Maranungku,15A,Weight-Sensitive Stress,Fixed stress (no weight-sensitivity),Tryon-1970b,
15A-mrl,mrl,Murle,15A,Weight-Sensitive Stress,Unbounded: Stress can be anywhere,Arensen-1982,
15A-psm,psm,Passamaquoddy-Maliseet,15A,Weight-Sensitive Stress,Right-oriented: One of the last three,Teeter-1971;Teeter-and-LeSourd-1983;LeSourd-1993,
15A-pit,pit,Pitjantjatjara,15A,Weight-Sensitive Stress,Fixed stress (no weight-sensitivity),Glass-and-Hackett-1970;Douglas-1959,
15A-ana,ana,Araona,15A,Weight-Sensitive Stress,Fixed stress (no weight-sensitivity),de-Pitman-1981,
15A-cyv,cyv,Cayuvava,15A,Weight-Sensitive Stress,Fixed stress (no weight-sensitivity),Key-1963a;Key-and-Key-1967;Key-1967;Key-1961,
15A-dio,dio,Diola-Fogny,15A,Weight-Sensitive Stress,Fixed stress (no weight-sensitivity),Sapir-1965,
15A-arm,arm,Armenian (Eastern),15A,Weight-Sensitive Stress,Unbounded: Stress can be anywhere,Abeghian-1936;Fairbanks-1958;Gulian-1957,
15A-aym,aym,Aymara (Central),15A,Weight-Sensitive Stress,Fixed stress (no weight-sensitivity),Hardman-de-Bautista-et-al-1988,
15A-baw,baw,Bawm,15A,Weight-Sensitive Stress,Fixed stress (no weight-sensitivity),Reichle-1981,
15A-nbd,nbd,Nubian (Dongolese),15A,Weight-Sensitive Stress,Unbounded: Stress can be anywhere,Armbruster-1960,
15A-wrd,wrd,Wardaman,15A,Weight-Sensitive Stress,Fixed stress (no weight-sensitivity),Merlan-1994,
15A-kmu,kmu,Khmu',15A,Weight-Sensitive Stress,Fixed stress (no weight-sensitivity),Premsrirat-1987,
15A-usa,usa,Usan,15A,Weight-Sensitive Stress,Not predictable,Reesink-1987,
15A-pai,pai,Paiwan,15A,Weight-Sensitive Stress,Fixed stress (no weight-sensitivity),Ferrell-1982,
15A-ung,ung,Ungarinjin,15A,Weight-Sensitive Stress,Left-edge: First or second,Capell-1970,
15A-bej,bej,Beja,15A,Weight-Sensitive Stress,Right-oriented: One of the last three,Almkvist-1881,
15A-dre,dre,Drehu,15A,Weight-Sensitive Stress,Fixed stress (no weight-sensitivity),Tryon-1967a,
15A-pms,pms,Paamese,15A,Weight-Sensitive Stress,Fixed stress (no weight-sensitivity),Crowley-1982,
15A-mss,mss,Miwok (Southern Sierra),15A,Weight-Sensitive Stress,Left-edge: First or second,Broadbent-1964;Freeland-1951,
15A-sml,sml,Semelai,15A,Weight-Sensitive Stress,Fixed stress (no weight-sensitivity),Kruspe-1999,
15A-nez,nez,Nez Perce,15A,Weight-Sensitive Stress,Not predictable,Aoki-1970,
15A-cah,cah,Cahuilla,15A,Weight-Sensitive Stress,Fixed stress (no weight-sensitivity),Seiler-1967;Seiler-1965;Seiler-1972,
15A-cle,cle,Chinantec (Lealao),15A,Weight-Sensitive Stress,Not predictable,Rupp-1989,
15A-knm,knm,Kunama,15A,Weight-Sensitive Stress,Right-oriented: One of the last three,Tucker-and-Bryan-1966;Bender-1996,
15A-zqc,zqc,Zoque (Copainalá),15A,Weight-Sensitive Stress,Fixed stress (no weight-sensitivity),Wonderly-1951a;Knudson-1975,
15A-bkr,bkr,Batak (Karo),15A,Weight-Sensitive Stress,Right-edge: Ultimate or penultimate,Joustra-1901;Neumann-1922,
15A-cmn,cmn,Comanche,15A,Weight-Sensitive Stress,Fixed stress (no weight-sensitivity),Osborn-and-Smalley-1949;Charney-1993,
15A-iri,iri,Irish,15A,Weight-Sensitive Stress,Fixed stress (no weight-sensitivity),Bammesberger-1983;O-Siadhail-1989,
15A-squ,squ,Squamish,15A,Weight-Sensitive Stress,Fixed stress (no weight-sensitivity),Demers-and-Horn-1978,
15A-tru,tru,Trumai,15A,Weight-Sensitive Stress,Fixed stress (no weight-sensitivity),Guirardello-1999a,
15A-dni,dni,Dani (Lower Grand Valley),15A,Weight-Sensitive Stress,Fixed stress (no weight-sensitivity),Bromley-1961,
15A-nen,nen,Nenets,15A,Weight-Sensitive Stress,Fixed stress (no weight-sensitivity),Salminen-1993-99,
15A-urk,urk,Urubú-Kaapor,15A,Weight-Sensitive Stress,Fixed stress (no weight-sensitivity),Kakumasu-1986,
15A-coo,coo,Coos (Hanis),15A,Weight-Sensitive Stress,Right-edge: Ultimate or penultimate,Frachtenberg-1922a,
15A-cre,cre,Cree (Plains),15A,Weight-Sensitive Stress,Fixed stress (no weight-sensitivity),Okimasis-and-Ratt-1999;Wolfart-1996,
15A-nht,nht,Nahuatl (Tetelcingo),15A,Weight-Sensitive Stress,Fixed stress (no weight-sensitivity),Pittman-1954,
15A-yim,yim,Yimas,15A,Weight-Sensitive Stress,Fixed stress (no weight-sensitivity),Foley-1991,
15A-mun,mun,Mundari,15A,Weight-Sensitive Stress,Right-edge: Ultimate or penultimate,Cook-1965,
15A-yid,yid,Yidiny,15A,Weight-Sensitive Stress,Unbounded: Stress can be anywhere,Nash-1979;Dixon-1977b;Dixon-1977a,
15A-krk,krk,Karok,15A,Weight-Sensitive Stress,Unbounded: Stress can be anywhere,Bright-1957,
15A-tab,tab,Taba,15A,Weight-Sensitive Stress,Fixed stress (no weight-sensitivity),Bowden-1997a,
15A-pau,pau,Paumarí,15A,Weight-Sensitive Stress,Fixed stress (no weight-sensitivity),Chapman-and-Derbyshire-1991,
15A-arp,arp,Arapesh (Mountain),15A,Weight-Sensitive Stress,Fixed stress (no weight-sensitivity),Fortune-1942;Gerstner-1963;Conrad-and-Wogiga-1991,
15A-ond,ond,Oneida,15A,Weight-Sensitive Stress,Fixed stress (no weight-sensitivity),Michelson-1988,
15A-asm,asm,Asmat,15A,Weight-Sensitive Stress,Fixed stress (no weight-sensitivity),Voorhoeve-1965,
15A-grb,grb,Grebo,15A,Weight-Sensitive Stress,Not predictable,Innes-1966,
15A-khs,khs,Khasi,15A,Weight-Sensitive Stress,Fixed stress (no weight-sensitivity),Rabel-1961,
15A-khm,khm,Khmer,15A,Weight-Sensitive Stress,Fixed stress (no weight-sensitivity),Gorgoniyev-1966;Griffith-1991;Huffman-1970b;Jacob-1968;Nacaskul-1978,
15A-wic,wic,Wichita,15A,Weight-Sensitive Stress,Unbounded: Stress can be anywhere,Rood-1996,
15A-klv,klv,Kilivila,15A,Weight-Sensitive Stress,Right-edge: Ultimate or penultimate,Senft-1986,
15A-nug,nug,Nunggubuyu,15A,Weight-Sensitive Stress,Fixed stress (no weight-sensitivity),Hore-1981,
15A-irq,irq,Iraqw,15A,Weight-Sensitive Stress,Combined: Right-edge and unbounded,Mous-1993,
15A-kew,kew,Kewa,15A,Weight-Sensitive Stress,Not predictable,Franklin-1971;Franklin-1967;Franklin-and-Franklin-1978,
15A-snm,snm,Sanuma,15A,Weight-Sensitive Stress,Fixed stress (no weight-sensitivity),Borgman-1990,
15A-shk,shk,Shipibo-Konibo,15A,Weight-Sensitive Stress,Left-edge: First or second,Faust-1973,
15A-epe,epe,Epena Pedee,15A,Weight-Sensitive Stress,Right-edge: Ultimate or penultimate,Harms-1994,
15A-koa,koa,Koasati,15A,Weight-Sensitive Stress,Right-edge: Ultimate or penultimate,Kimball-1991,
15A-luv,luv,Luvale,15A,Weight-Sensitive Stress,Fixed stress (no weight-sensitivity),Horton-1949,
15A-bag,bag,Bagirmi,15A,Weight-Sensitive Stress,Fixed stress (no weight-sensitivity),Gaden-1909;Stevenson-1969,
15A-hzb,hzb,Hunzib,15A,Weight-Sensitive Stress,Right-edge: Ultimate or penultimate,van-den-Berg-1995,
15A-ing,ing,Ingush,15A,Weight-Sensitive Stress,Fixed stress (no weight-sensitivity),Nichols-1994b,
15A-mau,mau,Maung,15A,Weight-Sensitive Stress,Fixed stress (no weight-sensitivity),Capell-and-Hinch-1970,
15A-kfe,kfe,Koromfe,15A,Weight-Sensitive Stress,Fixed stress (no weight-sensitivity),Rennison-1997,
15A-qim,qim,Quechua (Imbabura),15A,Weight-Sensitive Stress,Fixed stress (no weight-sensitivity),Cole-1982,
15A-ram,ram,Rama,15A,Weight-Sensitive Stress,Not predictable,Grinevald-nd,
15A-wch,wch,Wichí,15A,Weight-Sensitive Stress,Fixed stress (no weight-sensitivity),Vinas-Urquiza-1974,
15A-niv,niv,Nivkh,15A,Weight-Sensitive Stress,Fixed stress (no weight-sensitivity),Gruzdeva-1998,
15A-apu,apu,Apurinã,15A,Weight-Sensitive Stress,Right-edge: Ultimate or penultimate,Facundes-2000,
15A-bma,bma,Berber (Middle Atlas),15A,Weight-Sensitive Stress,Fixed stress (no weight-sensitivity),Abdel-Massih-1971,
15A-wra,wra,Warao,15A,Weight-Sensitive Stress,Fixed stress (no weight-sensitivity),Romero-Figueroa-1997;Osborn-1966,
15A-kob,kob,Kobon,15A,Weight-Sensitive Stress,Fixed stress (no weight-sensitivity),Davies-1980,
15A-lat,lat,Latvian,15A,Weight-Sensitive Stress,Fixed stress (no weight-sensitivity),Ekblom-1933;Fennell-and-Gelsen-1980;Markus-1991;Markus-1987,
15A-mar,mar,Maricopa,15A,Weight-Sensitive Stress,Fixed stress (no weight-sensitivity),Gordon-1986,
15A-ala,ala,Alamblak,15A,Weight-Sensitive Stress,Combined: Right-edge and unbounded,Bruce-1984,
15A-goo,goo,Gooniyandi,15A,Weight-Sensitive Stress,Fixed stress (no weight-sensitivity),McGregor-1990,
15A-kut,kut,Kutenai,15A,Weight-Sensitive Stress,Fixed stress (no weight-sensitivity),Garvin-1948a,
15A-lav,lav,Lavukaleve,15A,Weight-Sensitive Stress,Fixed stress (no weight-sensitivity),Terrill-1999,
15A-rap,rap,Rapanui,15A,Weight-Sensitive Stress,Fixed stress (no weight-sensitivity),Du-Feu-1996,
15A-jak,jak,Jakaltek,15A,Weight-Sensitive Stress,Fixed stress (no weight-sensitivity),Day-1973,
15A-mrt,mrt,Martuthunira,15A,Weight-Sensitive Stress,Fixed stress (no weight-sensitivity),Dench-1987;Dench-1995,
15A-prh,prh,Pirahã,15A,Weight-Sensitive Stress,Right-oriented: One of the last three,Everett-and-Everett-1984;Everett-1988,
15A-war,war,Wari',15A,Weight-Sensitive Stress,Fixed stress (no weight-sensitivity),Everett-and-Kern-1997,
15A-gua,gua,Guaraní,15A,Weight-Sensitive Stress,Fixed stress (no weight-sensitivity),Ayala-1993,
15A-ngi,ngi,Ngiyambaa,15A,Weight-Sensitive Stress,Unbounded: Stress can be anywhere,Donaldson-1977;Donaldson-1980,
15A-kro,kro,Krongo,15A,Weight-Sensitive Stress,Unbounded: Stress can be anywhere,Reh-1985,
15A-myi,myi,Mangarrayi,15A,Weight-Sensitive Stress,Fixed stress (no weight-sensitivity),Merlan-1989,
15A-tiw,tiw,Tiwi,15A,Weight-Sensitive Stress,Fixed stress (no weight-sensitivity),Lee-1987;Osborne-1974,
15A-kay,kay,Kayardild,15A,Weight-Sensitive Stress,Fixed stress (no weight-sensitivity),Keen-1969;Evans-1995,
15A-map,map,Mapudungun,15A,Weight-Sensitive Stress,Fixed stress (no weight-sensitivity),Echeverria-and-Contreras-1965,
15A-yko,yko,Yukaghir (Kolyma),15A,Weight-Sensitive Stress,Unbounded: Stress can be anywhere,Maslova-1999,
15A-may,may,Maybrat,15A,Weight-Sensitive Stress,Fixed stress (no weight-sensitivity),Dol-1999,
15A-tuk,tuk,Tukang Besi,15A,Weight-Sensitive Stress,Fixed stress (no weight-sensitivity),Donohue-1999a,
15A-bur,bur,Burushaski,15A,Weight-Sensitive Stress,Not predictable,Morgenstierne-1945;Berger-1974,
15A-cha,cha,Chamorro,15A,Weight-Sensitive Stress,Right-oriented: One of the last three,Seiden-1960;Chung-1983,
15A-chk,chk,Chukchi,15A,Weight-Sensitive Stress,Fixed stress (no weight-sensitivity),Bogoras-1922,
15A-fij,fij,Fijian,15A,Weight-Sensitive Stress,Right-edge: Ultimate or penultimate,Dixon-1988;Schutz-1985,
15A-heb,heb,Hebrew (Modern),15A,Weight-Sensitive Stress,Fixed stress (no weight-sensitivity),Bolozky-1982;Glinert-1989,
15A-lan,lan,Lango,15A,Weight-Sensitive Stress,Fixed stress (no weight-sensitivity),Noonan-1992,
15A-yaq,yaq,Yaqui,15A,Weight-Sensitive Stress,Fixed stress (no weight-sensitivity),Johnson-1962,
15A-zul,zul,Zulu,15A,Weight-Sensitive Stress,Fixed stress (no weight-sensitivity),Doke-1945,
15A-sla,sla,Slave,15A,Weight-Sensitive Stress,Not predictable,Rice-1989,
15A-aeg,aeg,Arabic (Egyptian),15A,Weight-Sensitive Stress,Right-oriented: One of the last three,McCarthy-1979a;McCarthy-1979b[443-466],
15A-grw,grw,Greenlandic (West),15A,Weight-Sensitive Stress,Fixed stress (no weight-sensitivity),Rischel-1974;Fortescue-1984;Schultz-Lorentzen-1945,
15A-hix,hix,Hixkaryana,15A,Weight-Sensitive Stress,Not predictable,Derbyshire-1979;Derbyshire-1985,
15A-swa,swa,Swahili,15A,Weight-Sensitive Stress,Fixed stress (no weight-sensitivity),Ashton-1947;Wald-1987,
15A-hin,hin,Hindi,15A,Weight-Sensitive Stress,Right-oriented: One of the last three,Fairbanks-1981;McGregor-1977,
15A-ckr,ckr,Canela-Krahô,15A,Weight-Sensitive Stress,Fixed stress (no weight-sensitivity),Popjes-and-Popjes-1986,
15A-tag,tag,Tagalog,15A,Weight-Sensitive Stress,Fixed stress (no weight-sensitivity),Llamzon-1966;Schachter-and-Otanes-1972;Bloomfield-1917,
15A-geo,geo,Georgian,15A,Weight-Sensitive Stress,Fixed stress (no weight-sensitivity),Rudenko-1972;Aronson-1982;Tschenkeli-1958;Fahnrich-1987;Vogt-1971,
15A-kha,kha,Khalkha,15A,Weight-Sensitive Stress,Unbounded: Stress can be anywhere,Poppe-1970;Street-1963,
15A-mal,mal,Malagasy,15A,Weight-Sensitive Stress,Fixed stress (no weight-sensitivity),Rajaonarimanana-1995,
15A-sup,sup,Supyire,15A,Weight-Sensitive Stress,Fixed stress (no weight-sensitivity),Carlson-1994,
15A-mao,mao,Maori,15A,Weight-Sensitive Stress,Unbounded: Stress can be anywhere,Hohepa-1967;Ngata-nd,
15A-abk,abk,Abkhaz,15A,Weight-Sensitive Stress,Not predictable,Hewitt-1979,
15A-eve,eve,Evenki,15A,Weight-Sensitive Stress,Right-edge: Ultimate or penultimate,Nedjalkov-1997,
15A-prs,prs,Persian,15A,Weight-Sensitive Stress,Fixed stress (no weight-sensitivity),Lambton-1953,
15A-ame,ame,Amele,15A,Weight-Sensitive Stress,Unbounded: Stress can be anywhere,Roberts-1987,
15A-ger,ger,German,15A,Weight-Sensitive Stress,Right-oriented: One of the last three,Jessen-1999,
15A-grk,grk,Greek (Modern),15A,Weight-Sensitive Stress,Fixed stress (no weight-sensitivity),Drachman-and-Malikouti-Drachman-1999;Malikouti-Drachman-and-Drachman-1981,
15A-lez,lez,Lezgian,15A,Weight-Sensitive Stress,Left-edge: First or second,Haspelmath-1993;Kodzasov-1999a,
15A-mnd,mnd,Mandarin,15A,Weight-Sensitive Stress,Not predictable,Henne-et-al-1977,
15A-hun,hun,Hungarian,15A,Weight-Sensitive Stress,Fixed stress (no weight-sensitivity),Kerek-1971;Szinnyei-1912,
15A-ind,ind,Indonesian,15A,Weight-Sensitive Stress,Fixed stress (no weight-sensitivity),Halim-1974;Samsuri-1971,
15A-fin,fin,Finnish,15A,Weight-Sensitive Stress,Fixed stress (no weight-sensitivity),Fromm-1982,
15A-rus,rus,Russian,15A,Weight-Sensitive Stress,Unbounded: Stress can be anywhere,Unbegaun-1957;Kodzasov-1999b;Hamilton-1980,
15A-spa,spa,Spanish,15A,Weight-Sensitive Stress,Right-edge: Ultimate or penultimate,Navarro-1965;Roca-1991;Roca-1999;Alarcos-Llorach-1965;Harris-1983;Harris-1969a;Green-1988,
15A-tur,tur,Turkish,15A,Weight-Sensitive Stress,Unbounded: Stress can be anywhere,Lees-1961;Underhill-1976;Sezer-1983;Kornfilt-1997,
15A-fre,fre,French,15A,Weight-Sensitive Stress,Right-edge: Ultimate or penultimate,van-Oostendorp-1995;Dell-1984;Roca-1999,
15A-eng,eng,English,15A,Weight-Sensitive Stress,Right-oriented: One of the last three,Trommelen-and-Zonneveld-1999b,
15A-pir,pir,Piro,15A,Weight-Sensitive Stress,Fixed stress (no weight-sensitivity),Matteson-1965,
15A-ndy,ndy,Ndyuka,15A,Weight-Sensitive Stress,Unbounded: Stress can be anywhere,Huttar-and-Huttar-1994,
