ID,Language_ID,Language_name,Parameter_ID,Parameter_name,Value,Source,Comment
71A-nnn,nnn,Nuni (Northern),71A,The Prohibitive,Normal imperative + special negative,"Prost-1999[64, 67]",
71A-yrm,yrm,Yurimangí,71A,The Prohibitive,Normal imperative + normal negative,Rivet-1942[36],
71A-abb,abb,Arabic (Abbéché Chad),71A,The Prohibitive,Special imperative + normal negative,Abu-Absi-1995[33],
71A-brz,brz,Birri,71A,The Prohibitive,Normal imperative + normal negative,Santandrea-1966[208],
71A-cte,cte,Chinantec (Tepetotutla),71A,The Prohibitive,Special imperative + normal negative,"Westley-1991[17, 90]",
71A-kyg,kyg,Kenyang,71A,The Prohibitive,Special imperative + special negative,"Ittmann-1935[185, 198]",
71A-lob,lob,Lobi,71A,The Prohibitive,Special imperative + special negative,Kambou-2000[78-79];Becuwe-1982[306-307],
71A-npn,npn,Naga Pidgin,71A,The Prohibitive,Normal imperative + normal negative,Sreedhar-1985[150-152],
71A-ntn,ntn,Nateni,71A,The Prohibitive,Normal imperative + special negative,"Neukom-1995[79-82, ]",
71A-ndg,ndg,Ndogo,71A,The Prohibitive,Normal imperative + normal negative,"Santandrea-1961[101, 117]",
71A-anu,anu,Anufo,71A,The Prohibitive,Normal imperative + special negative,Stanford-and-Stanford-1970[32],
71A-anl,anl,Arabic (North Levantine Spoken),71A,The Prohibitive,Special imperative + normal negative,Mitchell-and-Al-Hassan-1994[33],
71A-ark,ark,Araki,71A,The Prohibitive,Normal imperative + special negative,Francois-2002,
71A-buk,buk,Bukusu,71A,The Prohibitive,Special imperative + special negative,"Austen-1974[181, 183]",
71A-glc,glc,Galician,71A,The Prohibitive,Special imperative + normal negative,Perez-Bouza-1996[passim],
71A-goj,goj,Gojri,71A,The Prohibitive,Normal imperative + special negative,Sharma-1982b[207-208],
71A-kow,kow,Ko (Winye),71A,The Prohibitive,Special imperative + special negative,,
71A-nub,nub,Nubi,71A,The Prohibitive,Normal imperative + special negative,Heine-1982[43],
71A-nng,nng,Nyanga,71A,The Prohibitive,Special imperative + normal negative,Kadima-1965[109],
71A-qta,qta,Quechua (Tarma),71A,The Prohibitive,Special imperative + special negative,"Adelaar-1977[77-78, 293, 296]",
71A-wll,wll,Wallisian,71A,The Prohibitive,Normal imperative + special negative,Nguyen-1998[320],
71A-ykm,ykm,Yakoma,71A,The Prohibitive,Normal imperative + special negative,Boyeldieu-1995[131-132],
71A-ago,ago,Angolar,71A,The Prohibitive,Normal imperative + normal negative,Maurer-1995[140];Lorenzino-1998[181],
71A-ars,ars,Arabic (San'ani),71A,The Prohibitive,Special imperative + special negative,Watson-1993[76],
71A-coi,coi,Chortí,71A,The Prohibitive,Special imperative + special negative,Lubeck-and-Cowie-1989[passim],
71A-dbd,dbd,Dabida,71A,The Prohibitive,Special imperative + special negative,Rjabova-2000[passim],
71A-htt,htt,Huitoto,71A,The Prohibitive,Normal imperative + special negative,Minor-et-al-1982[70],
71A-krt,krt,Karata,71A,The Prohibitive,Special imperative + special negative,"Magomedbekova-1971[147, 150]",
71A-lno,lno,Ladino,71A,The Prohibitive,Special imperative + normal negative,,
71A-mbg,mbg,Mbugu,71A,The Prohibitive,Special imperative + special negative,,
71A-rav,rav,Romani (Ajia Varvara),71A,The Prohibitive,Normal imperative + special negative,"Igla-1989[65, 66-67, 136]",
71A-sva,sva,Svan,71A,The Prohibitive,Special imperative + normal negative,Tuite-1997[42],
71A-wwr,wwr,Woiwurrung,71A,The Prohibitive,Special imperative + special negative,Blake-1991[75],
71A-bdk,bdk,Budukh,71A,The Prohibitive,Special imperative + special negative,Alekseev-1994a[279],
71A-her,her,Herero,71A,The Prohibitive,Special imperative + special negative,Viehe-1897[34],
71A-krq,krq,Kerek,71A,The Prohibitive,Special imperative + special negative,Volodin-2001[153-154],
71A-kwr,kwr,Kwamera,71A,The Prohibitive,Normal imperative + special negative,Lindstrom-and-Lynch-1994[28-29],
71A-oka,oka,Okanagan,71A,The Prohibitive,Special imperative + special negative,Mattina-1980[217],
71A-pta,pta,Paita,71A,The Prohibitive,Normal imperative + special negative,Paita-and-Shintani-1990[98],
71A-tet,tet,Tetela,71A,The Prohibitive,Normal imperative + normal negative,Wetshemongo-1998[206],
71A-apa,apa,Arabic (Palestinian),71A,The Prohibitive,Normal imperative + normal negative,Shahin-1995[30-31],
71A-emc,emc,Embera Chami,71A,The Prohibitive,Normal imperative + special negative,Aguirre-Licht-1999[115-116],
71A-mbo,mbo,Monumbo,71A,The Prohibitive,Normal imperative + special negative,Vormann-and-Scharfenberger-1914[64],
71A-sou,sou,Sorbian (Upper),71A,The Prohibitive,Normal imperative + special negative,Stone-1993[658],
71A-zen,zen,Zenaga,71A,The Prohibitive,Special imperative + normal negative,"Nicolas-1953[43, 44]",
71A-crg,crg,Chiriguano,71A,The Prohibitive,Normal imperative + special negative,Dietrich-1986[144-145],
71A-lng,lng,Lengua,71A,The Prohibitive,Normal imperative + normal negative,Susnik-1977[passim],
71A-loz,loz,Lozi,71A,The Prohibitive,Special imperative + special negative,"Gowlett-1967[147, 178]",
71A-sko,sko,Skou,71A,The Prohibitive,Normal imperative + normal negative,,
71A-tem,tem,Tem,71A,The Prohibitive,Special imperative + special negative,Tchagbale-1998[137],
71A-vag,vag,Vagla,71A,The Prohibitive,Normal imperative + special negative,Crouch-and-Naden-1998[67],
71A-fue,fue,Futuna (East),71A,The Prohibitive,Normal imperative + special negative,"Moyse-Faurie-1999[116, 129-130]",
71A-kei,kei,Kei,71A,The Prohibitive,Normal imperative + special negative,Geurtjens-1921[38],
71A-mhu,mhu,Mbalanhu,71A,The Prohibitive,Special imperative + normal negative,"Fourie-1993[22, 31]",
71A-mul,mul,Mulao,71A,The Prohibitive,Normal imperative + special negative,Jung-and-Guoqiao-1993[37],
71A-nel,nel,Nelemwa,71A,The Prohibitive,Normal imperative + special negative,"Bril-1999[81, 82, 92]",
71A-oix,oix,Otomí (Ixtenco),71A,The Prohibitive,Normal imperative + special negative,Lastra-1998[28],
71A-sug,sug,Sungor,71A,The Prohibitive,Special imperative + special negative,Lukas-1938[199-200],
71A-ayr,ayr,Ayoreo,71A,The Prohibitive,Normal imperative + normal negative,Susnik-1963[71],
71A-bhu,bhu,Bhumij,71A,The Prohibitive,Special imperative + special negative,Ramaswami-1992[passim],
71A-csh,csh,Cashinahua,71A,The Prohibitive,Normal imperative + special negative,"Camargo-Bigot-1992[208, 210-211]",
71A-des,des,Desano,71A,The Prohibitive,Special imperative + normal negative,"Miller-1999[7, 72, 135]",
71A-sgl,sgl,Sengele,71A,The Prohibitive,Special imperative + normal negative,"Mangulu-2001[312, 315]",
71A-tor,tor,Toratán,71A,The Prohibitive,Special imperative + special negative,"Himmelmann-and-Wolf-1999[24-25, 44-45, 84]",
71A-agu,agu,Aguacatec,71A,The Prohibitive,Normal imperative + special negative,McArthur-and-McArthur-1966[227],
71A-kui,kui,Kui (in India),71A,The Prohibitive,Special imperative + special negative,Winfield-1928[64],
71A-far,far,Faroese,71A,The Prohibitive,Normal imperative + normal negative,Barnes-and-Weyhe-1994[215-216],
71A-kod,kod,Kodava,71A,The Prohibitive,Special imperative + special negative,Ebert-1996[23],
71A-mdk,mdk,Mandinka,71A,The Prohibitive,Normal imperative + special negative,Creissels-1983[19],
71A-baf,baf,Bafut,71A,The Prohibitive,Normal imperative + special negative,Chumbow-and-Tamanji-1994[225],
71A-gll,gll,Galela,71A,The Prohibitive,Normal imperative + special negative,van-Baarda-1891[56-57];van-Baarda-1908[125],
71A-ido,ido,Idoma,71A,The Prohibitive,Normal imperative + normal negative,"Abraham-1951[31, 48]",
71A-kdw,kdw,Kadiwéu,71A,The Prohibitive,Normal imperative + special negative,Sandalo-1997[42-43],
71A-tsa,tsa,Tsakhur,71A,The Prohibitive,Special imperative + special negative,"Kibrik-1999[84, 280]",
71A-laz,laz,Laz,71A,The Prohibitive,Special imperative + special negative,Mattissen-1995[66];Liu-1995[103-104],
71A-rwa,rwa,Rawa,71A,The Prohibitive,Normal imperative + normal negative,Toland-and-Toland-1991[70-71],
71A-rka,rka,Romani (Kalderash),71A,The Prohibitive,Normal imperative + special negative,"Boretzky-1994[77, 136]",
71A-uma,uma,Uma,71A,The Prohibitive,Normal imperative + normal negative,Esser-1964[12],
71A-zaz,zaz,Zazaki,71A,The Prohibitive,Special imperative + special negative,Todd-1985[102];Sandonato-1994[134],
71A-bem,bem,Bemba,71A,The Prohibitive,Special imperative + special negative,Sims-1959[82],
71A-kil,kil,Kiluba,71A,The Prohibitive,Special imperative + special negative,Beckett-1951[40-42];Munyarugero-1975[79],
71A-rsu,rsu,Romansch (Sursilvan),71A,The Prohibitive,Normal imperative + normal negative,Haiman-1988[361];Candinas-1982[passim],
71A-shb,shb,Shabo,71A,The Prohibitive,Normal imperative + special negative,Teferra-1991[382],
71A-wth,wth,Wathawurrung,71A,The Prohibitive,Special imperative + normal negative,"Blake-et-al-1998a[80-81, passim]",
71A-wau,wau,Waunana,71A,The Prohibitive,Normal imperative + special negative,Sanchez-et-al-1977[88-89],
71A-bbl,bbl,Babole,71A,The Prohibitive,Special imperative + normal negative,Leitch-1994[201],
71A-dam,dam,Damana,71A,The Prohibitive,Special imperative + normal negative,Trillos-Amaya-1999a[154],
71A-kte,kte,Kete,71A,The Prohibitive,Special imperative + normal negative,"Kamba-Muzenga-1980[123, 160-161]",
71A-nya,nya,Nyawaygi,71A,The Prohibitive,Normal imperative + special negative,"Dixon-1983[471, 477]",
71A-tke,tke,Tokelauan,71A,The Prohibitive,Normal imperative + special negative,"Vonen-1999[138-139];Hooper-1996[19, 29-30]",
71A-cml,cml,Camling,71A,The Prohibitive,Special imperative + special negative,Ebert-1997a[29-32],
71A-khk,khk,Khakas,71A,The Prohibitive,Normal imperative + special negative,Anderson-1998[43-44],
71A-mle,mle,Maale,71A,The Prohibitive,Special imperative + special negative,Amha-2001[229],
71A-mgo,mgo,Mongo,71A,The Prohibitive,Normal imperative + normal negative,Hulstaert-1965[392-395],
71A-mdg,mdg,Mundang,71A,The Prohibitive,Normal imperative + special negative,Elders-2000[441],
71A-stn,stn,Sotho (Northern),71A,The Prohibitive,Special imperative + special negative,"Louwrens-et-al-1995[37, passim]",
71A-dja,dja,Djabugay,71A,The Prohibitive,Normal imperative + normal negative,"Patz-1991[303, 305]",
71A-kkn,kkn,Konkani,71A,The Prohibitive,Special imperative + special negative,"Gruere-and-Sardessai-1998[102, 108]",
71A-lew,lew,Lewo,71A,The Prohibitive,Normal imperative + normal negative,"Early-1994b[67, 76-77]",
71A-sgu,sgu,Sangu,71A,The Prohibitive,Special imperative + special negative,"Idiata-1998[51, 138]",
71A-vot,vot,Votic,71A,The Prohibitive,Special imperative + normal negative,Ariste-1968[80],
71A-azi,azi,Azari (Iranian),71A,The Prohibitive,Normal imperative + normal negative,"Dehghani-2000[200, passim]",
71A-jar,jar,Jarawa (in Nigeria),71A,The Prohibitive,Normal imperative + special negative,Lukas-and-Willms-1961[33],
71A-sap,sap,Sapuan,71A,The Prohibitive,Normal imperative + special negative,Jacq-and-Sidwell-1999[25],
71A-sus,sus,Susu,71A,The Prohibitive,Normal imperative + special negative,Friedlander-1974[55],
71A-wrm,wrm,Warembori,71A,The Prohibitive,Normal imperative + normal negative,,
71A-nad,nad,Nadëb,71A,The Prohibitive,Normal imperative + special negative,Weir-1994[305],
71A-tuy,tuy,Tuyuca,71A,The Prohibitive,Special imperative + normal negative,Barnes-1994[330-332],
71A-udi,udi,Udi,71A,The Prohibitive,Special imperative + special negative,Schulze-Furhoff-1994[483],
71A-hya,hya,Haya,71A,The Prohibitive,Special imperative + special negative,Lehman-1977[146],
71A-mbb,mbb,Mbabaram,71A,The Prohibitive,Normal imperative + special negative,"Dixon-1991b[385, 391]",
71A-mwe,mwe,Mwera,71A,The Prohibitive,Special imperative + special negative,"Harries-1950[100, 105]",
71A-saw,saw,Sawu,71A,The Prohibitive,Normal imperative + special negative,"Walker-1982[43, 47]",
71A-thk,thk,Thakali,71A,The Prohibitive,Normal imperative + special negative,Georg-1995[124-125],
71A-kms,kms,Kamass,71A,The Prohibitive,Special imperative + special negative,Joki-1944[165],
71A-lot,lot,Lotha,71A,The Prohibitive,Normal imperative + special negative,"Acharya-1983[143, 145]",
71A-mxy,mxy,Mixtec (Yosondúa),71A,The Prohibitive,Normal imperative + special negative,Farris-1992[45],
71A-aga,aga,Agarabi,71A,The Prohibitive,Normal imperative + special negative,Goddard-1976[10],
71A-fri,fri,Frisian,71A,The Prohibitive,Normal imperative + normal negative,Hoekstra-and-Tiersma-1994[527-528],
71A-kim,kim,Kimaghama,71A,The Prohibitive,Special imperative + special negative,"Drabbe-1949[9, 10]",
71A-mwo,mwo,Mwotlap,71A,The Prohibitive,Special imperative + special negative,Francois-2001,
71A-prk,prk,Purki,71A,The Prohibitive,Normal imperative + special negative,"Rangan-1979[92-99, 102-103]",
71A-srd,srd,Sardinian,71A,The Prohibitive,Special imperative + normal negative,Jones-1988[333],
71A-nma,nma,Naga (Mao),71A,The Prohibitive,Normal imperative + special negative,Giridhar-1994[375-379],
71A-apt,apt,Apatani,71A,The Prohibitive,Special imperative + special negative,Abraham-1985[103],
71A-bii,bii,Biri,71A,The Prohibitive,Normal imperative + normal negative,"Terrill-1998[38-39, 56]",
71A-pnn,pnn,Pangasinan,71A,The Prohibitive,Special imperative + special negative,"Benton-1971a[69, 180, 184-186, 201]",
71A-yng,yng,Yingkarta,71A,The Prohibitive,Normal imperative + normal negative,"Dench-1998[43, 63]",
71A-hmr,hmr,Hamer,71A,The Prohibitive,Special imperative + special negative,Lydall-1976[427],
71A-kok,kok,Kokborok,71A,The Prohibitive,Normal imperative + special negative,Pai-1976[71-72],
71A-kuv,kuv,Kuvi,71A,The Prohibitive,Normal imperative + special negative,Reddy-1979[111-114];Krishnamurti-1969[291],
71A-msg,msg,Mising,71A,The Prohibitive,Special imperative + special negative,Prasad-1991[98-102],
71A-teo,teo,Teop,71A,The Prohibitive,Special imperative + special negative,Mosel-and-Spriggs-1999[53-56],
71A-lil,lil,Lillooet,71A,The Prohibitive,Special imperative + special negative,van-Eijk-1997[passim],
71A-mcd,mcd,Macedonian,71A,The Prohibitive,Special imperative + special negative,Friedman-1993[288],
71A-mik,mik,Mikir,71A,The Prohibitive,Normal imperative + special negative,"Jeyapaul-1987[117, 118-120];Konwar-2001[161-162]",
71A-pba,pba,Pima Bajo,71A,The Prohibitive,Normal imperative + special negative,Estrada-Fernandez-1996[33],
71A-tir,tir,Tiriyo,71A,The Prohibitive,Normal imperative + normal negative,Meira-1999[559],
71A-way,way,Wayampi,71A,The Prohibitive,Special imperative + special negative,"Jensen-1994[343, 357-358]",
71A-yny,yny,Yanyuwa,71A,The Prohibitive,Special imperative + special negative,Kirton-and-Charlie-1996[157-158],
71A-gmz,gmz,Gumuz,71A,The Prohibitive,Normal imperative + special negative,Bender-1979[53],
71A-ngt,ngt,Naga (Tangkhul),71A,The Prohibitive,Normal imperative + normal negative,Arokianathan-1987[95-96],
71A-wlo,wlo,Wolio,71A,The Prohibitive,Normal imperative + special negative,Anceaux-1952[41-43],
71A-acl,acl,Acholi,71A,The Prohibitive,Special imperative + special negative,Crazzolara-1938[121],
71A-ath,ath,Athpare,71A,The Prohibitive,Special imperative + normal negative,Ebert-1997b[65],
71A-dmi,dmi,Dumi,71A,The Prohibitive,Special imperative + normal negative,van-Driem-1993[256],
71A-fua,fua,Fula (Cameroonian),71A,The Prohibitive,Normal imperative + special negative,Taylor-1953[passim],
71A-iqu,iqu,Iquito,71A,The Prohibitive,Normal imperative + special negative,Eastman-and-Eastman-1963[165],
71A-koi,koi,Koiari,71A,The Prohibitive,Special imperative + special negative,Dutton-1996[27],
71A-mdn,mdn,Mandan,71A,The Prohibitive,Normal imperative + special negative,Mixco-1997[37],
71A-mon,mon,Mon,71A,The Prohibitive,Normal imperative + normal negative,Albaugh-et-al-2001,
71A-pny,pny,Panyjima,71A,The Prohibitive,Special imperative + normal negative,Dench-1991[203],
71A-shl,shl,Shilluk,71A,The Prohibitive,Normal imperative + special negative,Westermann-1974[29],
71A-url,url,Urak Lawoi',71A,The Prohibitive,Normal imperative + special negative,,
71A-amo,amo,Amo,71A,The Prohibitive,Special imperative + normal negative,Di-Luzio-1972[42-43],
71A-dig,dig,Digaro,71A,The Prohibitive,Special imperative + special negative,Sastry-1984[160-168],
71A-gim,gim,Gimira,71A,The Prohibitive,Normal imperative + special negative,Breeze-1990[37],
71A-plh,plh,Paulohi,71A,The Prohibitive,Normal imperative + special negative,Stresemann-1918[29],
71A-baj,baj,Bajau (Sama),71A,The Prohibitive,Normal imperative + special negative,Verheijen-1986[16],
71A-don,don,Dong,71A,The Prohibitive,Normal imperative + normal negative,"Long-and-Zheng-1998[176, 179]",
71A-emb,emb,Emberá (Northern),71A,The Prohibitive,Normal imperative + special negative,"Mortensen-1999[96, 98]",
71A-god,god,Godoberi,71A,The Prohibitive,Special imperative + special negative,"Kibrik-1996[49, 51]",
71A-krn,krn,Korana,71A,The Prohibitive,Normal imperative + special negative,Maingard-1962[33],
71A-kpe,kpe,Kpelle,71A,The Prohibitive,Normal imperative + normal negative,Westermann-and-Melzian-1930[19-20],
71A-meh,meh,Mehri,71A,The Prohibitive,Special imperative + normal negative,Wagner-1953[13],
71A-sem,sem,Sema,71A,The Prohibitive,Normal imperative + special negative,Sreedhar-1980[183-184],
71A-wrg,wrg,Warrgamay,71A,The Prohibitive,Special imperative + special negative,"Dixon-1981[54, 70]",
71A-au,au,Au,71A,The Prohibitive,Normal imperative + normal negative,"Scorza-1985[244, 256-257]",
71A-bfg,bfg,Berber (Figuig),71A,The Prohibitive,Normal imperative + normal negative,Kossmann-1997[359],
71A-moe,moe,Mordvin (Erzya),71A,The Prohibitive,Normal imperative + special negative,Zaicz-1998[202],
71A-pec,pec,Pech,71A,The Prohibitive,Normal imperative + normal negative,Conzemius-1928[76-77],
71A-slb,slb,Saliba (in Papua New Guinea),71A,The Prohibitive,Normal imperative + special negative,"Margetts-1999a[22, 23, 37-38]",
71A-slo,slo,Slovene,71A,The Prohibitive,Normal imperative + normal negative,Derbyshire-1993[passim],
71A-tno,tno,Tondano,71A,The Prohibitive,Normal imperative + special negative,Sneddon-1975[164],
71A-tot,tot,Totonac (Misantla),71A,The Prohibitive,Special imperative + special negative,MacKay-1999[207],
71A-bud,bud,Buduma,71A,The Prohibitive,Special imperative + normal negative,Lukas-and-Nachtigal-1939[56],
71A-egn,egn,Engenni,71A,The Prohibitive,Normal imperative + special negative,"Thomas-1978[69, 78]",
71A-kmp,kmp,Kunimaipa,71A,The Prohibitive,Special imperative + special negative,Geary-1977[passim],
71A-lin,lin,Lingala,71A,The Prohibitive,Special imperative + normal negative,"Meeuwis-1998[28, 40]",
71A-yus,yus,Yupik (Siberian),71A,The Prohibitive,Special imperative + special negative,Vaxtin-2001[141-143],
71A-ceb,ceb,Cebuano,71A,The Prohibitive,Normal imperative + special negative,Wolff-1966[43],
71A-cor,cor,Cora,71A,The Prohibitive,Special imperative + normal negative,"Casad-1984;Casad-1985[203, passim]",
71A-hay,hay,Hayu,71A,The Prohibitive,Normal imperative + special negative,"Michailovsky-1988[94, 161, 164]",
71A-jab,jab,Jabêm,71A,The Prohibitive,Normal imperative + normal negative,Zahn-1940[22],
71A-txj,txj,Totonac (Xicotepec de Juárez),71A,The Prohibitive,Normal imperative + normal negative,Reid-1991[12],
71A-tri,tri,Trique (Copala),71A,The Prohibitive,Normal imperative + normal negative,Hollenbach-1992[234],
71A-ccm,ccm,Chinantec (Comaltepec),71A,The Prohibitive,Special imperative + normal negative,Anderson-1989[90],
71A-kmk,kmk,Kalmyk,71A,The Prohibitive,Normal imperative + special negative,"Benzing-1985[19, 61]",
71A-krc,krc,Karachay-Balkar,71A,The Prohibitive,Normal imperative + normal negative,Seegmiller-1996[42],
71A-mad,mad,Ma'di,71A,The Prohibitive,Normal imperative + normal negative,Molinaro-1925[23],
71A-mnm,mnm,Manam,71A,The Prohibitive,Special imperative + special negative,"Lichtenberk-1983[384, 418]",
71A-nga,nga,Nganasan,71A,The Prohibitive,Special imperative + special negative,Helimski-1998a[506],
71A-obo,obo,Obolo,71A,The Prohibitive,Normal imperative + normal negative,Faraclas-1984[82],
71A-cay,cay,Cayapa,71A,The Prohibitive,Normal imperative + normal negative,"Vittadello-1988[58, 70]",
71A-mos,mos,Mosetén,71A,The Prohibitive,Special imperative + normal negative,,
71A-diz,diz,Dizi,71A,The Prohibitive,Special imperative + special negative,Allan-1976b[388],
71A-ppi,ppi,Pitta Pitta,71A,The Prohibitive,Normal imperative + normal negative,"Blake-1979c[203, 220]",
71A-tbu,tbu,Tubu,71A,The Prohibitive,Special imperative + special negative,"Le-Coeur-and-Le-Coeur-1956[69-70];Lukas-1953[109, 120]",
71A-kam,kam,Kambera,71A,The Prohibitive,Normal imperative + special negative,"Klamer-1998[108, 142-143]",
71A-lnd,lnd,Linda,71A,The Prohibitive,Normal imperative + normal negative,Cloarec-Heiss-1995[107],
71A-mai,mai,Maithili,71A,The Prohibitive,Normal imperative + normal negative,Yadav-1996[165],
71A-msl,msl,Masalit,71A,The Prohibitive,Normal imperative + special negative,Edgar-1989[29-30],
71A-vai,vai,Vai,71A,The Prohibitive,Special imperative + normal negative,Welmers-1976[82-94],
71A-wrl,wrl,Warlpiri,71A,The Prohibitive,Normal imperative + normal negative,Nash-1986[passim],
71A-gum,gum,Gumbaynggir,71A,The Prohibitive,Normal imperative + special negative,"Eades-1977[322, 333]",
71A-gwa,gwa,Gwari,71A,The Prohibitive,Normal imperative + normal negative,"Hyman-and-Magaji-1970[61, 118]",
71A-kws,kws,Kawaiisu,71A,The Prohibitive,Special imperative + special negative,Zigmond-et-al-1990-1991[37],
71A-lon,lon,Loniu,71A,The Prohibitive,Normal imperative + special negative,Hamel-1994[148],
71A-mde,mde,Mende,71A,The Prohibitive,Normal imperative + special negative,Aginsky-1935[65],
71A-noo,noo,Noon,71A,The Prohibitive,Special imperative + special negative,Soukka-2000[188],
71A-pno,pno,Paiute (Northern),71A,The Prohibitive,Normal imperative + special negative,Snapp-et-al-1982[12-13],
71A-kiw,kiw,Kiwai,71A,The Prohibitive,Special imperative + special negative,Ray-1933[58],
71A-ber,ber,Berta,71A,The Prohibitive,Special imperative + special negative,Triulzi-et-al-1976a[19],
71A-cmh,cmh,Chemehuevi,71A,The Prohibitive,Special imperative + normal negative,Press-1975[158],
71A-kwk,kwk,Kwakw'ala,71A,The Prohibitive,Special imperative + special negative,Boas-1911a[549],
71A-mlt,mlt,Maltese,71A,The Prohibitive,Special imperative + special negative,Borg-and-Azzopardi-Alexander-1997[27];Sutcliffe-1936[213],
71A-wrk,wrk,Warekena,71A,The Prohibitive,Normal imperative + special negative,"Aikhenvald-1998[263-264, 269]",
71A-bae,bae,Baré,71A,The Prohibitive,Normal imperative + special negative,Aikhenvald-1996[33],
71A-chc,chc,Chechen,71A,The Prohibitive,Normal imperative + special negative,Nichols-1994a[73],
71A-err,err,Erromangan,71A,The Prohibitive,Normal imperative + normal negative,Crowley-1998a[106],
71A-jeb,jeb,Jebero,71A,The Prohibitive,Special imperative + special negative,Bendor-Samuel-1961b[77],
71A-mme,mme,Mari (Meadow),71A,The Prohibitive,Special imperative + special negative,Sebeok-and-Ingemann-1961[21-22];Kangasmaa-Minn-1998[232],
71A-mby,mby,Mbay,71A,The Prohibitive,Normal imperative + special negative,Keegan-1997[71],
71A-sno,sno,Saami (Northern),71A,The Prohibitive,Normal imperative + normal negative,"Sammallahti-1998a[88];Bartens-1989[172-173, 283-284]",
71A-ukr,ukr,Ukrainian,71A,The Prohibitive,Normal imperative + normal negative,,
71A-yuk,yuk,Yukulta,71A,The Prohibitive,Special imperative + special negative,"Keen-1983[225, 241]",
71A-ttu,ttu,Tsova-Tush,71A,The Prohibitive,Normal imperative + normal negative,Holisky-and-Gagua-1994[182],
71A-ao,ao,Ao,71A,The Prohibitive,Normal imperative + special negative,"Gurubasave-1975[46, 54]",
71A-apl,apl,Apalaí,71A,The Prohibitive,Normal imperative + normal negative,"Koehn-and-Koehn-1986[62, 64-65]",
71A-fye,fye,Fyem,71A,The Prohibitive,Special imperative + normal negative,Nettle-1998[52],
71A-mro,mro,Moro,71A,The Prohibitive,Special imperative + special negative,Black-and-Black-1971[70],
71A-tvo,tvo,Tatar,71A,The Prohibitive,Normal imperative + normal negative,Poppe-1968[62-64];Berta-1998[294],
71A-tpn,tpn,Tepehuan (Northern),71A,The Prohibitive,Normal imperative + normal negative,Bascom-1982[278],
71A-udh,udh,Udihe,71A,The Prohibitive,Normal imperative + normal negative,Nikolaeva-and-Tolskaya-2001[222],
71A-oss,oss,Ossetic,71A,The Prohibitive,Special imperative + special negative,Abaev-1964[80],
71A-tas,tas,Tashlhiyt,71A,The Prohibitive,Normal imperative + normal negative,Sadiqi-1997[158-159],
71A-amr,amr,Arabic (Moroccan),71A,The Prohibitive,Special imperative + normal negative,Marcais-1977[275-279];Caubet-1993[162],
71A-evn,evn,Even,71A,The Prohibitive,Special imperative + normal negative,Malchukov-2001[161],
71A-tah,tah,Tahitian,71A,The Prohibitive,Special imperative + special negative,"Lazard-and-Peltzer-1999[145, 158]",
71A-cze,cze,Czech,71A,The Prohibitive,Normal imperative + normal negative,"Short-1993a[499, 510]",
71A-dsh,dsh,Danish,71A,The Prohibitive,Normal imperative + normal negative,,
71A-kwa,kwa,Kwaio,71A,The Prohibitive,Special imperative + special negative,Keesing-1985[passim],
71A-shu,shu,Shuswap,71A,The Prohibitive,Special imperative + special negative,Kuipers-1974[81-82],
71A-so,so,So,71A,The Prohibitive,Normal imperative + normal negative,Carlin-1993[35-36],
71A-ctl,ctl,Catalan,71A,The Prohibitive,Special imperative + normal negative,Hualde-1992[passim],
71A-por,por,Portuguese,71A,The Prohibitive,Special imperative + normal negative,,
71A-chr,chr,Chrau,71A,The Prohibitive,Normal imperative + special negative,"Thomas-1971[183, 198]",
71A-est,est,Estonian,71A,The Prohibitive,Special imperative + normal negative,Oinas-1966[307-308],
71A-mum,mum,Mumuye,71A,The Prohibitive,Normal imperative + normal negative,Shimuzu-1983[119],
71A-ter,ter,Tera,71A,The Prohibitive,Special imperative + normal negative,Newman-1970[124],
71A-wiy,wiy,Wiyot,71A,The Prohibitive,Special imperative + special negative,"Teeter-1964[89, 104]",
71A-bab,bab,Babungo,71A,The Prohibitive,Special imperative + special negative,"Schaub-1985[24, 91]",
71A-brr,brr,Bororo,71A,The Prohibitive,Special imperative + special negative,Crowell-1979[63-64],
71A-djp,djp,Djapu,71A,The Prohibitive,Normal imperative + normal negative,Morphy-1983[142],
71A-mam,mam,Mam,71A,The Prohibitive,Normal imperative + special negative,England-1983[247];Collins-1994[374-375],
71A-nca,nca,Nicobarese (Car),71A,The Prohibitive,Normal imperative + special negative,Braine-1970[231],
71A-ttn,ttn,Tetun,71A,The Prohibitive,Normal imperative + special negative,"van-Klinken-1999[208, 226]",
71A-arg,arg,Arabic (Gulf),71A,The Prohibitive,Normal imperative + special negative,Holes-1990[72],
71A-nun,nun,Nung (in Vietnam),71A,The Prohibitive,Normal imperative + special negative,"Saul-and-Wilson-1980[12, 47]",
71A-bsk,bsk,Bashkir,71A,The Prohibitive,Normal imperative + normal negative,"Poppe-1964[46, 94]",
71A-mns,mns,Mansi,71A,The Prohibitive,Normal imperative + special negative,Keresztes-1998[420],
71A-mna,mna,Muna,71A,The Prohibitive,Normal imperative + special negative,van-den-Berg-1989b[228-229],
71A-scr,scr,Serbian-Croatian,71A,The Prohibitive,Normal imperative + normal negative,Kordic-1997[49],
71A-tin,tin,Tinrin,71A,The Prohibitive,Normal imperative + special negative,Osumi-1995[236],
71A-ava,ava,Avar,71A,The Prohibitive,Normal imperative + special negative,Charachidze-1981[105-106],
71A-lim,lim,Limbu,71A,The Prohibitive,Normal imperative + special negative,van-Driem-1987[187-193],
71A-miy,miy,Miya,71A,The Prohibitive,Special imperative + special negative,"Schuh-1998[143, 145]",
71A-tna,tna,Turkana,71A,The Prohibitive,Special imperative + normal negative,Dimmendaal-1983a[442-448],
71A-uzb,uzb,Uzbek,71A,The Prohibitive,Normal imperative + normal negative,"Raun-1969[10, 80-81]",
71A-kty,kty,Khanty,71A,The Prohibitive,Normal imperative + special negative,Nikolaeva-1999[29],
71A-mym,mym,Malayalam,71A,The Prohibitive,Normal imperative + special negative,"Asher-and-Kumari-1997[35, 152, 334]",
71A-tel,tel,Telugu,71A,The Prohibitive,Normal imperative + special negative,"Subrahmanyam-1974[20, 134-137, 153-154];Krishnamurti-and-Gwynn-1985[163-167]",
71A-klm,klm,Klamath,71A,The Prohibitive,Normal imperative + normal negative,Stegnij-2001[88],
71A-tgr,tgr,Tigré,71A,The Prohibitive,Special imperative + normal negative,Raz-1983[76],
71A-tuv,tuv,Tuvan,71A,The Prohibitive,Normal imperative + special negative,Anderson-and-Harrison-1999[53-54],
71A-hat,hat,Hatam,71A,The Prohibitive,Normal imperative + normal negative,,
71A-mok,mok,Mokilese,71A,The Prohibitive,Normal imperative + special negative,Harrison-and-Albert-1976[176-177],
71A-nor,nor,Norwegian,71A,The Prohibitive,Normal imperative + normal negative,,
71A-ret,ret,Retuarã,71A,The Prohibitive,Special imperative + special negative,"Strom-1992[137, 145-147]",
71A-tau,tau,Tauya,71A,The Prohibitive,Normal imperative + special negative,MacDonald-1990[212-213],
71A-ijo,ijo,Ijo (Kolokuma),71A,The Prohibitive,Normal imperative + special negative,Williamson-1965[76],
71A-luo,luo,Luo,71A,The Prohibitive,Special imperative + special negative,Stafford-1967[38],
71A-pal,pal,Palauan,71A,The Prohibitive,Normal imperative + normal negative,Josephs-1975[397-400],
71A-sel,sel,Selknam,71A,The Prohibitive,Normal imperative + special negative,"Najlis-1973[12, 60]",
71A-wao,wao,Waorani,71A,The Prohibitive,Normal imperative + normal negative,Peeke-1994[276],
71A-wap,wap,Wappo,71A,The Prohibitive,Normal imperative + normal negative,Radin-1929[139],
71A-akn,akn,Akan,71A,The Prohibitive,Normal imperative + normal negative,Christaller-1875[60],
71A-bri,bri,Bribri,71A,The Prohibitive,Special imperative + special negative,Constenla-Umana-et-al-1979[55];Schlablach-and-Levinsohn-1983[160-162],
71A-kis,kis,Kisi,71A,The Prohibitive,Normal imperative + normal negative,Childs-1995[passim],
71A-kon,kon,Kongo,71A,The Prohibitive,Normal imperative + special negative,Bentley-1887[652],
71A-lug,lug,Lugbara,71A,The Prohibitive,Normal imperative + normal negative,Crazzolara-1960[passim],
71A-tsh,tsh,Tümpisa Shoshone,71A,The Prohibitive,Normal imperative + normal negative,"Dayley-1989a[42-43, 320]",
71A-wel,wel,Welsh,71A,The Prohibitive,Normal imperative + special negative,King-1993a[227],
71A-yap,yap,Yapese,71A,The Prohibitive,Normal imperative + special negative,Jensen-et-al-1977a[211],
71A-iaa,iaa,Iaai,71A,The Prohibitive,Normal imperative + normal negative,Tryon-1968[57],
71A-jaq,jaq,Jaqaru,71A,The Prohibitive,Special imperative + normal negative,"Hardman-1966[62-64, 122]",
71A-ton,ton,Tonkawa,71A,The Prohibitive,Normal imperative + normal negative,Hoijer-1972[305];Hoijer-1946b[305],
71A-mhi,mhi,Marathi,71A,The Prohibitive,Special imperative + special negative,"Pandharipande-1997[55-57, 182-188]",
71A-pip,pip,Pipil,71A,The Prohibitive,Normal imperative + special negative,Campbell-1985[116-117],
71A-die,die,Diegueño (Mesa Grande),71A,The Prohibitive,Normal imperative + normal negative,Langdon-1970[182];Couro-and-Langdon-1975[70],
71A-ice,ice,Icelandic,71A,The Prohibitive,Normal imperative + normal negative,Thrainsson-1994[187];Petursson-1978[99],
71A-pan,pan,Panjabi,71A,The Prohibitive,Normal imperative + special negative,Bhatia-1993[40],
71A-lak,lak,Lak,71A,The Prohibitive,Normal imperative + special negative,Zhirkov-1955[119-121],
71A-eka,eka,Ekari,71A,The Prohibitive,Normal imperative + normal negative,Drabbe-1952[42],
71A-ham,ham,Hamtai,71A,The Prohibitive,Normal imperative + normal negative,Oates-and-Oates-1968[61-62],
71A-mac,mac,Macushi,71A,The Prohibitive,Normal imperative + special negative,Abbott-1991[52],
71A-mrd,mrd,Marind,71A,The Prohibitive,Normal imperative + special negative,Drabbe-1955[132],
71A-mab,mab,Maba,71A,The Prohibitive,Special imperative + special negative,Trenga-1947[139],
71A-swe,swe,Swedish,71A,The Prohibitive,Normal imperative + normal negative,Holmes-and-Hinchliffe-1994[521-524],
71A-wlf,wlf,Wolof,71A,The Prohibitive,Normal imperative + special negative,Nussbaum-et-al-1970[366-372];Sauvageot-1965[121];Church-1981[76],
71A-ace,ace,Acehnese,71A,The Prohibitive,Normal imperative + special negative,"Durie-1985[29, passim]",
71A-chv,chv,Chuvash,71A,The Prohibitive,Normal imperative + special negative,Krueger-1961[159],
71A-dut,dut,Dutch,71A,The Prohibitive,Normal imperative + normal negative,,
71A-kas,kas,Kashmiri,71A,The Prohibitive,Normal imperative + special negative,"Wali-and-Koul-1997[42-43, 114]",
71A-pur,pur,Purépecha,71A,The Prohibitive,Normal imperative + special negative,Chamoreau-1998[59-60],
71A-una,una,Una,71A,The Prohibitive,Special imperative + special negative,Louwerse-1988[89],
71A-dyi,dyi,Dyirbal,71A,The Prohibitive,Special imperative + special negative,Dixon-1972[111-112],
71A-haw,haw,Hawaiian,71A,The Prohibitive,Normal imperative + special negative,Elbert-and-Pukui-1979[61],
71A-ita,ita,Italian,71A,The Prohibitive,Special imperative + normal negative,Maiden-and-Robustelli-2000[247-248],
71A-lit,lit,Lithuanian,71A,The Prohibitive,Normal imperative + normal negative,,
71A-rom,rom,Romanian,71A,The Prohibitive,Special imperative + normal negative,Mallinson-1988[410],
71A-tml,tml,Tamil,71A,The Prohibitive,Special imperative + special negative,Lehmann-1993[55-56],
71A-bul,bul,Bulgarian,71A,The Prohibitive,Special imperative + special negative,Feuillet-1995[38-39];Beaulieux-1950[329],
71A-pso,pso,Pomo (Southeastern),71A,The Prohibitive,Normal imperative + normal negative,Moshinsky-1974[66-67],
71A-zun,zun,Zuni,71A,The Prohibitive,Normal imperative + special negative,Newman-1965[73-74],
71A-snt,snt,Sentani,71A,The Prohibitive,Normal imperative + special negative,Cowan-1965[22];Hartzler-1994[55-57],
71A-krb,krb,Kiribati,71A,The Prohibitive,Normal imperative + special negative,Groves-et-al-1985[80],
71A-ypk,ypk,Yup'ik (Central),71A,The Prohibitive,Normal imperative + normal negative,"Reed-et-al-1977[211-215, 220-226]",
71A-cnt,cnt,Cantonese,71A,The Prohibitive,Normal imperative + special negative,"Matthews-and-Yip-1994[256-257, 363-365]",
71A-fur,fur,Fur,71A,The Prohibitive,Normal imperative + special negative,Jakobi-1990[117],
71A-pol,pol,Polish,71A,The Prohibitive,Normal imperative + normal negative,"Rothstein-1993[728, 740]",
71A-ker,ker,Kera,71A,The Prohibitive,Special imperative + special negative,"Ebert-1979[63, 93-94]",
71A-lad,lad,Ladakhi,71A,The Prohibitive,Normal imperative + special negative,Koshal-1979[244],
71A-lep,lep,Lepcha,71A,The Prohibitive,Special imperative + special negative,Mainwaring-1876[110];Mainwaring-1971[110],
71A-alb,alb,Albanian,71A,The Prohibitive,Normal imperative + special negative,"Buchholz-and-Fiedler-1987[171-172];Newmark-et-al-1982[56-57, 318]",
71A-bam,bam,Bambara,71A,The Prohibitive,Special imperative + special negative,Brauner-1974[80],
71A-kyl,kyl,Kayah Li (Eastern),71A,The Prohibitive,Normal imperative + special negative,Solnit-1997[229-233],
71A-mak,mak,Makah,71A,The Prohibitive,Special imperative + normal negative,,
71A-tsi,tsi,Tsimshian (Coast),71A,The Prohibitive,Normal imperative + special negative,"Dunn-1979[73-75, 77];Boas-1911c[408]",
71A-tun,tun,Tunica,71A,The Prohibitive,Special imperative + special negative,Haas-1940[125],
71A-mku,mku,Maranungku,71A,The Prohibitive,Normal imperative + special negative,Tryon-1970b[53-54],
71A-psm,psm,Passamaquoddy-Maliseet,71A,The Prohibitive,Special imperative + special negative,"Leavitt-1996[43, 54]",
71A-pit,pit,Pitjantjatjara,71A,The Prohibitive,Normal imperative + normal negative,Bowe-1990[passim];Eckert-and-Hudson-1988[216-218],
71A-amh,amh,Amharic,71A,The Prohibitive,Special imperative + special negative,"Bentolila-and-Shimelis-1998[173];Leslau-1995[348-349, 353, 824-825]",
71A-ana,ana,Araona,71A,The Prohibitive,Special imperative + special negative,Pitman-1980[36-37],
71A-dio,dio,Diola-Fogny,71A,The Prohibitive,Special imperative + special negative,Sapir-1965[43],
71A-arm,arm,Armenian (Eastern),71A,The Prohibitive,Normal imperative + special negative,Kozintseva-1995[49-50];Kozintseva-2001[249],
71A-aym,aym,Aymara (Central),71A,The Prohibitive,Normal imperative + special negative,Grondin-1973[passim],
71A-baw,baw,Bawm,71A,The Prohibitive,Normal imperative + special negative,Reichle-1981[75],
71A-nbd,nbd,Nubian (Dongolese),71A,The Prohibitive,Normal imperative + special negative,Armbruster-1960[205-206],
71A-wrd,wrd,Wardaman,71A,The Prohibitive,Special imperative + normal negative,Merlan-1994[186],
71A-kmu,kmu,Khmu',71A,The Prohibitive,Normal imperative + special negative,Smalley-1961[100],
71A-pai,pai,Paiwan,71A,The Prohibitive,Special imperative + special negative,"Egli-1990[274-275, 282]",
71A-bej,bej,Beja,71A,The Prohibitive,Normal imperative + special negative,Hudson-1964[133],
71A-dre,dre,Drehu,71A,The Prohibitive,Special imperative + special negative,Moyse-Faurie-1983[197],
71A-gar,gar,Garo,71A,The Prohibitive,Special imperative + special negative,Burling-1961[28],
71A-pms,pms,Paamese,71A,The Prohibitive,Special imperative + special negative,Crowley-1982[134],
71A-sml,sml,Semelai,71A,The Prohibitive,Normal imperative + special negative,"Kruspe-1999[518-519, 532, 538-541]",
71A-yur,yur,Yurok,71A,The Prohibitive,Special imperative + normal negative,"Robins-1958[105, 111]",
71A-otm,otm,Otomí (Mezquital),71A,The Prohibitive,Normal imperative + special negative,Hekking-and-Andres-de-Jesus-1984[154],
71A-igb,igb,Igbo,71A,The Prohibitive,Normal imperative + normal negative,Green-and-Igwe-1963[115-117],
71A-cah,cah,Cahuilla,71A,The Prohibitive,Special imperative + normal negative,"Sauvel-and-Munro-1981[94, 100]",
71A-cle,cle,Chinantec (Lealao),71A,The Prohibitive,Special imperative + normal negative,"Rupp-1989[11, 93-94]",
71A-knm,knm,Kunama,71A,The Prohibitive,Normal imperative + special negative,Bender-1996[35-36],
71A-nav,nav,Navajo,71A,The Prohibitive,Special imperative + special negative,"Young-and-Morgan-1987[163, 204]",
71A-zqc,zqc,Zoque (Copainalá),71A,The Prohibitive,Special imperative + special negative,"Harrison-et-al-1981[436, 446]",
71A-bkr,bkr,Batak (Karo),71A,The Prohibitive,Normal imperative + special negative,"Woollams-1996[240, 251-253]",
71A-cmn,cmn,Comanche,71A,The Prohibitive,Special imperative + special negative,Robinson-and-Armagost-1990[266];Charney-1993[217],
71A-iri,iri,Irish,71A,The Prohibitive,Normal imperative + special negative,O-Siadhail-1989[179];Lucas-1979[198],
71A-nko,nko,Nkore-Kiga,71A,The Prohibitive,Normal imperative + special negative,"Taylor-1985[13, 58-59, 164]",
71A-squ,squ,Squamish,71A,The Prohibitive,Special imperative + special negative,"Kuipers-1967[194, 199]",
71A-tru,tru,Trumai,71A,The Prohibitive,Special imperative + normal negative,Monod-Becquelin-1975[214];Guirardello-1999a[251],
71A-dni,dni,Dani (Lower Grand Valley),71A,The Prohibitive,Special imperative + special negative,Bromley-1981[39-40],
71A-nen,nen,Nenets,71A,The Prohibitive,Special imperative + special negative,Sammallahti-1974[83];Salminen-1998[534],
71A-urk,urk,Urubú-Kaapor,71A,The Prohibitive,Normal imperative + normal negative,Kakumasu-1986[356],
71A-coo,coo,Coos (Hanis),71A,The Prohibitive,Normal imperative + normal negative,,
71A-cre,cre,Cree (Plains),71A,The Prohibitive,Normal imperative + special negative,Wolfart-1996[41],
71A-nht,nht,Nahuatl (Tetelcingo),71A,The Prohibitive,Normal imperative + normal negative,Tuggy-1979[32],
71A-yim,yim,Yimas,71A,The Prohibitive,Special imperative + special negative,Foley-1991[275-276],
71A-ika,ika,Ika,71A,The Prohibitive,Normal imperative + special negative,Frank-1985[118];Frank-1990[89],
71A-kse,kse,Koyraboro Senni,71A,The Prohibitive,Special imperative + special negative,Heath-1999a[165],
71A-mun,mun,Mundari,71A,The Prohibitive,Special imperative + special negative,Nottrott-1882[50-51];Osada-1992[86-88];Sinha-1975[158],
71A-yid,yid,Yidiny,71A,The Prohibitive,Normal imperative + special negative,Dixon-1977a[371-373],
71A-krk,krk,Karok,71A,The Prohibitive,Special imperative + special negative,Bright-1957[61],
71A-brs,brs,Barasano,71A,The Prohibitive,Normal imperative + normal negative,Jones-and-Jones-1991[126],
71A-tab,tab,Taba,71A,The Prohibitive,Normal imperative + special negative,"Bowden-1997a[387, 389-390]",
71A-aco,aco,Acoma,71A,The Prohibitive,Normal imperative + special negative,Miller-1965[123],
71A-pau,pau,Paumarí,71A,The Prohibitive,Normal imperative + special negative,Chapman-and-Derbyshire-1991[218],
71A-arp,arp,Arapesh (Mountain),71A,The Prohibitive,Normal imperative + special negative,"Conrad-and-Wogiga-1991[43, 129];Fortune-1942[77]",
71A-ond,ond,Oneida,71A,The Prohibitive,Normal imperative + special negative,"Abbott-2000[20, 56]",
71A-ewe,ewe,Ewe,71A,The Prohibitive,Normal imperative + special negative,Westermann-1961[19];Pasch-1995[46];Agbodjo-and-Litvinov-2001[399-400],
71A-grb,grb,Grebo,71A,The Prohibitive,Special imperative + special negative,Innes-1966[73],
71A-hmo,hmo,Hmong Njua,71A,The Prohibitive,Normal imperative + special negative,"Harriehausen-1990[182, 218]",
71A-khm,khm,Khmer,71A,The Prohibitive,Normal imperative + special negative,Jacob-1968[108];Spatar-2001[482],
71A-kio,kio,Kiowa,71A,The Prohibitive,Special imperative + special negative,Watkins-and-McKenzie-1984[214],
71A-wic,wic,Wichita,71A,The Prohibitive,Normal imperative + normal negative,,
71A-juh,juh,Ju|'hoan,71A,The Prohibitive,Normal imperative + special negative,Dickens-nd[24];Snyman-1970[144],
71A-klv,klv,Kilivila,71A,The Prohibitive,Normal imperative + special negative,Senft-1986[100],
71A-nug,nug,Nunggubuyu,71A,The Prohibitive,Normal imperative + special negative,"Heath-1984[339, 343]",
71A-irq,irq,Iraqw,71A,The Prohibitive,Normal imperative + special negative,Mous-1992[165],
71A-kew,kew,Kewa,71A,The Prohibitive,Normal imperative + normal negative,Franklin-and-Franklin-1978[61],
71A-snm,snm,Sanuma,71A,The Prohibitive,Normal imperative + special negative,Borgman-1990[78-79],
71A-shk,shk,Shipibo-Konibo,71A,The Prohibitive,Normal imperative + normal negative,"Faust-1973[17, 18]",
71A-epe,epe,Epena Pedee,71A,The Prohibitive,Normal imperative + special negative,Harms-1994[129],
71A-ket,ket,Ket,71A,The Prohibitive,Normal imperative + special negative,"Werner-1997b[181, 287]",
71A-koa,koa,Koasati,71A,The Prohibitive,Special imperative + special negative,Kimball-1991[263],
71A-luv,luv,Luvale,71A,The Prohibitive,Special imperative + special negative,Horton-1949[115],
71A-san,san,Sango,71A,The Prohibitive,Normal imperative + normal negative,"Samarin-1967b[148, 150]",
71A-bag,bag,Bagirmi,71A,The Prohibitive,Normal imperative + normal negative,"Stevenson-1969[91, 95]",
71A-hzb,hzb,Hunzib,71A,The Prohibitive,Special imperative + special negative,"van-den-Berg-1995[76-77, 87]",
71A-ing,ing,Ingush,71A,The Prohibitive,Normal imperative + special negative,"Nichols-1994b[109, 139-140];Guerin-1998[261];Handel-and-Nichols-2000[13]",
71A-mau,mau,Maung,71A,The Prohibitive,Special imperative + special negative,Capell-and-Hinch-1970[67],
71A-kfe,kfe,Koromfe,71A,The Prohibitive,Special imperative + special negative,"Rennison-1997[39-40, 98]",
71A-qim,qim,Quechua (Imbabura),71A,The Prohibitive,Normal imperative + special negative,Cole-1982[31],
71A-ram,ram,Rama,71A,The Prohibitive,Special imperative + special negative,Grinevald-nd[180],
71A-wch,wch,Wichí,71A,The Prohibitive,Special imperative + special negative,"Vinas-Urquiza-1974[73, 103]",
71A-yag,yag,Yagua,71A,The Prohibitive,Normal imperative + normal negative,Payne-and-Payne-1990[314],
71A-bma,bma,Berber (Middle Atlas),71A,The Prohibitive,Special imperative + normal negative,,
71A-wra,wra,Warao,71A,The Prohibitive,Normal imperative + normal negative,Romero-Figueroa-1997[101],
71A-imo,imo,Imonda,71A,The Prohibitive,Special imperative + special negative,Seiler-1985[175-176],
71A-awp,awp,Awa Pit,71A,The Prohibitive,Special imperative + special negative,Curnow-1997[243-247],
71A-kob,kob,Kobon,71A,The Prohibitive,Normal imperative + normal negative,"Davies-1981b[23, 78]",
71A-lat,lat,Latvian,71A,The Prohibitive,Normal imperative + normal negative,Nau-1998[passim],
71A-mar,mar,Maricopa,71A,The Prohibitive,Normal imperative + normal negative,Gordon-1986[184],
71A-ala,ala,Alamblak,71A,The Prohibitive,Special imperative + special negative,Bruce-1984[140],
71A-goo,goo,Gooniyandi,71A,The Prohibitive,Special imperative + normal negative,McGregor-1990[542],
71A-mxc,mxc,Mixtec (Chalcatongo),71A,The Prohibitive,Normal imperative + special negative,Macaulay-1996[136-137],
71A-lav,lav,Lavukaleve,71A,The Prohibitive,Special imperative + special negative,Terrill-1999[308],
71A-rap,rap,Rapanui,71A,The Prohibitive,Normal imperative + normal negative,Du-Feu-1996[39],
71A-ain,ain,Ainu,71A,The Prohibitive,Normal imperative + special negative,Shibatani-1990[82];Tamura-2000[passim];Refsing-1986[138],
71A-jak,jak,Jakaltek,71A,The Prohibitive,Special imperative + normal negative,Day-1973[38-39],
71A-lkt,lkt,Lakhota,71A,The Prohibitive,Normal imperative + normal negative,"Boas-and-Deloria-1941[105, 112]",
71A-mrt,mrt,Martuthunira,71A,The Prohibitive,Special imperative + normal negative,"Dench-1995[149, 178-179]",
71A-war,war,Wari',71A,The Prohibitive,Normal imperative + special negative,"Everett-and-Kern-1997[36-37, 172-173, 322]",
71A-gua,gua,Guaraní,71A,The Prohibitive,Special imperative + special negative,Krivoshein-de-Canese-1983[90],
71A-kho,kho,Khoekhoe,71A,The Prohibitive,Normal imperative + special negative,Bohm-1985[230];Hagman-1973[274],
71A-mei,mei,Meithei,71A,The Prohibitive,Special imperative + special negative,Bhat-and-Ningomba-1997[332-333];Chelliah-1997[135],
71A-ngi,ngi,Ngiyambaa,71A,The Prohibitive,Special imperative + special negative,Donaldson-1980[239],
71A-brm,brm,Burmese,71A,The Prohibitive,Normal imperative + special negative,"Okell-1969[119, 173, 363, 442];Cornyn-and-Roop-1968[162]",
71A-kro,kro,Krongo,71A,The Prohibitive,Special imperative + special negative,"Reh-1985[197, 370-374]",
71A-myi,myi,Mangarrayi,71A,The Prohibitive,Normal imperative + special negative,Merlan-1982[142],
71A-tiw,tiw,Tiwi,71A,The Prohibitive,Special imperative + special negative,"Osborne-1974[44, 69]",
71A-knr,knr,Kanuri,71A,The Prohibitive,Special imperative + special negative,Hutchison-1976[53-54],
71A-kay,kay,Kayardild,71A,The Prohibitive,Special imperative + special negative,Evans-1995[256-257],
71A-map,map,Mapudungun,71A,The Prohibitive,Special imperative + special negative,Smeets-1989[236-237],
71A-yko,yko,Yukaghir (Kolyma),71A,The Prohibitive,Normal imperative + special negative,Maslova-1999[177],
71A-may,may,Maybrat,71A,The Prohibitive,Normal imperative + special negative,Dol-1999[208],
71A-tuk,tuk,Tukang Besi,71A,The Prohibitive,Special imperative + special negative,Donohue-1999a[453-454],
71A-bur,bur,Burushaski,71A,The Prohibitive,Normal imperative + normal negative,Berger-1974[33-34];Lorimer-1935[317-319];Berger-1998[106],
71A-cha,cha,Chamorro,71A,The Prohibitive,Normal imperative + special negative,Topping-1973[267-268],
71A-chk,chk,Chukchi,71A,The Prohibitive,Special imperative + special negative,"Nedjalkov-1994a[327];Dunn-1999[74, 328-329]",
71A-fij,fij,Fijian,71A,The Prohibitive,Normal imperative + special negative,"Churchward-1973[25];Dixon-1988[281, 294]",
71A-heb,heb,Hebrew (Modern),71A,The Prohibitive,Special imperative + special negative,Berman-1997[328];Malygina-2001[277];Glinert-1989[294],
71A-lan,lan,Lango,71A,The Prohibitive,Special imperative + special negative,Noonan-1992[143],
71A-orh,orh,Oromo (Harar),71A,The Prohibitive,Normal imperative + special negative,Owens-1985[67],
71A-tha,tha,Thai,71A,The Prohibitive,Normal imperative + special negative,Needleman-1973[24],
71A-yaq,yaq,Yaqui,71A,The Prohibitive,Special imperative + special negative,Dedrick-and-Casad-1999[99-98],
71A-zul,zul,Zulu,71A,The Prohibitive,Special imperative + special negative,Doke-1927[165];Canonici-1995[71-72],
71A-aeg,aeg,Arabic (Egyptian),71A,The Prohibitive,Special imperative + normal negative,Gary-and-Gamal-Eldin-1982[38-39],
71A-grw,grw,Greenlandic (West),71A,The Prohibitive,Special imperative + special negative,Fortescue-1984[27],
71A-hix,hix,Hixkaryana,71A,The Prohibitive,Normal imperative + normal negative,Derbyshire-1979[18],
71A-swa,swa,Swahili,71A,The Prohibitive,Special imperative + special negative,Wilson-1970[9-10],
71A-vie,vie,Vietnamese,71A,The Prohibitive,Normal imperative + special negative,"Bystrov-and-Stankevich-2001[469];Thompson-1965[221];Nguyen-1974b[108, 149-153, 232-237, 242]",
71A-hin,hin,Hindi,71A,The Prohibitive,Normal imperative + special negative,McGregor-1992a[39-41];Kachru-1980[109-110],
71A-ckr,ckr,Canela-Krahô,71A,The Prohibitive,Normal imperative + normal negative,Popjes-and-Popjes-1986[158],
71A-tag,tag,Tagalog,71A,The Prohibitive,Normal imperative + special negative,Rachkov-2001[440];Schachter-and-Otanes-1983[523],
71A-knd,knd,Kannada,71A,The Prohibitive,Special imperative + special negative,Sridhar-1990[36-37],
71A-kha,kha,Khalkha,71A,The Prohibitive,Normal imperative + special negative,Poppe-1970[128];Kuzmenkov-2001[101-102],
71A-mal,mal,Malagasy,71A,The Prohibitive,Special imperative + special negative,Dez-1980b[167-168];Builles-1998[238],
71A-sup,sup,Supyire,71A,The Prohibitive,Normal imperative + special negative,Carlson-1994[524],
71A-hau,hau,Hausa,71A,The Prohibitive,Special imperative + special negative,Cowan-and-Schuh-1976[166];Dobronravin-and-Smirnova-2001[345-346];Smirnova-1982[58],
71A-mao,mao,Maori,71A,The Prohibitive,Special imperative + special negative,"Bauer-1993[35, 139-143];Harlow-1996[25, 35];Polinsky-2001[412]",
71A-bsq,bsq,Basque,71A,The Prohibitive,Normal imperative + normal negative,Saltarelli-et-al-1988[92],
71A-abk,abk,Abkhaz,71A,The Prohibitive,Special imperative + normal negative,"Hewitt-and-Khiba-1979[70, 189];Hewitt-1989a[57]",
71A-eve,eve,Evenki,71A,The Prohibitive,Normal imperative + normal negative,"Nedjalkov-1994b[24];Nedjalkov-1997[19-20, 96]",
71A-kor,kor,Korean,71A,The Prohibitive,Normal imperative + special negative,"Chang-1996[101];Sohn-1994[43, 131]",
71A-prs,prs,Persian,71A,The Prohibitive,Normal imperative + normal negative,"Mahootian-1997[27, 87];Lazard-1992[162, 164]",
71A-ame,ame,Amele,71A,The Prohibitive,Special imperative + special negative,"Roberts-1987[49, 110]",
71A-ger,ger,German,71A,The Prohibitive,Normal imperative + normal negative,,
71A-grk,grk,Greek (Modern),71A,The Prohibitive,Special imperative + special negative,Joseph-and-Philippaki-Warburton-1987[16-17],
71A-lez,lez,Lezgian,71A,The Prohibitive,Special imperative + special negative,"Haspelmath-1993[128-130, 149-150]",
71A-jpn,jpn,Japanese,71A,The Prohibitive,Normal imperative + special negative,Sansom-1995[146-147];Alpatov-2001[118-119],
71A-mnd,mnd,Mandarin,71A,The Prohibitive,Normal imperative + special negative,Li-and-Thompson-1981[455-456],
71A-hun,hun,Hungarian,71A,The Prohibitive,Normal imperative + special negative,"Kenesei-et-al-1998[113, 312]",
71A-ind,ind,Indonesian,71A,The Prohibitive,Normal imperative + special negative,"Sneddon-1996a[195, 325];Salim-2001[432]",
71A-fin,fin,Finnish,71A,The Prohibitive,Normal imperative + special negative,"Sulkala-and-Karjalainen-1992[25, 115];Karlsson-2000[183]",
71A-rus,rus,Russian,71A,The Prohibitive,Normal imperative + normal negative,,
71A-spa,spa,Spanish,71A,The Prohibitive,Special imperative + normal negative,,
71A-tur,tur,Turkish,71A,The Prohibitive,Normal imperative + normal negative,Kornfilt-1997[43];van-Schaaik-1994[38];Nemeth-1962[66],
71A-fre,fre,French,71A,The Prohibitive,Normal imperative + normal negative,,
71A-eng,eng,English,71A,The Prohibitive,Normal imperative + normal negative,,
71A-tms,tms,Tommo So,71A,The Prohibitive,Normal imperative + special negative,,
71A-acu,acu,Achuar,71A,The Prohibitive,Special imperative + special negative,"Fast-and-Fast-1981[68, 93]",
71A-ndy,ndy,Ndyuka,71A,The Prohibitive,Normal imperative + normal negative,"Huttar-and-Huttar-1994[57-58, 253]",
71A-nbm,nbm,Ngbaka (Ma'bo),71A,The Prohibitive,Normal imperative + special negative,Thomas-1963[248],
