ID,Language_ID,Language_name,Parameter_ID,Parameter_name,Value,Source,Comment
13A-kgi,kgi,Konyagi,13A,Tone,Simple tone system,Santos-1977,
13A-brb,brb,Bariba,13A,Tone,Complex tone system,Welmers-1952a,
13A-koh,koh,Kohumono,13A,Tone,Complex tone system,Cook-1969b,
13A-mrn,mrn,Maranao,13A,Tone,No tones,McKaughan-1958;McKaughan-and-Macaraya-1967,
13A-mxm,mxm,Mixtec (Molinos),13A,Tone,Complex tone system,Hunter-and-Pike-1969,
13A-tks,tks,Teke (Southern),13A,Tone,Simple tone system,Paulian-1975,
13A-wdo,wdo,Western Desert (Ooldea),13A,Tone,No tones,Douglas-1964;Douglas-1955,
13A-wuc,wuc,Wu (Changzhou),13A,Tone,Complex tone system,Chao-1970,
13A-ald,ald,Alladian,13A,Tone,Simple tone system,Dumestre-and-Duponchel-1971;Duponchel-1971,
13A-bki,bki,Bakairí,13A,Tone,No tones,Wheatley-1969;Wheatley-1973,
13A-brd,brd,Bardi,13A,Tone,No tones,Metcalfe-1971,
13A-bee,bee,Beembe,13A,Tone,Simple tone system,Jacquot-1962;Jacquot-1981,
13A-bbf,bbf,Bobo Madaré (Northern),13A,Tone,Complex tone system,Bris-and-Prost-1981;Morse-1976,
13A-brw,brw,Bru (Western),13A,Tone,No tones,Thongkum-1979,
13A-cad,cad,Caddo,13A,Tone,Simple tone system,Chafe-1976;Chafe-1979,
13A-dad,dad,Dadibi,13A,Tone,Simple tone system,MacDonald-1973,
13A-ddf,ddf,Daju (Dar Fur),13A,Tone,No tones,Thelwall-1981;Tucker-and-Bryan-1966,
13A-dnw,dnw,Dangaléat (Western),13A,Tone,Simple tone system,Fedry-1977,
13A-dar,dar,Darai,13A,Tone,No tones,Kotapish-and-Kotapish-1973;Kotapish-and-Kotapish-1975,
13A-det,det,Deti,13A,Tone,Simple tone system,Vossen-1997,
13A-dts,dts,Toro So,13A,Tone,Simple tone system,Bendor-Samuel-et-al-1989;Plungian-1995,
13A-fuz,fuz,Fuzhou,13A,Tone,Complex tone system,Chan-1985;Chen-and-Norman-1965;Hanyu-1960;Norman-1988,
13A-gla,gla,Gelao,13A,Tone,Complex tone system,He-1981;He-1983,
13A-had,had,Hadza,13A,Tone,Simple tone system,Sands-et-al-1996;Tucker-et-al-1977,
13A-hba,hba,Hebrew (Modern Ashkenazic),13A,Tone,No tones,Bolozky-1978;Bolozky-1997,
13A-ird,ird,Irish (Donegal),13A,Tone,No tones,Ni-Chasaide-1999;O-Dochartaigh-1992,
13A-iso,iso,Isoko,13A,Tone,Simple tone system,Donwa-1982,
13A-ivs,ivs,Ivatan (Southern),13A,Tone,No tones,Cottle-and-Cottle-1958;Heye-and-Hidalgo-1967;Hidalgo-and-Hidalgo-1971,
13A-jpr,jpr,Japreria,13A,Tone,No tones,Durbin-and-Seijas-1972,
13A-jom,jom,Jomang,13A,Tone,Simple tone system,Schadeberg-1981a,
13A-kzh,kzh,Kam (Zhanglu),13A,Tone,Complex tone system,Zheng-and-Quan-1988,
13A-ked,ked,Kedang,13A,Tone,No tones,Korner-1985;Samely-1991,
13A-kss,kss,Kisi (Southern),13A,Tone,Simple tone system,Childs-1995,
13A-kpa,kpa,Kpan,13A,Tone,Complex tone system,Shimizu-1971,
13A-lkk,lkk,Lakkia,13A,Tone,Complex tone system,Haudricourt-1967;Solnit-1988,
13A-lam,lam,Lamé,13A,Tone,Complex tone system,Sachnine-1982,
13A-lua,lua,Lua,13A,Tone,Complex tone system,Boyeldieu-1985,
13A-mya,mya,Ma'ya,13A,Tone,Complex tone system,van-der-Leeden-1993;Remijsen-2001,
13A-nkt,nkt,Nyah Kur (Tha Pong),13A,Tone,Simple tone system,Thongkum-1984;Thongkum-1982;Diffloth-1984,
13A-nyg,nyg,Nyangi,13A,Tone,Simple tone system,Heine-1975a,
13A-ogb,ogb,Ogbia,13A,Tone,Simple tone system,Williamson-1970;Williamson-1972,
13A-puk,puk,Parauk,13A,Tone,No tones,Qiu-et-al-1980;Diffloth-1980;Maddieson-and-Ladefoged-1985,
13A-phl,phl,Phlong,13A,Tone,Complex tone system,Cooke-et-al-1976,
13A-poa,poa,Po-Ai,13A,Tone,Complex tone system,,
13A-rsc,rsc,Romansch (Scharans),13A,Tone,No tones,Soler-and-Ebneter-1988,
13A-rtk,rtk,Rotokas,13A,Tone,No tones,Firchow-and-Firchow-1969;Firchow-et-al-1973,
13A-scs,scs,Saami (Central-South),13A,Tone,No tones,Hasselbrink-1965;Kert-1971,
13A-svs,svs,Savosavo,13A,Tone,No tones,Todd-1975,
13A-sui,sui,Sui,13A,Tone,Complex tone system,Li-1948,
13A-tmp,tmp,Tampulma,13A,Tone,Simple tone system,Bergman-et-al-1969,
13A-tok,tok,Tarok,13A,Tone,Complex tone system,Robinson-1976,
13A-tza,tza,Tzeltal (Aguacatenango),13A,Tone,No tones,Kaufman-1971,
13A-umb,umb,UMbundu,13A,Tone,Simple tone system,Schadeberg-1982;Schadeberg-1990,
13A-wnt,wnt,Wantoat,13A,Tone,No tones,Davis-1969,
13A-wps,wps,Wapishana,13A,Tone,No tones,Tracy-1972,
13A-xia,xia,Xiamen,13A,Tone,Complex tone system,Hanyu-1960;Ramsey-1987;Norman-1988,
13A-aik,aik,Aikaná,13A,Tone,Simple tone system,Hanke-1956;Aikhenvald-and-Dixon-1999[362-363],
13A-akw,akw,Akawaio,13A,Tone,No tones,Edwards-1978,
13A-aea,aea,Aleut (Eastern),13A,Tone,No tones,Bergsland-1956;Bergsland-1959;Bergsland-1994;Jacobson-1944;Cho-et-al-1997;Menovshchikov-1968;Rozelle-1997,
13A-chu,chu,Chulupí,13A,Tone,No tones,Stell-1972,
13A-fef,fef,Fe'fe',13A,Tone,Complex tone system,Hyman-1972,
13A-kef,kef,Kefa,13A,Tone,Simple tone system,Fleming-1976,
13A-ktk,ktk,Kotoko,13A,Tone,Simple tone system,Bouny-1977,
13A-lu,lu,Lü,13A,Tone,Complex tone system,Li-1964;Morev-1978,
13A-nap,nap,Neo-Aramaic (Persian Azerbaijan),13A,Tone,No tones,Garbell-1965,
13A-orm,orm,Ormuri,13A,Tone,No tones,Efimov-1986,
13A-snd,snd,Senadi,13A,Tone,Complex tone system,Welmers-1950,
13A-byu,byu,Bandjalang (Yugumbir),13A,Tone,No tones,Cunningham-1969,
13A-bno,bno,Waimaha,13A,Tone,Simple tone system,Stolte-and-Stolte-1971,
13A-bis,bis,Bisa,13A,Tone,No tones,Naden-1973,
13A-cac,cac,Cacua,13A,Tone,Simple tone system,Anderton-1989;Cathcart-1979,
13A-jeh,jeh,Jeh,13A,Tone,No tones,Cohen-1966;Gradin-1966;Gradin-and-Gradin-1979,
13A-kul,kul,Kullo,13A,Tone,Simple tone system,Allan-1976a,
13A-max,max,Maxakalí,13A,Tone,No tones,Gudschinsky-et-al-1970,
13A-mtp,mtp,Mixe (Totontepec),13A,Tone,No tones,Crawford-1963;Schoenhals-and-Schoenhals-1965,
13A-toa,toa,Toaripi,13A,Tone,No tones,Brown-1973,
13A-yey,yey,Yeyi,13A,Tone,Simple tone system,Gowlett-1997,
13A-agh,agh,Aghem,13A,Tone,Simple tone system,Hyman-1979,
13A-aht,aht,Ahtna,13A,Tone,No tones,Kari-1990,
13A-eya,eya,Eyak,13A,Tone,No tones,Krauss-1965,
13A-kly,kly,Kala Lagaw Ya,13A,Tone,No tones,Kennedy-1981;Wurm-1972a,
13A-kot,kot,Kota,13A,Tone,No tones,Emeneau-1944,
13A-lus,lus,Lushootseed,13A,Tone,No tones,Bates-et-al-1994,
13A-nob,nob,Nobiin,13A,Tone,Simple tone system,Bell-1968;Bell-1971;Werner-1987,
13A-pac,pac,Pacoh,13A,Tone,No tones,Watson-1964,
13A-qco,qco,Quechua (Cochabamba),13A,Tone,No tones,Lastra-1968,
13A-ror,ror,Roro,13A,Tone,No tones,Davis-1974;Bluhme-1970,
13A-soq,soq,Soqotri,13A,Tone,No tones,Leslau-1938;Johnstone-1975,
13A-ant,ant,Angaatiha,13A,Tone,Simple tone system,Huisman-1973;Huisman-and-Lloyd-1981;Huisman-et-al-1981,
13A-bng,bng,Baining,13A,Tone,No tones,Parker-and-Parker-1974,
13A-cck,cck,Chickasaw,13A,Tone,No tones,Gordon-et-al-2000;Munro-et-al-2002,
13A-dah,dah,Dahalo,13A,Tone,Simple tone system,Tucker-et-al-1977;Maddieson-et-al-1993;Nurse-1986,
13A-eja,eja,Ejagham,13A,Tone,Complex tone system,Watters-1981,
13A-kal,kal,Kalami,13A,Tone,Simple tone system,Baart-1997,
13A-kkn,kkn,Konkani,13A,Tone,No tones,Gajendragadkar-1970;Major-1979;Madtha-1984,
13A-sha,sha,Shan,13A,Tone,Complex tone system,Chao-1951;Cheng-1973b;Chan-1980,
13A-tsg,tsg,Tausug,13A,Tone,No tones,Ashley-1963,
13A-try,try,Tiruray,13A,Tone,No tones,Post-1966;Schlegel-1971,
13A-uzn,uzn,Uzbek (Northern),13A,Tone,No tones,Sjoberg-1962;Sjoberg-1963,
13A-amz,amz,Amuzgo,13A,Tone,Complex tone system,Longacre-1966;Bauernschmidt-1965,
13A-cil,cil,CiLuba,13A,Tone,Simple tone system,de-Schryver-1999,
13A-maz,maz,Mazahua,13A,Tone,Simple tone system,Spotts-1953,
13A-nax,nax,Naxi,13A,Tone,Complex tone system,Jiang-1985;Bradley-1975;Jiang-1980,
13A-pnr,pnr,Panare,13A,Tone,No tones,Cauty-1974a;Payne-1990b;Cauty-1978;Cauty-1974b,
13A-sdh,sdh,Sindhi,13A,Tone,No tones,Nihalani-1999,
13A-tpa,tpa,Totonac (Papantla),13A,Tone,No tones,Aschmann-1946,
13A-bet,bet,Bété,13A,Tone,Complex tone system,Werle-and-Gbalehi-1976,
13A-mov,mov,Movima,13A,Tone,No tones,Aikhenvald-and-Dixon-1999;Judy-and-Judy-1962b,
13A-teh,teh,Tehuelche,13A,Tone,No tones,Fernandez-Garay-1998,
13A-yan,yan,Yana,13A,Tone,No tones,Sapir-and-Swadesh-1960,
13A-yaw,yaw,Yawa,13A,Tone,No tones,Jones-1986b,
13A-khr,khr,Kharia,13A,Tone,No tones,Biligiri-1965;Pinnow-1959,
13A-mla,mla,Mambila,13A,Tone,Complex tone system,Connell-2000;Perrin-and-Hill-1969,
13A-mbb,mbb,Mbabaram,13A,Tone,No tones,Dixon-1966a;Dixon-1966b,
13A-arb,arb,Arabela,13A,Tone,No tones,Rich-1963,
13A-awn,awn,Awngi,13A,Tone,Simple tone system,Hetzron-1976;Hetzron-1969,
13A-chl,chl,Chehalis (Upper),13A,Tone,No tones,Kinkade-1963,
13A-kla,kla,Klao,13A,Tone,Complex tone system,Singler-1979,
13A-kun,kun,Kuna,13A,Tone,No tones,Baptista-and-Wallin-1974;Sherzer-1983,
13A-oca,oca,Ocaina,13A,Tone,Simple tone system,Agnew-and-Pike-1957;Aschmann-1993,
13A-sba,sba,Sáliba (in Colombia),13A,Tone,No tones,Benaissa-1979,
13A-irx,irx,Iranxe,13A,Tone,No tones,Meader-1967,
13A-kad,kad,Kadugli,13A,Tone,Complex tone system,Abdalla-1973;Matsushita-1984,
13A-sor,sor,Sora,13A,Tone,No tones,Ramamurti-1986,
13A-ycn,ycn,Yucuna,13A,Tone,No tones,Schauer-and-Schauer-1967,
13A-shs,shs,Shasta,13A,Tone,Simple tone system,Silver-1964;Silver-1966,
13A-tso,tso,Tsou,13A,Tone,No tones,Tung-1964;Wright-and-Ladefoged-1994,
13A-yct,yct,Yucatec,13A,Tone,Simple tone system,Straight-1976,
13A-der,der,Dla (Proper),13A,Tone,No tones,Voorhoeve-1971,
13A-gan,gan,Great Andamanese,13A,Tone,No tones,Yadav-nd,
13A-sdw,sdw,Sandawe,13A,Tone,Simple tone system,Dempwolff-1916;Kagaya-1993;Elderkin-1982;Maddieson-et-al-1999;Tucker-et-al-1977,
13A-tug,tug,Tuareg (Ahaggar),13A,Tone,No tones,Prasse-1972;Louali-Reynal-et-al-1997,
13A-cam,cam,Camsá,13A,Tone,No tones,Howard-1967;Howard-1972;Mongui-Sanchez-1981,
13A-hmr,hmr,Hamer,13A,Tone,Simple tone system,Lydall-1976,
13A-yay,yay,Yay,13A,Tone,Complex tone system,Gedney-1965,
13A-hak,hak,Hakka,13A,Tone,Complex tone system,Hashimoto-1973,
13A-mui,mui,Muinane,13A,Tone,Simple tone system,Aschmann-1993;Walton-and-Walton-1967,
13A-nai,nai,Nanai,13A,Tone,No tones,Avrorin-1968,
13A-tma,tma,Tama,13A,Tone,Complex tone system,Tucker-and-Bryan-1966,
13A-tmn,tmn,Temein,13A,Tone,Simple tone system,Tucker-and-Bryan-1966,
13A-yny,yny,Yanyuwa,13A,Tone,No tones,Kirton-1967;Kirton-and-Charlie-1978;Huttar-and-Kirton-1981,
13A-efi,efi,Efik,13A,Tone,Simple tone system,Cook-1969a,
13A-ga,ga,Gã,13A,Tone,Complex tone system,Berry-nd;Kropp-1987,
13A-mog,mog,Moghol,13A,Tone,No tones,Weiers-1971,
13A-mor,mor,Mor,13A,Tone,Simple tone system,Laycock-1978,
13A-woi,woi,Woisika,13A,Tone,No tones,Stokhof-1979,
13A-adk,adk,Andoke,13A,Tone,Simple tone system,Landaburu-1979,
13A-ful,ful,Fulniô,13A,Tone,Simple tone system,Lapenda-1968,
13A-jav,jav,Javanese,13A,Tone,No tones,Fagan-1988;Herrfurth-1964;Horne-1961;Uhlenbeck-1963,
13A-koi,koi,Koiari,13A,Tone,Simple tone system,Dutton-1969;Dutton-1996,
13A-mzc,mzc,Mazatec (Chiquihuitlán),13A,Tone,Complex tone system,Jamieson-1976a;Jamieson-1976b,
13A-mba,mba,Mba,13A,Tone,Complex tone system,Pasch-1986,
13A-nnc,nnc,Nancowry,13A,Tone,No tones,Das-1977;Radhakrishnan-1981,
13A-amo,amo,Amo,13A,Tone,Simple tone system,Anderson-1980;Di-Luzio-1972,
13A-amu,amu,Yanesha',13A,Tone,No tones,Fast-1953;Wise-1958,
13A-bua,bua,Burarra,13A,Tone,No tones,Glasgow-and-Glasgow-1967,
13A-chw,chw,Cham (Western),13A,Tone,Simple tone system,Blood-1967;Edmondson-and-Gregerson-1993,
13A-fas,fas,Fasu,13A,Tone,Simple tone system,Loeweke-and-May-1964,
13A-nyi,nyi,Nyimang,13A,Tone,Complex tone system,Stevenson-1957;Tucker-and-Bryan-1966,
13A-tul,tul,Tulu,13A,Tone,No tones,Bhat-1967,
13A-baj,baj,Bajau (Sama),13A,Tone,No tones,Verheijen-1986,
13A-gds,gds,Gadsup,13A,Tone,Complex tone system,Frantz-and-Frantz-1966,
13A-igs,igs,Ingessana,13A,Tone,Simple tone system,Crewe-1975;Tucker-and-Bryan-1966,
13A-kpe,kpe,Kpelle,13A,Tone,Complex tone system,Welmers-1962;Welmers-1973;Hyman-1973,
13A-mbm,mbm,Mbum,13A,Tone,Simple tone system,Hagege-1970,
13A-tic,tic,Ticuna,13A,Tone,Complex tone system,Anderson-1959;Anderson-1962,
13A-wry,wry,Waray (in Australia),13A,Tone,No tones,Harvey-1986,
13A-wmu,wmu,Wik Munkan,13A,Tone,No tones,McConnel-1945;Sayers-and-Godfrey-1964,
13A-paw,paw,Pawaian,13A,Tone,Simple tone system,Trefry-1972;MacDonald-1973,
13A-pec,pec,Pech,13A,Tone,Simple tone system,Holt-1986;Holt-1999b,
13A-twn,twn,Tiwa (Northern),13A,Tone,Simple tone system,Hoijer-and-Dozier-1949;Trager-1971,
13A-kom,kom,Komo,13A,Tone,Complex tone system,Tucker-and-Bryan-1966,
13A-kmp,kmp,Kunimaipa,13A,Tone,No tones,Pence-1966,
13A-llm,llm,Lelemi,13A,Tone,Simple tone system,Hoftmann-1971,
13A-nis,nis,Nyishi,13A,Tone,Simple tone system,Namkung-1996;Ray-1967,
13A-rut,rut,Rutul,13A,Tone,Simple tone system,Kodzasov-1990b;Dzhejranishvili-1967;Ibragimov-1978,
13A-yar,yar,Yareba,13A,Tone,No tones,Weimer-and-Weimer-1972,
13A-yes,yes,Yessan-Mayo,13A,Tone,No tones,Foreman-and-Marten-1973,
13A-yus,yus,Yupik (Siberian),13A,Tone,No tones,Krauss-1975,
13A-cti,cti,Chin (Tiddim),13A,Tone,Complex tone system,Henderson-1965,
13A-xoo,xoo,!Xóõ,13A,Tone,Complex tone system,Traill-1994;Traill-1985,
13A-yul,yul,Yulu,13A,Tone,Complex tone system,Boyeldieu-1987,
13A-kng,kng,Kaingang,13A,Tone,No tones,Kindell-1972;Henry-1935;Wiesemann-1972,
13A-ndt,ndt,Ndut,13A,Tone,Complex tone system,Gueye-1986,
13A-nga,nga,Nganasan,13A,Tone,No tones,Tereshchenko-1966c;Castren-1966;Tereshchenko-1979,
13A-ytu,ytu,Yukaghir (Tundra),13A,Tone,No tones,Krejnovich-1958;Krejnovich-1968c,
13A-bai,bai,Bai,13A,Tone,Complex tone system,Dell-1981,
13A-chp,chp,Chipewyan,13A,Tone,Simple tone system,Li-1932;Li-1933;Li-1946,
13A-kry,kry,Koryak,13A,Tone,No tones,Zhukova-1980,
13A-acm,acm,Achumawi,13A,Tone,Simple tone system,Olmsted-1964;Olmsted-1966,
13A-anc,anc,Angas,13A,Tone,Complex tone system,Burquest-1971,
13A-api,api,Apinayé,13A,Tone,No tones,Burgess-and-Ham-1968,
13A-bod,bod,Bodo,13A,Tone,Simple tone system,Bhat-1968,
13A-chq,chq,Chinantec (Quiotepec),13A,Tone,Complex tone system,Robbins-1961;Robbins-1968,
13A-dan,dan,Dan,13A,Tone,Complex tone system,Bearth-and-Zemp-1967,
13A-diz,diz,Dizi,13A,Tone,Complex tone system,Allan-1976b,
13A-irr,irr,Irarutu,13A,Tone,No tones,Voorhoeve-1989,
13A-koy,koy,Koya,13A,Tone,No tones,Tyler-1969,
13A-mie,mie,Mien,13A,Tone,Complex tone system,Mao-et-al-1982;Purnell-1965,
13A-shi,shi,Shiriana,13A,Tone,No tones,Migliazza-and-Grimes-1961,
13A-tol,tol,Tol,13A,Tone,No tones,Fleming-and-Dennis-1977;Holt-1999a,
13A-ani,ani,//Ani,13A,Tone,Simple tone system,Vossen-1997;Vossen-1986,
13A-ccp,ccp,Cocopa,13A,Tone,No tones,Crawford-1966[13],
13A-hum,hum,Huitoto (Murui),13A,Tone,No tones,Minor-et-al-1982;Burtch-1983;Petersen-de-Pineros-1994;Aschmann-1993,
13A-kzy,kzy,Komi-Zyrian,13A,Tone,No tones,Bubrix-1949;Lytkin-1966b,
13A-nhn,nhn,Nahuatl (North Puebla),13A,Tone,No tones,Brockway-1963,
13A-sre,sre,Sre,13A,Tone,Simple tone system,Manley-1972,
13A-gwa,gwa,Gwari,13A,Tone,Complex tone system,Hyman-and-Magaji-1970,
13A-kws,kws,Kawaiisu,13A,Tone,No tones,Zigmond-et-al-1990-1991,
13A-kgz,kgz,Kirghiz,13A,Tone,No tones,Junusaliev-1966;Herbert-and-Poppe-1963,
13A-kiw,kiw,Kiwai,13A,Tone,Simple tone system,Wurm-1977,
13A-non,non,Noni,13A,Tone,Complex tone system,Hyman-1981b,
13A-bco,bco,Bella Coola,13A,Tone,No tones,Nater-1984;Newman-1947,
13A-ber,ber,Berta,13A,Tone,Simple tone system,Triulzi-et-al-1976a,
13A-cso,cso,Chatino (Sierra Occidental),13A,Tone,Complex tone system,Pride-1965,
13A-ewo,ewo,Ewondo,13A,Tone,Complex tone system,Abega-1970;Nnomo-and-Mbezele-1982;Redden-1979,
13A-ksg,ksg,Karen (Sgaw),13A,Tone,Complex tone system,Jones-1961,
13A-kwk,kwk,Kwakw'ala,13A,Tone,No tones,Grubb-1977;Boas-1947;Newman-1950;Boas-1911a,
13A-ruk,ruk,Rukai (Tanan),13A,Tone,No tones,Li-1973;Li-1977b,
13A-wah,wah,Wahgi,13A,Tone,Simple tone system,Ladefoged-et-al-1977;Phillips-1976,
13A-ata,ata,Atayal,13A,Tone,No tones,Egerod-1966b,
13A-aze,aze,Azerbaijani,13A,Tone,No tones,Householder-and-Lofti-1965,
13A-ben,ben,Bengali,13A,Tone,No tones,Ferguson-and-Chowdhury-1960;Klaiman-1990,
13A-iba,iba,Iban,13A,Tone,No tones,Omar-1981;Scott-1957,
13A-jeb,jeb,Jebero,13A,Tone,No tones,Bendor-Samuel-1961b,
13A-jng,jng,Jingpho,13A,Tone,Complex tone system,Liu-1964,
13A-mpa,mpa,Murrinh-Patha,13A,Tone,No tones,Street-and-Mollinjin-1981,
13A-new,new,Newari (Kathmandu),13A,Tone,No tones,Manandhar-1986;Hale-and-Hale-1969,
13A-kkv,kkv,Lusi,13A,Tone,No tones,Counts-1969,
13A-kya,kya,Kuku-Yalanji,13A,Tone,No tones,Oates-and-Oates-1964;Wurm-1972a;Oates-1964b,
13A-ttu,ttu,Tsova-Tush,13A,Tone,No tones,Desheriev-1953,
13A-alw,alw,Alawa,13A,Tone,No tones,Sharpe-1972,
13A-ao,ao,Ao,13A,Tone,Complex tone system,Gowda-1972;Gowda-1975,
13A-fye,fye,Fyem,13A,Tone,Simple tone system,Nettle-1998,
13A-grr,grr,Garrwa,13A,Tone,No tones,Furby-1974,
13A-kgu,kgu,Kalkatungu,13A,Tone,No tones,Blake-1979b,
13A-mro,mro,Moro,13A,Tone,Simple tone system,Black-and-Black-1971;Schadeberg-1981b,
13A-nar,nar,Nara (in Ethiopia),13A,Tone,Simple tone system,Thompson-1976a;Bender-1968,
13A-tam,tam,Tamang (Eastern),13A,Tone,Simple tone system,Mazaudon-1973,
13A-tib,tib,Tibetan (Standard Spoken),13A,Tone,Simple tone system,Denwood-1999,
13A-tlp,tlp,Tlapanec,13A,Tone,Complex tone system,Suarez-1983a,
13A-zan,zan,Zande,13A,Tone,Simple tone system,Tucker-and-Hackett-1959,
13A-dgb,dgb,Dagbani,13A,Tone,Simple tone system,Olawsky-1999;Wilson-and-Bendor-Samuel-1969,
13A-dum,dum,Dumo,13A,Tone,Complex tone system,Ross-1980,
13A-nuu,nuu,Nuuchahnulth,13A,Tone,No tones,Carlson-et-al-2001;Stonham-1999,
13A-snh,snh,Sinhala,13A,Tone,No tones,Coates-and-da-Silva-1960,
13A-tas,tas,Tashlhiyt,13A,Tone,No tones,Applegate-1958,
13A-yel,yel,Yelî Dnye,13A,Tone,No tones,,
13A-bto,bto,Batak (Toba),13A,Tone,No tones,van-der-Tuuk-1971,
13A-bir,bir,Birom,13A,Tone,Complex tone system,Bouquiaux-1970;Wolff-1959,
13A-din,din,Dinka,13A,Tone,Complex tone system,Andersen-1987;Malou-1988,
13A-evn,evn,Even,13A,Tone,No tones,Novikova-1960;Novikova-1966,
13A-mgg,mgg,Mangghuer,13A,Tone,No tones,Todaeva-1973,
13A-oji,oji,Ojibwa (Eastern),13A,Tone,No tones,Bloomfield-1957,
13A-res,res,Resígaro,13A,Tone,Simple tone system,Allin-1976,
13A-snc,snc,Seneca,13A,Tone,No tones,Chafe-1967,
13A-srn,srn,Sirionó,13A,Tone,No tones,Firestone-1965,
13A-che,che,Cherokee,13A,Tone,Simple tone system,Bender-and-Harris-1946;Cook-1979;Walker-1975b,
13A-hup,hup,Hupa,13A,Tone,No tones,Golla-1970;Gordon-1996;Woodward-1964,
13A-kab,kab,Kabardian,13A,Tone,No tones,Kuipers-1960,
13A-knk,knk,Kanakuru,13A,Tone,Simple tone system,Newman-1974,
13A-kwa,kwa,Kwaio,13A,Tone,No tones,Keesing-1985,
13A-shu,shu,Shuswap,13A,Tone,No tones,Kuipers-1974,
13A-tne,tne,Temne,13A,Tone,Simple tone system,Wilson-1961a;Dalby-1966,
13A-ctl,ctl,Catalan,13A,Tone,No tones,Carbonell-and-Llisteri-1999,
13A-lui,lui,Luiseño,13A,Tone,No tones,Bright-1965a;Bright-1968;Hyde-1971;Kroeber-and-Grace-1960;Malecot-1963b,
13A-nmb,nmb,Nambikuára (Southern),13A,Tone,Complex tone system,Kroeker-1972;Price-1976,
13A-hop,hop,Hopi,13A,Tone,Simple tone system,Kluckhohn-and-MacLeish-1955;Voegelin-1956;Whorf-1946a,
13A-mum,mum,Mumuye,13A,Tone,Complex tone system,Shimizu-1983,
13A-tac,tac,Tacana,13A,Tone,No tones,Key-1968;Van-Wynen-and-Van-Wynen-1962,
13A-ter,ter,Tera,13A,Tone,Complex tone system,Newman-1970,
13A-wma,wma,West Makian,13A,Tone,No tones,Watuseke-1976;Voorhoeve-1982,
13A-wiy,wiy,Wiyot,13A,Tone,No tones,Teeter-1964,
13A-brr,brr,Bororo,13A,Tone,No tones,Crowell-1979,
13A-djp,djp,Djapu,13A,Tone,No tones,Rose-et-al-1982;Morphy-1983,
13A-doy,doy,Doyayo,13A,Tone,Complex tone system,Wiering-1974,
13A-krd,krd,Kurdish (Central),13A,Tone,No tones,Abdulla-and-McCarus-1967;McCarus-1958,
13A-len,len,Lenakel,13A,Tone,No tones,Lynch-1978,
13A-qaw,qaw,Qawasqar,13A,Tone,No tones,Clairis-1977;Clairis-1985,
13A-ttn,ttn,Tetun,13A,Tone,No tones,Morris-1984,
13A-ygr,ygr,Yagaria,13A,Tone,Simple tone system,Renck-1975;Haiman-1980;Renck-1967,
13A-cub,cub,Cubeo,13A,Tone,Simple tone system,Morse-and-Maxwell-1999b;Salser-1971,
13A-dgr,dgr,Dagur,13A,Tone,No tones,Bao-1982,
13A-htc,htc,Huastec,13A,Tone,No tones,Larsen-and-Pike-1949;McQuown-1984;Peralta-1984,
13A-ik,ik,Ik,13A,Tone,Simple tone system,Heine-1975b;Tucker-1971,
13A-nun,nun,Nung (in Vietnam),13A,Tone,Complex tone system,Li-1977a,
13A-pae,pae,Páez,13A,Tone,No tones,Gerdel-1985;Gerdel-1973;Jung-1989,
13A-sed,sed,Sedang,13A,Tone,No tones,Smith-1968;Smith-1979,
13A-bsk,bsk,Bashkir,13A,Tone,No tones,Poppe-1964,
13A-mlk,mlk,Malakmalak,13A,Tone,No tones,Tryon-1974;Birk-1975,
13A-arc,arc,Archi,13A,Tone,No tones,Kodzasov-1977,
13A-ava,ava,Avar,13A,Tone,No tones,Charachidze-1981;Zhirkov-1936,
13A-gbb,gbb,Gbeya Bossangoa,13A,Tone,Simple tone system,Monino-and-Roulon-1972;Samarin-1966,
13A-ngz,ngz,Ngizim,13A,Tone,Simple tone system,Schuh-1981,
13A-poh,poh,Pohnpeian,13A,Tone,No tones,Rehg-1984a;Rehg-1984b;Rehg-1981,
13A-hve,hve,Huave (San Mateo del Mar),13A,Tone,Simple tone system,Stairs-Kreger-and-Scharfe-de-Stairs-1981;Suarez-1975,
13A-kty,kty,Khanty,13A,Tone,No tones,Gulya-1966;Nikolaeva-1999,
13A-tel,tel,Telugu,13A,Tone,No tones,Kelley-1963;Kostic-et-al-1977;Krishnamurti-1961;Sastry-1972;Lisker-1963,
13A-ykt,ykt,Yakut,13A,Tone,No tones,Krueger-1962;Ubrjatova-1966;Bohtlingk-1964,
13A-klm,klm,Klamath,13A,Tone,No tones,Barker-1963a;Barker-1964,
13A-nep,nep,Nepali,13A,Tone,No tones,Bandhu-et-al-1971,
13A-tgr,tgr,Tigré,13A,Tone,No tones,Klingenheben-1966;Palmer-1962,
13A-tuv,tuv,Tuvan,13A,Tone,No tones,Anderson-and-Harrison-1999;Sat-1966;Song-1982;Seglenmej-1979,
13A-nor,nor,Norwegian,13A,Tone,Simple tone system,Vanvik-1972,
13A-qui,qui,Quileute,13A,Tone,Simple tone system,Hoard-1993;Powell-1975,
13A-bre,bre,Breton,13A,Tone,No tones,Bothorel-1982;Ternes-1970,
13A-ijo,ijo,Ijo (Kolokuma),13A,Tone,Simple tone system,Williamson-1965,
13A-luo,luo,Luo,13A,Tone,Simple tone system,Gregersen-1961,
13A-psh,psh,Pashto,13A,Tone,No tones,Penzl-1955;Shafeev-1964;Grjunberg-1987,
13A-sel,sel,Selknam,13A,Tone,No tones,Najlis-1973,
13A-wao,wao,Waorani,13A,Tone,No tones,Saint-and-Pike-1962,
13A-wap,wap,Wappo,13A,Tone,No tones,Sawyer-1965,
13A-win,win,Wintu,13A,Tone,No tones,Pitkin-1984;Schlichter-1981,
13A-akn,akn,Akan,13A,Tone,Simple tone system,Dolphyne-1988;Schachter-and-Fromkin-1968;Stewart-1967;Welmers-1946;Ladefoged-1964,
13A-cax,cax,Campa (Axininca),13A,Tone,No tones,Payne-1981;Dirks-1953,
13A-lug,lug,Lugbara,13A,Tone,Complex tone system,Anderson-1986;Crazzolara-1960;Tucker-and-Bryan-1966,
13A-maa,maa,Maasai,13A,Tone,Simple tone system,Tucker-and-Bryan-1966;Tucker-and-Mpaayei-1955,
13A-yap,yap,Yapese,13A,Tone,No tones,Jensen-et-al-1977a;Hsu-1969,
13A-iaa,iaa,Iaai,13A,Tone,No tones,Haudricourt-1971;Maddieson-and-Anderson-1995;Ozanne-Rivierre-1976,
13A-jaq,jaq,Jaqaru,13A,Tone,No tones,Hardman-2000,
13A-tgk,tgk,Tigak,13A,Tone,No tones,Beaumont-1979,
13A-ton,ton,Tonkawa,13A,Tone,No tones,Hoijer-1946b;Hoijer-1949;Hoijer-1972,
13A-amp,amp,Arrernte (Mparntwe),13A,Tone,No tones,Henderson-1994,
13A-die,die,Diegueño (Mesa Grande),13A,Tone,No tones,Langdon-1970,
13A-diy,diy,Diyari,13A,Tone,No tones,Austin-1981,
13A-lak,lak,Lak,13A,Tone,No tones,Khajdakov-1966b;Murkelinskij-1967;Zhirkov-1955,
13A-mne,mne,Maidu (Northeast),13A,Tone,No tones,Shipley-1956;Shipley-1964,
13A-eka,eka,Ekari,13A,Tone,Simple tone system,Doble-1987;Steltenpool-1969,
13A-ham,ham,Hamtai,13A,Tone,Simple tone system,Healey-1981;Oates-and-Oates-1968,
13A-mrg,mrg,Margi,13A,Tone,Simple tone system,Hoffmann-1963;Maddieson-1987,
13A-nan,nan,Nandi,13A,Tone,Simple tone system,Creider-and-Creider-1989,
13A-mrd,mrd,Marind,13A,Tone,No tones,Drabbe-1955,
13A-mab,mab,Maba,13A,Tone,Simple tone system,Tucker-and-Bryan-1966,
13A-wlf,wlf,Wolof,13A,Tone,No tones,Sauvageot-1965;Manessy-and-Sauvageot-1963;Ka-1994;Ward-1963,
13A-chv,chv,Chuvash,13A,Tone,No tones,Andreev-1966;Krueger-1961,
13A-kas,kas,Kashmiri,13A,Tone,No tones,Bhat-1987;Kelkar-and-Trisal-1964;Zakharin-1974;Zakharin-and-Edelman-1971,
13A-pur,pur,Purépecha,13A,Tone,No tones,Chamereau-2000;de-Paul-1989;Foster-1969,
13A-una,una,Una,13A,Tone,Simple tone system,Louwerse-1988,
13A-dyi,dyi,Dyirbal,13A,Tone,No tones,Dixon-1972,
13A-haw,haw,Hawaiian,13A,Tone,No tones,Elbert-and-Pukui-1979;Pukui-and-Elbert-1965;Schutz-1981,
13A-kch,kch,Koyra Chiini,13A,Tone,No tones,Heath-1999b,
13A-ood,ood,O'odham,13A,Tone,No tones,Saxton-1963;Saxton-and-Saxton-1969;Hale-1959,
13A-rom,rom,Romanian,13A,Tone,No tones,Tataru-1978;Ruhlen-1973;Agard-1958,
13A-bul,bul,Bulgarian,13A,Tone,No tones,Aronson-1968;Bidwell-1968;Klagstad-1958;Scatton-1984;Ternes-and-Vladimirova-Buhtz-1999,
13A-lah,lah,Lahu,13A,Tone,Complex tone system,Matisoff-1973;Matisoff-1988,
13A-yuc,yuc,Yuchi,13A,Tone,No tones,Crawford-1973;Ballard-1975,
13A-zun,zun,Zuni,13A,Tone,No tones,Walker-1972;Newman-1965,
13A-krb,krb,Kiribati,13A,Tone,No tones,Groves-et-al-1985,
13A-som,som,Somali,13A,Tone,Simple tone system,Armstrong-1964;Andrzejewsky-1956;Hyman-1981a;Cardona-1981;Farnetani-1981;Andrzejewsky-1955,
13A-cnt,cnt,Cantonese,13A,Tone,Complex tone system,Zee-1999,
13A-fur,fur,Fur,13A,Tone,Simple tone system,Tucker-and-Bryan-1966;Jakobi-1990;Beaton-1968,
13A-pol,pol,Polish,13A,Tone,No tones,,
13A-ker,ker,Kera,13A,Tone,Complex tone system,Ebert-1976;Ebert-1979,
13A-lad,lad,Ladakhi,13A,Tone,No tones,Koshal-1979,
13A-tli,tli,Tlingit,13A,Tone,Simple tone system,Maddieson-et-al-2001,
13A-wam,wam,Wambaya,13A,Tone,No tones,Nordlinger-1998,
13A-alb,alb,Albanian,13A,Tone,No tones,Newmark-1957,
13A-bam,bam,Bambara,13A,Tone,Simple tone system,Bird-et-al-1977,
13A-kyl,kyl,Kayah Li (Eastern),13A,Tone,Complex tone system,Solnit-1997,
13A-nti,nti,Ngiti,13A,Tone,Complex tone system,Kutsch-Lojenga-1994,
13A-car,car,Carib,13A,Tone,No tones,Hoff-1968;Peasgood-1972,
13A-mak,mak,Makah,13A,Tone,No tones,Jacobsen-1999,
13A-tsi,tsi,Tsimshian (Coast),13A,Tone,No tones,Mulder-1988;Hoard-1978;Dunn-1995;Dunn-1979;Dunn-1970,
13A-sue,sue,Suena,13A,Tone,Simple tone system,Wilson-1974;Wilson-1969,
13A-mku,mku,Maranungku,13A,Tone,No tones,Tryon-1970b,
13A-mrl,mrl,Murle,13A,Tone,Simple tone system,Arensen-1982;Yigezu-2001,
13A-psm,psm,Passamaquoddy-Maliseet,13A,Tone,Simple tone system,LeSourd-1993;Sherwood-1986;Leavitt-1996,
13A-pit,pit,Pitjantjatjara,13A,Tone,No tones,Glass-and-Hackett-1970;Eckert-and-Hudson-1988,
13A-amh,amh,Amharic,13A,Tone,No tones,Hayward-and-Hayward-1999,
13A-ana,ana,Araona,13A,Tone,No tones,de-Pitman-1981,
13A-cyv,cyv,Cayuvava,13A,Tone,No tones,Key-1961;Key-1967,
13A-dio,dio,Diola-Fogny,13A,Tone,No tones,Sapir-1965,
13A-arm,arm,Armenian (Eastern),13A,Tone,No tones,Allen-1950,
13A-aym,aym,Aymara (Central),13A,Tone,No tones,Martin-1969,
13A-baw,baw,Bawm,13A,Tone,Simple tone system,Reichle-1981,
13A-wrd,wrd,Wardaman,13A,Tone,No tones,Merlan-1994,
13A-hai,hai,Haida,13A,Tone,No tones,Sapir-1923,
13A-kmu,kmu,Khmu',13A,Tone,Simple tone system,Svantesson-1983,
13A-usa,usa,Usan,13A,Tone,No tones,Reesink-1987,
13A-pai,pai,Paiwan,13A,Tone,No tones,Ferrel-1982;Ho-1977,
13A-ung,ung,Ungarinjin,13A,Tone,No tones,Coate-and-Oates-1970;Coate-and-Elkin-1974;Rumsey-1982,
13A-bej,bej,Beja,13A,Tone,Simple tone system,Hudson-1974;Hudson-1976b,
13A-dre,dre,Drehu,13A,Tone,No tones,Moyse-Faurie-1983,
13A-gar,gar,Garo,13A,Tone,No tones,Burling-1961,
13A-pms,pms,Paamese,13A,Tone,No tones,Crowley-1982,
13A-mss,mss,Miwok (Southern Sierra),13A,Tone,No tones,Freeland-1951;Broadbent-1964,
13A-sml,sml,Semelai,13A,Tone,No tones,Kruspe-1999,
13A-yur,yur,Yurok,13A,Tone,No tones,Robins-1958,
13A-otm,otm,Otomí (Mezquital),13A,Tone,Simple tone system,Wallis-1968;Hess-1968;Sinclair-and-Pike-1948,
13A-igb,igb,Igbo,13A,Tone,Simple tone system,Ikekeonwu-1999,
13A-nez,nez,Nez Perce,13A,Tone,No tones,Aoki-1994,
13A-brh,brh,Brahui,13A,Tone,No tones,De-Armond-1975;Emeneau-1937;Emeneau-1962,
13A-cah,cah,Cahuilla,13A,Tone,No tones,Sauvel-and-Munro-1981;Seiler-1977;Bright-1965b,
13A-cle,cle,Chinantec (Lealao),13A,Tone,Complex tone system,Rupp-1989;Rupp-1990,
13A-knm,knm,Kunama,13A,Tone,Simple tone system,Bender-1996,
13A-nav,nav,Navajo,13A,Tone,Simple tone system,Young-and-Morgan-1972;Sapir-and-Hoijer-1967,
13A-zqc,zqc,Zoque (Copainalá),13A,Tone,No tones,Wonderly-1951a,
13A-bkr,bkr,Batak (Karo),13A,Tone,No tones,Woollams-1996,
13A-cmn,cmn,Comanche,13A,Tone,No tones,Charney-1993;Wistrand-Robinson-and-Armagost-1990,
13A-nko,nko,Nkore-Kiga,13A,Tone,Simple tone system,Taylor-1985,
13A-squ,squ,Squamish,13A,Tone,No tones,Kuipers-1967,
13A-tru,tru,Trumai,13A,Tone,No tones,Monod-Becquelin-1975;Guirardello-1992;Guirardello-1999b,
13A-dni,dni,Dani (Lower Grand Valley),13A,Tone,No tones,Bromley-1961;van-der-Stap-1966,
13A-nen,nen,Nenets,13A,Tone,No tones,Tereshchenko-1966a;Decsy-1966;Ristinen-1968;Ristinen-1965;Hajdu-1963;Katz-1975a,
13A-urk,urk,Urubú-Kaapor,13A,Tone,No tones,Kakumasu-1986,
13A-coo,coo,Coos (Hanis),13A,Tone,No tones,Zenk-1990,
13A-cre,cre,Cree (Plains),13A,Tone,No tones,Dahlstrom-1991;Vinay-1992,
13A-nht,nht,Nahuatl (Tetelcingo),13A,Tone,No tones,Tuggy-1979,
13A-yim,yim,Yimas,13A,Tone,No tones,Foley-1991,
13A-ika,ika,Ika,13A,Tone,No tones,Frank-1990;Tracy-and-Tracy-1973,
13A-mun,mun,Mundari,13A,Tone,No tones,Pinnow-1959;Gumperz-and-Bilibiri-1957;Sinha-1975,
13A-yid,yid,Yidiny,13A,Tone,No tones,Dixon-1977a,
13A-krk,krk,Karok,13A,Tone,Simple tone system,Bright-1957,
13A-tab,tab,Taba,13A,Tone,No tones,Bowden-1997a;Bowden-and-Hajek-1999,
13A-aco,aco,Acoma,13A,Tone,Complex tone system,Miller-1966,
13A-pau,pau,Paumarí,13A,Tone,No tones,Chapman-1981;Chapman-and-Derbyshire-1991,
13A-arp,arp,Arapesh (Mountain),13A,Tone,No tones,Conrad-and-Wogiga-1991,
13A-ond,ond,Oneida,13A,Tone,Simple tone system,Michelson-1988;Abbott-2000,
13A-asm,asm,Asmat,13A,Tone,No tones,Voorhoeve-1965,
13A-ewe,ewe,Ewe,13A,Tone,Simple tone system,Pasch-1995,
13A-grb,grb,Grebo,13A,Tone,Complex tone system,Innes-1966,
13A-hmo,hmo,Hmong Njua,13A,Tone,Complex tone system,Harriehausen-1990;Lyman-1974;Smalley-1976;Wang-1983;Wang-1985;Purnell-1972,
13A-khs,khs,Khasi,13A,Tone,No tones,Rabel-1961,
13A-khm,khm,Khmer,13A,Tone,No tones,Ehrman-1972b;Huffman-1970a;Huffman-1970b;Jacob-1968,
13A-kio,kio,Kiowa,13A,Tone,Simple tone system,Sivertsen-1956;Watkins-1984,
13A-wic,wic,Wichita,13A,Tone,No tones,Rood-1976,
13A-juh,juh,Ju|'hoan,13A,Tone,Complex tone system,Dickens-1994;Snyman-1970;Snyman-1975,
13A-klv,klv,Kilivila,13A,Tone,No tones,Senft-1986,
13A-nug,nug,Nunggubuyu,13A,Tone,No tones,Hughes-and-Leeding-1971;Heath-1984,
13A-irq,irq,Iraqw,13A,Tone,Simple tone system,Maghway-1995;Mous-1993;Nordbustad-1988;Whiteley-1958,
13A-kew,kew,Kewa,13A,Tone,Simple tone system,Franklin-and-Franklin-1962,
13A-snm,snm,Sanuma,13A,Tone,No tones,Borgman-1990;Aikhenvald-and-Dixon-1999,
13A-shk,shk,Shipibo-Konibo,13A,Tone,No tones,Valenzuela-et-al-2001;Loriot-et-al-1993,
13A-epe,epe,Epena Pedee,13A,Tone,No tones,Harms-1984;Harms-1985;Harms-1994,
13A-ket,ket,Ket,13A,Tone,No tones,Dulzon-1968;Feev-1998;Krejnovich-1968a;Vajda-2000,
13A-koa,koa,Koasati,13A,Tone,Complex tone system,Haas-1944;Rising-1992,
13A-luv,luv,Luvale,13A,Tone,Simple tone system,Horton-1949,
13A-san,san,Sango,13A,Tone,Simple tone system,Samarin-1967b;Samarin-1967a,
13A-bag,bag,Bagirmi,13A,Tone,Complex tone system,Stevenson-1969,
13A-hzb,hzb,Hunzib,13A,Tone,No tones,van-den-Berg-1995,
13A-ing,ing,Ingush,13A,Tone,No tones,Nichols-1994b,
13A-mau,mau,Maung,13A,Tone,No tones,Capell-and-Hinch-1970,
13A-kfe,kfe,Koromfe,13A,Tone,No tones,Rennison-1997,
13A-ram,ram,Rama,13A,Tone,No tones,Grinevald-1988,
13A-wch,wch,Wichí,13A,Tone,No tones,Hunt-1940;Tovar-1981;Vinas-Urquiza-1974,
13A-yag,yag,Yagua,13A,Tone,Simple tone system,Payne-1985,
13A-niv,niv,Nivkh,13A,Tone,Simple tone system,Gruzdeva-1998;Krejnovich-1937,
13A-apu,apu,Apurinã,13A,Tone,No tones,Facundes-2000,
13A-bma,bma,Berber (Middle Atlas),13A,Tone,No tones,Abdel-Massih-1971;Penchoen-1973b,
13A-wra,wra,Warao,13A,Tone,No tones,de-Goeje-1930;Romero-Figueroa-1997;Osborn-1966;Vaquero-1965,
13A-imo,imo,Imonda,13A,Tone,No tones,Seiler-1985,
13A-awp,awp,Awa Pit,13A,Tone,No tones,Curnow-1997,
13A-kob,kob,Kobon,13A,Tone,No tones,Davies-1980;Davies-1981b,
13A-lat,lat,Latvian,13A,Tone,Simple tone system,Mathiassen-1997,
13A-mar,mar,Maricopa,13A,Tone,No tones,Gordon-1986,
13A-ala,ala,Alamblak,13A,Tone,No tones,Bruce-1984,
13A-goo,goo,Gooniyandi,13A,Tone,No tones,McGregor-1990,
13A-kut,kut,Kutenai,13A,Tone,No tones,Morgan-1991;Garvin-1948a,
13A-mxc,mxc,Mixtec (Chalcatongo),13A,Tone,Complex tone system,Macaulay-1996,
13A-lav,lav,Lavukaleve,13A,Tone,No tones,Terrill-1999,
13A-rap,rap,Rapanui,13A,Tone,No tones,Du-Feu-1996,
13A-ain,ain,Ainu,13A,Tone,Simple tone system,Simeon-1969;Patrie-1982,
13A-jak,jak,Jakaltek,13A,Tone,No tones,Craig-1977;Day-1973,
13A-lkt,lkt,Lakhota,13A,Tone,No tones,Carter-1974,
13A-mrt,mrt,Martuthunira,13A,Tone,No tones,Dench-1995,
13A-prh,prh,Pirahã,13A,Tone,Simple tone system,Everett-1986,
13A-war,war,Wari',13A,Tone,No tones,MacEachern-et-al-1997;Everett-and-Kern-1997,
13A-gua,gua,Guaraní,13A,Tone,No tones,Uldall-1956;Gregores-and-Suarez-1967;Lunt-1973,
13A-kho,kho,Khoekhoe,13A,Tone,Complex tone system,Hagman-1977;Ladefoged-and-Traill-1984;Vossen-1997,
13A-mei,mei,Meithei,13A,Tone,Simple tone system,Bhat-and-Ningomba-1997;Chelliah-1997,
13A-ngi,ngi,Ngiyambaa,13A,Tone,No tones,Donaldson-1980,
13A-brm,brm,Burmese,13A,Tone,Complex tone system,Okell-1969;Watkins-2001,
13A-kro,kro,Krongo,13A,Tone,Simple tone system,Reh-1985,
13A-myi,myi,Mangarrayi,13A,Tone,No tones,Merlan-1982,
13A-tiw,tiw,Tiwi,13A,Tone,No tones,Lee-1983;Osborne-1974;Anderson-and-Maddieson-1994;Lee-1984,
13A-knr,knr,Kanuri,13A,Tone,Simple tone system,Lukas-1937;Awobuluyi-1971;Hutchison-1981,
13A-kay,kay,Kayardild,13A,Tone,No tones,Evans-1995,
13A-map,map,Mapudungun,13A,Tone,No tones,Smeets-1989,
13A-yor,yor,Yoruba,13A,Tone,Complex tone system,Bamgbose-1966,
13A-yko,yko,Yukaghir (Kolyma),13A,Tone,No tones,Maslova-1999,
13A-may,may,Maybrat,13A,Tone,No tones,Dol-1999,
13A-tuk,tuk,Tukang Besi,13A,Tone,No tones,Donohue-1999c;Donohue-1999a,
13A-bur,bur,Burushaski,13A,Tone,No tones,Anderson-1997b;Morgenstierne-1945,
13A-cha,cha,Chamorro,13A,Tone,No tones,Seiden-1960;Topping-1973,
13A-chk,chk,Chukchi,13A,Tone,No tones,Krause-1980;Skorik-1961;Skorik-1968,
13A-fij,fij,Fijian,13A,Tone,No tones,Dixon-1988,
13A-lan,lan,Lango,13A,Tone,Simple tone system,Okello-1975,
13A-orh,orh,Oromo (Harar),13A,Tone,Complex tone system,Owens-1985,
13A-tha,tha,Thai,13A,Tone,Complex tone system,Noss-1964;Haas-1964;Noss-1954;Kalaya-and-Abramson-1999;Abramson-1962;Kruatrachue-1960,
13A-yaq,yaq,Yaqui,13A,Tone,Simple tone system,Kurath-and-Spicer-1947;Dedrick-and-Casad-1999,
13A-zul,zul,Zulu,13A,Tone,Simple tone system,Canonici-1989;Doke-1926;Doke-1961;Poulos-and-Bosch-1997;Poulos-and-Msimang-1998;Ziervogel-et-al-1981,
13A-sla,sla,Slave,13A,Tone,Simple tone system,Rice-1989;Rice-1976;Rice-1978,
13A-aeg,aeg,Arabic (Egyptian),13A,Tone,No tones,Kennedy-1960;Mitchell-1962;Tomiche-1964,
13A-grw,grw,Greenlandic (West),13A,Tone,No tones,Rischel-1974,
13A-hix,hix,Hixkaryana,13A,Tone,No tones,Derbyshire-1985,
13A-swa,swa,Swahili,13A,Tone,No tones,Polome-nd,
13A-vie,vie,Vietnamese,13A,Tone,Complex tone system,Emeneau-1951;Thompson-1965;Nguyen-1974a;Nguyen-1990,
13A-hin,hin,Hindi,13A,Tone,No tones,Ohala-1983;Ohala-1999;Kelkar-1968,
13A-ckr,ckr,Canela-Krahô,13A,Tone,No tones,Popjes-and-Popjes-1986,
13A-tag,tag,Tagalog,13A,Tone,No tones,Schachter-and-Otanes-1972;Bloomfield-1917,
13A-geo,geo,Georgian,13A,Tone,No tones,Neisser-1953;Selmer-1935;Robins-and-Waterson-1952;Vogt-1958;Tschenkeli-1958;Hewitt-1995;Vogt-1971;Vogt-1938,
13A-knd,knd,Kannada,13A,Tone,No tones,Sridhar-1990;Upadhyaya-1972;Steever-1998b,
13A-kha,kha,Khalkha,13A,Tone,No tones,Hangin-1968;Street-1963;Luvsanvandan-1964;Svantesson-1985,
13A-mal,mal,Malagasy,13A,Tone,No tones,Dahl-1952;Dyen-1971b,
13A-sup,sup,Supyire,13A,Tone,Complex tone system,Carlson-1994,
13A-hau,hau,Hausa,13A,Tone,Simple tone system,Schuh-and-Bagari-1999;Newman-2000,
13A-mao,mao,Maori,13A,Tone,No tones,Bauer-1993,
13A-bsq,bsq,Basque,13A,Tone,No tones,Saltarelli-et-al-1988,
13A-abk,abk,Abkhaz,13A,Tone,No tones,Hewitt-1979,
13A-eve,eve,Evenki,13A,Tone,No tones,Nedjalkov-1997;Bulatova-and-Grenoble-1999,
13A-kor,kor,Korean,13A,Tone,No tones,Cho-1967;Martin-and-Lee-1969;Kim-1986;Lee-1999;Martin-1954;Kim-1972;Martin-1951,
13A-prs,prs,Persian,13A,Tone,No tones,Majidi-and-Ternes-1999;Obolensky-et-al-1963,
13A-ame,ame,Amele,13A,Tone,No tones,Roberts-1987,
13A-ger,ger,German,13A,Tone,No tones,Kohler-1999;Moulton-1962;Wangler-1972,
13A-grk,grk,Greek (Modern),13A,Tone,No tones,Householder-et-al-1964,
13A-lez,lez,Lezgian,13A,Tone,No tones,Kodzasov-1990a;Haspelmath-1993,
13A-jpn,jpn,Japanese,13A,Tone,Simple tone system,Martin-1952;Bloch-1950;Shibatani-1990;Jorden-1963,
13A-mnd,mnd,Mandarin,13A,Tone,Complex tone system,Hanyu-1960;Cheng-1973a;Dow-1972;Chao-1968,
13A-hun,hun,Hungarian,13A,Tone,No tones,Szende-1999;Banhidi-et-al-1965;Hall-1944,
13A-ind,ind,Indonesian,13A,Tone,No tones,Alwi-et-al-1998,
13A-fin,fin,Finnish,13A,Tone,No tones,Harms-1964;Lehtinen-1970;Wiik-1965,
13A-rus,rus,Russian,13A,Tone,No tones,Jones-and-Ward-1969;Halle-1959,
13A-spa,spa,Spanish,13A,Tone,No tones,Navarro-1961;Saporta-and-Contreras-1962;Harris-1969a,
13A-tur,tur,Turkish,13A,Tone,No tones,Zimmer-and-Orgun-1999,
13A-fre,fre,French,13A,Tone,No tones,Sten-1963;Fougeron-and-Smith-1999,
13A-eng,eng,English,13A,Tone,No tones,Gimson-1970,
13A-ndy,ndy,Ndyuka,13A,Tone,Simple tone system,Huttar-and-Huttar-1994;Huttar-and-Huttar-1972,
