ID,Language_ID,Language_name,Parameter_ID,Parameter_name,Value,Source,Comment
92A-ora,ora,Emai,92A,Position of Polar Question Particles,No question particle,Schaefer-and-Egbokhare-2007[ 19],
92A-xas,xas,Xasonga,92A,Position of Polar Question Particles,In either of two positions,Koite-Herschel-1981-1982[ 213],
92A-zhn,zhn,Zhuang (Northern),92A,Position of Polar Question Particles,Final,Yongxian-Luo-2008[ 356],
92A-ina,ina,Inanwatan,92A,Position of Polar Question Particles,Final,de-Vries-1996[ 49],
92A-lgt,lgt,Logoti,92A,Position of Polar Question Particles,Final,"Tucker-1967[ passim, 262]",
92A-nif,nif,Niuafo'ou,92A,Position of Polar Question Particles,No question particle,Early-2002[ 863],
92A-zzo,zzo,Zapotec (Zoogocho),92A,Position of Polar Question Particles,No question particle,Sonnenschein-2005[ 119-120],
92A-anu,anu,Anufo,92A,Position of Polar Question Particles,Final,Smye-2004[ 101],
92A-bkn,bkn,Bakundu,92A,Position of Polar Question Particles,Final,Ittmann-1971[299],
92A-eip,eip,Eipo,92A,Position of Polar Question Particles,No question particle,Heeschen-1998[ 153],
92A-mrq,mrq,Marquesan,92A,Position of Polar Question Particles,Initial,Lynch-2002a[ 875],
92A-ndi,ndi,Ngbandi,92A,Position of Polar Question Particles,No question particle,Toronzoni-1989[ 509],
92A-cup,cup,Cupeño,92A,Position of Polar Question Particles,No question particle,Hill-2005[ 387],
92A-hoa,hoa,Hoava,92A,Position of Polar Question Particles,No question particle,Davis-2003[ 317],
92A-mey,mey,Menya,92A,Position of Polar Question Particles,Final,Whitehead-2005[14],
92A-pdp,pdp,Folopa,92A,Position of Polar Question Particles,No question particle,,
92A-ano,ano,Anong,92A,Position of Polar Question Particles,No question particle,Sun-1988[ 61],
92A-dun,dun,Duna,92A,Position of Polar Question Particles,Final,,
92A-gdb,gdb,Gutob,92A,Position of Polar Question Particles,No question particle,Subba-Rao-and-Patnaik-1992[21],
92A-ifm,ifm,Ifumu,92A,Position of Polar Question Particles,Final,Makouta-Mboukou-1977[ 480];Calloch-1911[58],
92A-puq,puq,Puquina,92A,Position of Polar Question Particles,No question particle,Adelaar-2004[354],
92A-slg,slg,Sulung,92A,Position of Polar Question Particles,Final,Tayeng-1990b[passim],
92A-tet,tet,Tetela,92A,Position of Polar Question Particles,Final,Wetshemongo-1996[ 79],
92A-tsn,tsn,Tsonga,92A,Position of Polar Question Particles,In either of two positions,"Baumbach-1987[265, 267]",
92A-bik,bik,Biak,92A,Position of Polar Question Particles,No question particle,van-den-Heuvel-2006[ 148],
92A-hdi,hdi,Hdi,92A,Position of Polar Question Particles,Final,Frajzyngier-and-Shay-2002[ 355],
92A-loz,loz,Lozi,92A,Position of Polar Question Particles,In either of two positions,Mwisiya-1977[154],
92A-nke,nke,Nkem,92A,Position of Polar Question Particles,Final,Sibomana-1986[ 287],
92A-sko,sko,Skou,92A,Position of Polar Question Particles,Final,Voorhoeve-1971[ D],
92A-uli,uli,Ulithian,92A,Position of Polar Question Particles,No question particle,Lynch-2002b[ 802],
92A-wn,wn,Wik Ngathana,92A,Position of Polar Question Particles,Final,Sutton-1978[ 296],
92A-cga,cga,Chaga,92A,Position of Polar Question Particles,Final,Raum-1909[183],
92A-ghr,ghr,Bunan,92A,Position of Polar Question Particles,Final,Sharma-1989b[255],
92A-foe,foe,Foe,92A,Position of Polar Question Particles,No question particle,"Rule-1977[46, 53]",
92A-sea,sea,Southeast Ambrym,92A,Position of Polar Question Particles,No question particle,Crowley-2002b[ 669],
92A-wtm,wtm,Watam,92A,Position of Polar Question Particles,No question particle,Anonymous-5[passim],
92A-bti,bti,Betoi,92A,Position of Polar Question Particles,No question particle,"Zamponi-2003b[32, 38]",
92A-des,des,Desano,92A,Position of Polar Question Particles,No question particle,Miller-1999[ 8],
92A-ebi,ebi,Ebira,92A,Position of Polar Question Particles,In either of two positions,"Adive-1989[86, 123]",
92A-mni,mni,Moni,92A,Position of Polar Question Particles,No question particle,"Boelaars-1950[108, 153]",
92A-bgn,bgn,Bugun,92A,Position of Polar Question Particles,Final,Dondrup-1990[19],
92A-jug,jug,Jugli,92A,Position of Polar Question Particles,No question particle,Rekhung-1988a[11],
92A-krj,krj,Karadjeri,92A,Position of Polar Question Particles,Initial,"Capell-1962b[64, 83]",
92A-khi,khi,Khinalug,92A,Position of Polar Question Particles,No question particle,Kibrik-1994b[406],
92A-skn,skn,Sikuani,92A,Position of Polar Question Particles,No question particle,Queixalos-2000[383],
92A-tho,tho,Thompson,92A,Position of Polar Question Particles,In either of two positions,"Thompson-and-Thompson-1992[ 163, 166]",
92A-aab,aab,Arapesh (Abu),92A,Position of Polar Question Particles,Final,Nekitel-1985[99],
92A-deu,deu,Deuri,92A,Position of Polar Question Particles,No question particle,Goswami-1994[18],
92A-dhi,dhi,Dhivehi,92A,Position of Polar Question Particles,Final,Fritz-2002[260],
92A-mkh,mkh,Mongol (Khamnigan),92A,Position of Polar Question Particles,Final,Janhunen-2003[97],
92A-mri,mri,Moraori,92A,Position of Polar Question Particles,Final,"Boelaars-1950[47, 152]",
92A-nnd,nnd,Nend,92A,Position of Polar Question Particles,No question particle,Harris-1990[ 153],
92A-pis,pis,Pisa,92A,Position of Polar Question Particles,Final,Boelaars-1950[152],
92A-skw,skw,Shekhawati,92A,Position of Polar Question Particles,No question particle,Gusain-2001[53],
92A-tni,tni,Tinani,92A,Position of Polar Question Particles,No question particle,Sharma-1989b[179],
92A-tsz,tsz,Tsez,92A,Position of Polar Question Particles,No question particle,Alekseev-and-Radzhabov-2004[144],
92A-tai,tai,Tuareg (Air),92A,Position of Polar Question Particles,No question particle,Galand-1974[20],
92A-baf,baf,Bafut,92A,Position of Polar Question Particles,No question particle,Chumbow-and-Tamanji-1994[212],
92A-bao,bao,Bao'an,92A,Position of Polar Question Particles,No question particle,Wu-2003[343],
92A-bnu,bnu,Bularnu,92A,Position of Polar Question Particles,Initial,"Breen-1980[87, 96]",
92A-dul,dul,Dulong,92A,Position of Polar Question Particles,Final,LaPolla-2003a[ 678],
92A-guh,guh,Guhu-Samane,92A,Position of Polar Question Particles,Final,Richert-1975[777],
92A-idu,idu,Idu,92A,Position of Polar Question Particles,No question particle,Pulu-1978[25],
92A-kby,kby,Kabiyé,92A,Position of Polar Question Particles,Final,Lebikaza-1999[513],
92A-kmr,kmr,Kamoro,92A,Position of Polar Question Particles,No question particle,Boelaars-1950[passim],
92A-kyp,kyp,Kayapó,92A,Position of Polar Question Particles,Initial,Thomson-and-Stout-1974b[82],
92A-lho,lho,Lhomi,92A,Position of Polar Question Particles,No question particle,Vesalainen-and-Vesalainen-1980[81],
92A-lun,lun,Lungchang,92A,Position of Polar Question Particles,Final,Rekhung-1988b[passim],
92A-mke,mke,Mekeo,92A,Position of Polar Question Particles,Final,Jones-1998a[428-429],
92A-nyk,nyk,Nyamkad,92A,Position of Polar Question Particles,No question particle,Sharma-1992[190],
92A-shh,shh,Sharanahua,92A,Position of Polar Question Particles,Final,Scott-and-Frantz-1974[84],
92A-biu,biu,Bisu,92A,Position of Polar Question Particles,No question particle,Nishida-1973[73],
92A-bbf,bbf,Bobo Madaré (Northern),92A,Position of Polar Question Particles,Final,Prost-1983[ 47],
92A-coa,coa,Coahuilteco,92A,Position of Polar Question Particles,No question particle,Troike-1967[328-329],
92A-ega,ega,Ega,92A,Position of Polar Question Particles,Final,Richard-1983[passim],
92A-kwz,kwz,Kwaza,92A,Position of Polar Question Particles,No question particle,van-der-Voort-2004[ 297],
92A-mgk,mgk,Mungaka,92A,Position of Polar Question Particles,Final,Tischhauser-1992[25],
92A-svs,svs,Savosavo,92A,Position of Polar Question Particles,No question particle,Wegener-2008[ 244],
92A-zaz,zaz,Zazaki,92A,Position of Polar Question Particles,No question particle,,
92A-acn,acn,Achang,92A,Position of Polar Question Particles,Final,Dai-and-Cui-1985[58],
92A-bem,bem,Bemba,92A,Position of Polar Question Particles,In either of two positions,van-Sambeek-1955[48],
92A-bon,bon,Bongu,92A,Position of Polar Question Particles,Final,Hanke-1909[84],
92A-kil,kil,Kiluba,92A,Position of Polar Question Particles,Final,DeClercq-1929[31],
92A-mus,mus,Mussau,92A,Position of Polar Question Particles,Final,Ross-2002b[ 165],
92A-ngb,ngb,Ngbaka (Minagende),92A,Position of Polar Question Particles,Final,Thomas-1963[250];GrandEury-1991[ 250],
92A-omh,omh,Omaha,92A,Position of Polar Question Particles,Final,Dorsey-1890[passim],
92A-ron,ron,Ron,92A,Position of Polar Question Particles,Final,Seibert-1998[117],
92A-snn,snn,Soninke,92A,Position of Polar Question Particles,Final,Diagana-1995[417],
92A-wth,wth,Wathawurrung,92A,Position of Polar Question Particles,Initial,Blake-et-al-1998a[84],
92A-xav,xav,Xavánte,92A,Position of Polar Question Particles,Initial,McLeod-and-Mitchell-1980[passim],
92A-crp,crp,Carapana,92A,Position of Polar Question Particles,No question particle,Metzger-1981[44-45],
92A-ige,ige,Igede,92A,Position of Polar Question Particles,Final,Bergman-1981[37],
92A-iwm,iwm,Iwam,92A,Position of Polar Question Particles,Final,Conrad-1971[55],
92A-kae,kae,Kaki Ae,92A,Position of Polar Question Particles,No question particle,Clifton-1997[25],
92A-max,max,Maxakalí,92A,Position of Polar Question Particles,Initial,Popovich-and-Popovich-2005[53],
92A-mdo,mdo,Mbodomo,92A,Position of Polar Question Particles,Final,Boyd-1997[ 166],
92A-sob,sob,Sobei,92A,Position of Polar Question Particles,Final,Sterner-and-Ross-2002[ 183],
92A-tke,tke,Tokelauan,92A,Position of Polar Question Particles,No question particle,Hooper-1996[30],
92A-ble,ble,Baule,92A,Position of Polar Question Particles,No question particle,Carteron-1972[87-88],
92A-cml,cml,Camling,92A,Position of Polar Question Particles,No question particle,Ebert-1997a[53],
92A-dmk,dmk,Dumaki,92A,Position of Polar Question Particles,Final,Lorimer-1939[102],
92A-kba,kba,Kamba,92A,Position of Polar Question Particles,No question particle,Whiteley-and-Muli-1962[98],
92A-knw,knw,Konkow,92A,Position of Polar Question Particles,No question particle,Ultan-1967[107],
92A-kuu,kuu,Kuuku Ya'u,92A,Position of Polar Question Particles,No question particle,Thompson-1988[46],
92A-ldo,ldo,Londo,92A,Position of Polar Question Particles,Final,Kuperus-1985[178],
92A-mtt,mtt,Massachusett,92A,Position of Polar Question Particles,No question particle,Goddard-and-Bragdon-1988[545],
92A-mzh,mzh,Mazatec (Huautla),92A,Position of Polar Question Particles,Initial,Pike-1967[321],
92A-nnk,nnk,Nankina,92A,Position of Polar Question Particles,No question particle,Spaulding-and-Spaulding-1994[138],
92A-nkb,nkb,Ngalkbun,92A,Position of Polar Question Particles,Initial,"Capell-1962b[108, 112]",
92A-sle,sle,Samba Leko,92A,Position of Polar Question Particles,Final,Fabre-2003[273],
92A-tbw,tbw,Tabwa,92A,Position of Polar Question Particles,No question particle,de-Beerst-1896[314],
92A-taf,taf,Taiof,92A,Position of Polar Question Particles,No question particle,Ross-2002g[438],
92A-all,all,Ala'ala,92A,Position of Polar Question Particles,Initial,Ross-2002d[ 359],
92A-gal,gal,Galo,92A,Position of Polar Question Particles,No question particle,Das-Gupta-1963[26],
92A-kpw,kpw,Karen (Pwo),92A,Position of Polar Question Particles,Final,Kato-2003[640],
92A-kmn,kmn,Kuman,92A,Position of Polar Question Particles,No question particle,Trefry-1969[50],
92A-kum,kum,Kumauni,92A,Position of Polar Question Particles,In either of two positions,Apte-and-Pattanayak-1967[60],
92A-lac,lac,Lacandón,92A,Position of Polar Question Particles,Final,Bruce-1968[84],
92A-lew,lew,Lewo,92A,Position of Polar Question Particles,Final,Early-1994a[ 332],
92A-msc,msc,Muisca,92A,Position of Polar Question Particles,No question particle,Adelaar-2004[93],
92A-nze,nze,Naga (Zeme),92A,Position of Polar Question Particles,Final,Soppitt-1885[22-23],
92A-pod,pod,Podoko,92A,Position of Polar Question Particles,Final,Jarvis-1989[109],
92A-smn,smn,Seminole,92A,Position of Polar Question Particles,No question particle,Nathan-1977[139],
92A-she,she,Sherpa,92A,Position of Polar Question Particles,Final,Schottelndreyer-and-Schottelndreyer-1973[passim],
92A-sud,sud,Sudest,92A,Position of Polar Question Particles,No question particle,Anderson-and-Ross-2002[344],
92A-tao,tao,Tarao,92A,Position of Polar Question Particles,Final,Singh-2002[99-100],
92A-tbt,tbt,Tobati,92A,Position of Polar Question Particles,No question particle,Donohue-2002[202],
92A-adz,adz,Adzera,92A,Position of Polar Question Particles,No question particle,Holzknecht-1986[ 141],
92A-azi,azi,Azari (Iranian),92A,Position of Polar Question Particles,No question particle,Dehghani-2000[208],
92A-bus,bus,Busa,92A,Position of Polar Question Particles,Final,Wedekind-1972[43-46],
92A-dha,dha,Dhaasanac,92A,Position of Polar Question Particles,No question particle,Tosco-2001[276],
92A-djm,djm,Djambarrpuyngu,92A,Position of Polar Question Particles,No question particle,Wilkinson-1991[623];Buchanan-1978[170],
92A-gav,gav,Gavião,92A,Position of Polar Question Particles,Initial,Moore-1984[105-106],
92A-gnb,gnb,Gunbalang,92A,Position of Polar Question Particles,No question particle,Harris-1969b[38],
92A-iwa,iwa,Iwaidja,92A,Position of Polar Question Particles,In either of two positions,Capell-1962b[165],
92A-jar,jar,Jarawa (in Nigeria),92A,Position of Polar Question Particles,Final,Lukas-and-Willms-1961[23],
92A-kdz,kdz,Kadazan,92A,Position of Polar Question Particles,Second position,Antonissen-1958[38],
92A-kel,kel,Kele,92A,Position of Polar Question Particles,Final,Ross-2002k[145],
92A-ksa,ksa,Keresan (Santa Ana),92A,Position of Polar Question Particles,Initial,Davis-1964[119];Davis-1960[100],
92A-mek,mek,Mekens,92A,Position of Polar Question Particles,Final,Galucio-2001[161],
92A-mer,mer,Meryam Mir,92A,Position of Polar Question Particles,No question particle,Piper-1989[192],
92A-mpu,mpu,Mpur,92A,Position of Polar Question Particles,Final,Ode-2002[67],
92A-ong,ong,Onge,92A,Position of Polar Question Particles,Initial,Dasgupta-and-Sharma-1982[passim],
92A-sta,sta,Santa,92A,Position of Polar Question Particles,No question particle,Kim-2003[358],
92A-sap,sap,Sapuan,92A,Position of Polar Question Particles,Final,Jacq-and-Sidwell-1999[23],
92A-sia,sia,Siane,92A,Position of Polar Question Particles,No question particle,Salisbury-1956[462],
92A-swt,swt,Swati,92A,Position of Polar Question Particles,Final,Ziervogel-1952[200],
92A-thy,thy,Kuuk Thaayorre,92A,Position of Polar Question Particles,No question particle,Hall-1972[64],
92A-chx,chx,Chontal (Huamelultec Oaxaca),92A,Position of Polar Question Particles,Initial,Waterhouse-1967[364],
92A-drm,drm,Darma,92A,Position of Polar Question Particles,Initial,Sharma-1989a[94],
92A-dim,dim,Dime,92A,Position of Polar Question Particles,No question particle,Fleming-1990[539],
92A-ene,ene,Enets,92A,Position of Polar Question Particles,No question particle,Kunnap-1999a[40],
92A-gap,gap,Gapapaiwa,92A,Position of Polar Question Particles,Final,McGuckin-2002[317],
92A-gel,gel,Gela,92A,Position of Polar Question Particles,Final,Crowley-2002a[536],
92A-git,git,Gitksan,92A,Position of Polar Question Particles,Final,Rigsby-1986[296],
92A-ken,ken,Kenga,92A,Position of Polar Question Particles,Final,Vandame-1968[60],
92A-kje,kje,Koreguaje,92A,Position of Polar Question Particles,No question particle,Cook-and-Criswell-1993[iv],
92A-lmh,lmh,Lamaholot,92A,Position of Polar Question Particles,No question particle,Nishiyama-and-Kelen-2007[ 130],
92A-mts,mts,Matis,92A,Position of Polar Question Particles,No question particle,Ferreira-2001[79],
92A-mbi,mbi,Mbili,92A,Position of Polar Question Particles,Other position,Ayuninjam-1998[356],
92A-mco,mco,Mixe (Coatlán),92A,Position of Polar Question Particles,In either of two positions,Van-Haitsma-and-Van-Haitsma-1976[102-102],
92A-mov,mov,Movima,92A,Position of Polar Question Particles,No question particle,Haude-2006[ passim],
92A-nad,nad,Nadëb,92A,Position of Polar Question Particles,No question particle,Weir-1994[292],
92A-nag,nag,Nagatman,92A,Position of Polar Question Particles,Final,"Campbell-and-Campbell-1987[22, 54]",
92A-oya,oya,Oriya,92A,Position of Polar Question Particles,Final,Ray-2003[474],
92A-osa,osa,Osage,92A,Position of Polar Question Particles,No question particle,Quintero-1997[33],
92A-rov,rov,Roviana,92A,Position of Polar Question Particles,No question particle,Corston-Oliver-2002[494],
92A-stl,stl,Santali,92A,Position of Polar Question Particles,No question particle,Neukom-2001[ 48];Macphail-1953[12],
92A-tny,tny,Tenyer,92A,Position of Polar Question Particles,Final,Prost-1964h[239],
92A-tgl,tgl,Tshangla,92A,Position of Polar Question Particles,Final,"Andvik-1999[ 43];Das-Gupta-1968[51, 52]",
92A-tte,tte,Tutelo,92A,Position of Polar Question Particles,No question particle,Oliverio-1996[117],
92A-tuy,tuy,Tuyuca,92A,Position of Polar Question Particles,No question particle,Barnes-1994[328],
92A-usr,usr,Usarufa,92A,Position of Polar Question Particles,No question particle,"Bee-1973[261, passim]",
92A-yal,yal,Yale (Kosarek),92A,Position of Polar Question Particles,No question particle,Heeschen-1992[17],
92A-amn,amn,Amanab,92A,Position of Polar Question Particles,In either of two positions,Minch-1992[140],
92A-aml,aml,Ambae (Lolovoli Northeast),92A,Position of Polar Question Particles,No question particle,Hyslop-2001[ 49],
92A-apw,apw,Apache (Western),92A,Position of Polar Question Particles,No question particle,Edgerton-1963[137],
92A-ams,ams,Arabic (Modern Standard),92A,Position of Polar Question Particles,Initial,Cowan-1958[11],
92A-blt,blt,Balti,92A,Position of Polar Question Particles,No question particle,Read-1934[57],
92A-bsh,bsh,Bushoong,92A,Position of Polar Question Particles,No question particle,Edmiston-1932[204],
92A-can,can,Candoshi,92A,Position of Polar Question Particles,No question particle,Anderson-and-Wise-1963[89],
92A-cea,cea,Cree (Swampy),92A,Position of Polar Question Particles,Second position,Ellis-1975[1.1-121],
92A-gah,gah,Gahuku,92A,Position of Polar Question Particles,No question particle,Deibler-1976[43],
92A-hya,hya,Haya,92A,Position of Polar Question Particles,No question particle,Bennett-1977[185],
92A-ho,ho,Ho,92A,Position of Polar Question Particles,Final,"Deeney-1975[3, 96]",
92A-khr,khr,Kharia,92A,Position of Polar Question Particles,Final,,
92A-knn,knn,Kinnauri,92A,Position of Polar Question Particles,No question particle,"Sharma-1988[184, 194]",
92A-kta,kta,Koita,92A,Position of Polar Question Particles,Final,Dutton-1975[304],
92A-kni,kni,Konni,92A,Position of Polar Question Particles,No question particle,Cahill-1999[11],
92A-lag,lag,Lagwan,92A,Position of Polar Question Particles,Final,Lukas-1936[62],
92A-mmb,mmb,Mangap-Mbula,92A,Position of Polar Question Particles,Final,Bugenhagen-1995[passim],
92A-mas,mas,Masa,92A,Position of Polar Question Particles,Final,Caitucoli-1986[48],
92A-mea,mea,Meyah,92A,Position of Polar Question Particles,Final,Gravelle-2002[passim];Gravelle-2004[ 332],
92A-noc,noc,Nocte,92A,Position of Polar Question Particles,No question particle,Das-Gupta-1971[16-19],
92A-qia,qia,Qiang,92A,Position of Polar Question Particles,No question particle,LaPolla-2003b[179],
92A-tak,tak,Takia,92A,Position of Polar Question Particles,Final,Ross-2002h[241],
92A-tob,tob,Toba,92A,Position of Polar Question Particles,No question particle,Klein-2001[45],
92A-zya,zya,Zapotec (Yatzachi),92A,Position of Polar Question Particles,Initial,Butler-1980[113],
92A-alk,alk,Arop-Lokep,92A,Position of Polar Question Particles,No question particle,DJernes-2002[266],
92A-goe,goe,Goemai,92A,Position of Polar Question Particles,Final,Hellwig-2003[39],
92A-hma,hma,Hmar,92A,Position of Polar Question Particles,Final,Dutta-Baruah-and-Bapui-1996[137],
92A-kar,kar,Kara (in Central African Republic),92A,Position of Polar Question Particles,Final,Santandrea-1970[126],
92A-klw,klw,Kiliwa,92A,Position of Polar Question Particles,No question particle,Mixco-1971[186],
92A-kmo,kmo,Koiali (Mountain),92A,Position of Polar Question Particles,Second position,Garland-and-Garland-1975[444],
92A-kun,kun,Kuna,92A,Position of Polar Question Particles,No question particle,Gianelli-2001[§7],
92A-kxo,kxo,Kxoe,92A,Position of Polar Question Particles,Final,Kohler-1981[539],
92A-laa,laa,Laal,92A,Position of Polar Question Particles,In either of two positions,Boyeldieu-1982[189-190],
92A-lot,lot,Lotha,92A,Position of Polar Question Particles,No question particle,"Acharya-1983[127-128, 134]",
92A-mbr,mbr,Mbara,92A,Position of Polar Question Particles,Final,Tourneux-et-al-1986[190],
92A-mxj,mxj,Mixtec (Jicaltepec),92A,Position of Polar Question Particles,Final,Bradley-1970[39],
92A-mxy,mxy,Mixtec (Yosondúa),92A,Position of Polar Question Particles,Final,Farris-1992[46],
92A-ngn,ngn,Ngandi,92A,Position of Polar Question Particles,Initial,Heath-1978[111],
92A-oro,oro,Orokaiva,92A,Position of Polar Question Particles,Final,Healey-et-al-1969[55],
92A-sna,sna,Shina,92A,Position of Polar Question Particles,No question particle,Bailey-1924[75],
92A-wak,wak,Wakhi,92A,Position of Polar Question Particles,No question particle,"Lorimer-1958[199, 208]",
92A-yok,yok,Yokuts (Yaudanchi),92A,Position of Polar Question Particles,Initial,Kroeber-1904[221],
92A-aar,aar,Aari,92A,Position of Polar Question Particles,No question particle,Hayward-1990a[478-479],
92A-aga,aga,Agarabi,92A,Position of Polar Question Particles,No question particle,Goddard-1967[19],
92A-bdm,bdm,Badimaya,92A,Position of Polar Question Particles,No question particle,Dunn-1988[114],
92A-bmb,bmb,Bimoba,92A,Position of Polar Question Particles,No question particle,Jacobs-1970[18-19],
92A-bgo,bgo,Bongo,92A,Position of Polar Question Particles,Final,Santandrea-1963[48],
92A-bum,bum,Buma,92A,Position of Polar Question Particles,No question particle,Tryon-2002[584],
92A-cai,cai,Chai,92A,Position of Polar Question Particles,No question particle,Last-and-Lucassen-1998[414],
92A-eud,eud,Eudeve,92A,Position of Polar Question Particles,Initial,Shaul-1991[94],
92A-fri,fri,Frisian,92A,Position of Polar Question Particles,No question particle,Tiersma-1985[116],
92A-gln,gln,Golin,92A,Position of Polar Question Particles,No question particle,Bunn-1974[33],
92A-gul,gul,Gula (in Central African Republic),92A,Position of Polar Question Particles,Final,Nougayrol-1999[70],
92A-kau,kau,Kaulong,92A,Position of Polar Question Particles,Final,Ross-2002i[408],
92A-kim,kim,Kimaghama,92A,Position of Polar Question Particles,Final,Boelaars-1950[152],
92A-koe,koe,Koegu,92A,Position of Polar Question Particles,No question particle,Hieda-1998[369],
92A-kyk,kyk,Kyaka,92A,Position of Polar Question Particles,No question particle,Draper-and-Draper-2002[66],
92A-lis,lis,Lisu,92A,Position of Polar Question Particles,No question particle,Hope-1974[157],
92A-mru,mru,Maru,92A,Position of Polar Question Particles,Final,"Clerk-1911[25, passim];Abbey-1899[22]",
92A-mno,mno,Mono (in United States),92A,Position of Polar Question Particles,Second position,Norris-1986[43],
92A-mwo,mwo,Mwotlap,92A,Position of Polar Question Particles,No question particle,Crowley-2002d[598],
92A-ngo,ngo,Ngoni,92A,Position of Polar Question Particles,No question particle,Ngonyani-2003[90],
92A-nha,nha,Nhanda,92A,Position of Polar Question Particles,No question particle,Blevins-2001[135],
92A-ptt,ptt,Pattani,92A,Position of Polar Question Particles,No question particle,Sharma-2000[passim],
92A-pok,pok,Poko-Rawo,92A,Position of Polar Question Particles,Final,,
92A-prk,prk,Purki,92A,Position of Polar Question Particles,No question particle,"Rangan-1979[106, 148]",
92A-rit,rit,Ritharngu,92A,Position of Polar Question Particles,Final,Heath-1980a[56],
92A-rwe,rwe,Romani (Welsh),92A,Position of Polar Question Particles,Initial,Sampson-1926[222],
92A-rum,rum,Rumu,92A,Position of Polar Question Particles,Final,"Petterson-1999[14, passim]",
92A-run,run,Runga,92A,Position of Polar Question Particles,No question particle,Nougayrol-1989[62],
92A-srd,srd,Sardinian,92A,Position of Polar Question Particles,Initial,Jones-1988[341],
92A-akh,akh,Akha,92A,Position of Polar Question Particles,Final,"Hansson-2003[ 251];Dellinger-1969[11, 165]",
92A-ang,ang,Anggor,92A,Position of Polar Question Particles,No question particle,Litteral-1980[72],
92A-ass,ass,Assamese,92A,Position of Polar Question Particles,No question particle,Goswami-and-Tamuli-2003[436],
92A-gon,gon,Gondi,92A,Position of Polar Question Particles,Final,"Subrahmanyam-1968[78, 90]",
92A-hnd,hnd,Hunde,92A,Position of Polar Question Particles,In either of two positions,Kahombo-1992[171],
92A-hpd,hpd,Hup,92A,Position of Polar Question Particles,No question particle,Epps-2008[ 784],
92A-kwn,kwn,Kwangali,92A,Position of Polar Question Particles,Final,Dammann-1957[115],
92A-ldu,ldu,Lendu,92A,Position of Polar Question Particles,Second position,Tucker-1967[406],
92A-mae,mae,Mae,92A,Position of Polar Question Particles,Final,Capell-1962a[7],
92A-mrw,mrw,Muruwari,92A,Position of Polar Question Particles,Initial,Oates-1988[209],
92A-nma,nma,Naga (Mao),92A,Position of Polar Question Particles,Final,Giridhar-1994[396-397],
92A-nph,nph,Nar-Phu,92A,Position of Polar Question Particles,No question particle,Noonan-2003a[350],
92A-paa,paa,Pa'a,92A,Position of Polar Question Particles,No question particle,Skinner-1979[89-91],
92A-rny,rny,Runyankore,92A,Position of Polar Question Particles,No question particle,Morris-and-Kirwan-1972[20-21],
92A-son,son,Sonsorol-Tobi,92A,Position of Polar Question Particles,Initial,Capell-1969[78],
92A-sti,sti,Stieng,92A,Position of Polar Question Particles,Final,Miller-1976[18],
92A-tmo,tmo,Tibetan (Modern Literary),92A,Position of Polar Question Particles,No question particle,"Goldstein-1991[18-20, 60-62]",
92A-wrn,wrn,Warndarang,92A,Position of Polar Question Particles,No question particle,Heath-1980b[87],
92A-zay,zay,Zayse,92A,Position of Polar Question Particles,No question particle,Hayward-1990b[302-307],
92A-apt,apt,Apatani,92A,Position of Polar Question Particles,Final,Abraham-1985[103],
92A-blr,blr,Belorussian,92A,Position of Polar Question Particles,Initial,Mayo-1993[926],
92A-bil,bil,Bilua,92A,Position of Polar Question Particles,No question particle,Obata-2003,
92A-bii,bii,Biri,92A,Position of Polar Question Particles,No question particle,Terrill-1998[56],
92A-chg,chg,Chang,92A,Position of Polar Question Particles,Final,Hutton-1987[44],
92A-cmr,cmr,Chin (Mara),92A,Position of Polar Question Particles,Final,Lorrain-1951[45],
92A-chs,chs,Chin (Siyin),92A,Position of Polar Question Particles,Final,Naylor-1925[13],
92A-grj,grj,Guarijío,92A,Position of Polar Question Particles,No question particle,Miller-1996a[112],
92A-juk,juk,Jukun,92A,Position of Polar Question Particles,Final,"Shimuzu-1980[269-271, 315]",
92A-kbl,kbl,Kabyle,92A,Position of Polar Question Particles,No question particle,Chaker-1983[146],
92A-kaa,kaa,Karó (Arára),92A,Position of Polar Question Particles,Final,Gabas-1999[128],
92A-kem,kem,Kemant,92A,Position of Polar Question Particles,No question particle,Appleyard-1975[344],
92A-maj,maj,Majang,92A,Position of Polar Question Particles,Final,Unseth-1989[125],
92A-mlg,mlg,Malgwa,92A,Position of Polar Question Particles,No question particle,Lohr-2002[249],
92A-man,man,Mano,92A,Position of Polar Question Particles,No question particle,Becker-Donner-1965[30],
92A-mee,mee,Me'en,92A,Position of Polar Question Particles,Final,Will-1989[146],
92A-nev,nev,Nevome,92A,Position of Polar Question Particles,Initial,Shaul-1982[97-98],
92A-nwd,nwd,Newar (Dolakha),92A,Position of Polar Question Particles,Final,"Genetti-1990[237, 254]",
92A-nkn,nkn,Nkonya,92A,Position of Polar Question Particles,Final,"Painter-1970[370, 374]",
92A-ocu,ocu,Ocuilteco,92A,Position of Polar Question Particles,Initial,Muntzel-1986[145],
92A-sar,sar,Sare,92A,Position of Polar Question Particles,No question particle,Sumbuk-2002,
92A-skk,skk,Sikkimese,92A,Position of Polar Question Particles,Final,Sandberg-1888[46],
92A-uld,uld,Uldeme,92A,Position of Polar Question Particles,Final,de-Colombel-1997[82],
92A-wal,wal,Walman,92A,Position of Polar Question Particles,Final,,
92A-yng,yng,Yingkarta,92A,Position of Polar Question Particles,No question particle,Dench-1998[63],
92A-zch,zch,Zoque (Chimalapa),92A,Position of Polar Question Particles,No question particle,Johnson-2000[312],
92A-amq,amq,Ambai,92A,Position of Polar Question Particles,Final,Silzer-1983[223],
92A-bho,bho,Bhojpuri,92A,Position of Polar Question Particles,Initial,Shukla-1981[311],
92A-btk,btk,Bontok,92A,Position of Polar Question Particles,Initial,Seidenadel-1909[159],
92A-duk,duk,Duka,92A,Position of Polar Question Particles,Final,"Bendor-Samuel-et-al-1973[45-48, passim]",
92A-eno,eno,Enggano,92A,Position of Polar Question Particles,No question particle,Kahler-1940[84],
92A-gok,gok,Gokana,92A,Position of Polar Question Particles,Initial,,
92A-ifu,ifu,Ifugao (Batad),92A,Position of Polar Question Particles,Initial,"Newell-1993[34, 528]",
92A-kbw,kbw,Karen (Bwe),92A,Position of Polar Question Particles,Final,Henderson-1997[passim],
92A-kok,kok,Kokborok,92A,Position of Polar Question Particles,No question particle,Karapurkar-1976[72],
92A-kre,kre,Kresh,92A,Position of Polar Question Particles,Final,"Santandrea-1976[60, 130, 140]",
92A-kuv,kuv,Kuvi,92A,Position of Polar Question Particles,Final,Israel-1979[225],
92A-msg,msg,Mising,92A,Position of Polar Question Particles,No question particle,Prasad-1991[96],
92A-mut,mut,Mutsun,92A,Position of Polar Question Particles,Initial,Okrand-1977[226],
92A-nam,nam,Namia,92A,Position of Polar Question Particles,Final,Feldpausch-and-Feldpausch-1992[75],
92A-ndb,ndb,Ndebele (in South Africa),92A,Position of Polar Question Particles,Final,Bowern-and-Lotridge-2002[59],
92A-ngd,ngd,Ngad'a,92A,Position of Polar Question Particles,No question particle,Arndt-1933b[41],
92A-olo,olo,Olo,92A,Position of Polar Question Particles,Final,"Staley-nd[xxxi, passim]",
92A-pga,pga,Pilagá,92A,Position of Polar Question Particles,Initial,Vidal-2001[348],
92A-teo,teo,Teop,92A,Position of Polar Question Particles,No question particle,"Mosel-and-Spriggs-1992[11, 119]",
92A-zap,zap,Zapotec (Mitla),92A,Position of Polar Question Particles,Initial,Briggs-1961[passim],
92A-adi,adi,Adioukrou,92A,Position of Polar Question Particles,Final,Herault-1978[48-49],
92A-agc,agc,Agta (Central),92A,Position of Polar Question Particles,Initial,Healey-1960[93],
92A-agm,agm,Angami,92A,Position of Polar Question Particles,Final,Giridhar-1980[82-83],
92A-brf,brf,Berber (Rif),92A,Position of Polar Question Particles,Initial,Kossmann-2000[179],
92A-bra,bra,Brao,92A,Position of Polar Question Particles,Final,Keller-1976[56],
92A-gur,gur,Gurung,92A,Position of Polar Question Particles,Final,Glover-1974[140],
92A-izi,izi,Izi,92A,Position of Polar Question Particles,Final,Meier-et-al-1975[122-124],
92A-khg,khg,Khaling,92A,Position of Polar Question Particles,Final,"Toba-1984[4, passim]",
92A-krw,krw,Korowai,92A,Position of Polar Question Particles,Final,van-Enk-and-de-Vries-1997[95],
92A-lmg,lmg,Lamang,92A,Position of Polar Question Particles,Final,Wolff-1983[254-256],
92A-mny,mny,Margany,92A,Position of Polar Question Particles,Initial,Breen-1981a[339],
92A-mik,mik,Mikir,92A,Position of Polar Question Particles,No question particle,Jeyapaul-1987[151],
92A-mxo,mxo,Mixtec (Ocotepec),92A,Position of Polar Question Particles,Initial,Alexander-1988[181],
92A-nab,nab,Nabak,92A,Position of Polar Question Particles,No question particle,"Fabian-et-al-1998[31, 92]",
92A-tir,tir,Tiriyo,92A,Position of Polar Question Particles,No question particle,Meira-1999[560],
92A-tsf,tsf,Tsafiki,92A,Position of Polar Question Particles,No question particle,Dickinson-2002[119],
92A-tnn,tnn,Tunen,92A,Position of Polar Question Particles,Final,Dugast-1971[328],
92A-tzo,tzo,Tzotzil,92A,Position of Polar Question Particles,Initial,Cowan-1969[passim],
92A-way,way,Wayampi,92A,Position of Polar Question Particles,Second position,Jensen-1994[344],
92A-wly,wly,Wolaytta,92A,Position of Polar Question Particles,No question particle,Tucker-and-Bryan-1966[559],
92A-bnj,bnj,Bandjalang,92A,Position of Polar Question Particles,Initial,Crowley-1978[133],
92A-cem,cem,Cèmuhî,92A,Position of Polar Question Particles,Initial,Lynch-2002c[762],
92A-chh,chh,Chaha,92A,Position of Polar Question Particles,Final,Leslau-1950[22],
92A-efi,efi,Efik,92A,Position of Polar Question Particles,Initial,Welmers-1968a[22],
92A-gmz,gmz,Gumuz,92A,Position of Polar Question Particles,No question particle,Bender-1979[53];Uzar-1989[382],
92A-kkp,kkp,Karakalpak,92A,Position of Polar Question Particles,No question particle,"Wurm-1951[569, 571-574]",
92A-lal,lal,Lalo,92A,Position of Polar Question Particles,Final,"Bjorverud-1998[74, 141]",
92A-lmn,lmn,Lamani,92A,Position of Polar Question Particles,Final,Trail-1970[63],
92A-lbu,lbu,Lunda,92A,Position of Polar Question Particles,No question particle,Kawasha-2003[379],
92A-ngt,ngt,Naga (Tangkhul),92A,Position of Polar Question Particles,No question particle,Pettigrew-1918[39],
92A-ndj,ndj,Ndjébbana,92A,Position of Polar Question Particles,No question particle,McKay-2000[302],
92A-nyu,nyu,Nyulnyul,92A,Position of Polar Question Particles,Initial,McGregor-1996[27],
92A-obg,obg,Ogbronuagum,92A,Position of Polar Question Particles,Final,Kari-2000[49],
92A-tbo,tbo,Tboli,92A,Position of Polar Question Particles,Other position,Porter-1977[92],
92A-ten,ten,Tennet,92A,Position of Polar Question Particles,No question particle,Randal-1998[250],
92A-ath,ath,Athpare,92A,Position of Polar Question Particles,No question particle,Ebert-1997b[passim],
92A-chi,chi,Chimariko,92A,Position of Polar Question Particles,No question particle,Dixon-1910[331],
92A-cpl,cpl,Chinantec (Palantla),92A,Position of Polar Question Particles,No question particle,Merrifield-1968[1-3-104],
92A-fua,fua,Fula (Cameroonian),92A,Position of Polar Question Particles,Final,Stennes-1967[165],
92A-ful,ful,Fulniô,92A,Position of Polar Question Particles,No question particle,Lapenda-1968[128],
92A-ito,ito,Itonama,92A,Position of Polar Question Particles,No question particle,"Camp-and-Liccardi-1967[293, 303]",
92A-kik,kik,Kikuyu,92A,Position of Polar Question Particles,No question particle,Barlow-1960[passim],
92A-msn,msn,Maisin,92A,Position of Polar Question Particles,Final,"Ross-1984[22, 59]",
92A-mdn,mdn,Mandan,92A,Position of Polar Question Particles,No question particle,Kennard-1936[20],
92A-maw,maw,Maninka (Western),92A,Position of Polar Question Particles,Final,Delafosse-1929[258],
92A-mon,mon,Mon,92A,Position of Polar Question Particles,Final,"Bauer-1982a[464, 470]",
92A-mou,mou,Moru,92A,Position of Polar Question Particles,Final,Tucker-1967[passim 262],
92A-mgu,mgu,Musgu,92A,Position of Polar Question Particles,Final,Meyer-Bahlburg-1972[164],
92A-nnc,nnc,Nancowry,92A,Position of Polar Question Particles,Initial,Radhakrishnan-1970[101],
92A-shl,shl,Shilluk,92A,Position of Polar Question Particles,No question particle,Kohnen-1933[151],
92A-sng,sng,Sinaugoro,92A,Position of Polar Question Particles,Final,Kolia-1975[121],
92A-tps,tps,Tepehuan (Southeastern),92A,Position of Polar Question Particles,No question particle,Willett-1991[142],
92A-tus,tus,Tuscarora,92A,Position of Polar Question Particles,Second position,Williams-1976[44],
92A-url,url,Urak Lawoi',92A,Position of Polar Question Particles,Final,Hogan-1988[67],
92A-ywl,ywl,Yawelmani,92A,Position of Polar Question Particles,Initial,Newman-1944[237],
92A-amo,amo,Amo,92A,Position of Polar Question Particles,Final,Di-Luzio-1972[43],
92A-bln,bln,Bilin,92A,Position of Polar Question Particles,No question particle,Reinisch-1882[34],
92A-chw,chw,Cham (Western),92A,Position of Polar Question Particles,Final,Baumgartner-1998[16],
92A-cmy,cmy,Chontal Maya,92A,Position of Polar Question Particles,No question particle,Knowles-1984[329],
92A-coc,coc,Cocama,92A,Position of Polar Question Particles,Second position,Faust-1972[21],
92A-fas,fas,Fasu,92A,Position of Polar Question Particles,No question particle,Loeweke-and-May-1980[72],
92A-gim,gim,Gimira,92A,Position of Polar Question Particles,No question particle,Breeze-1990[33-34],
92A-guj,guj,Gujarati,92A,Position of Polar Question Particles,No question particle,Cardona-1965[46],
92A-jmo,jmo,Jur Mödö,92A,Position of Polar Question Particles,No question particle,Persson-and-Persson-1991[23],
92A-knc,knc,Kugu Nganhcara,92A,Position of Polar Question Particles,No question particle,Smith-and-Johnson-2000[436],
92A-mng,mng,Manggarai,92A,Position of Polar Question Particles,No question particle,Semiun-1993[25-26],
92A-mra,mra,Mara,92A,Position of Polar Question Particles,No question particle,Heath-1981[168],
92A-mka,mka,Mauka,92A,Position of Polar Question Particles,Final,Ebermann-1986a[173],
92A-mtu,mtu,Motu,92A,Position of Polar Question Particles,Final,Lawes-1888[15],
92A-ngk,ngk,Ngankikurungkurr,92A,Position of Polar Question Particles,No question particle,Hoddinott-and-Kofod-1988[214],
92A-pme,pme,Pomo (Eastern),92A,Position of Polar Question Particles,No question particle,McLendon-1975[171-172],
92A-src,src,Sarcee,92A,Position of Polar Question Particles,No question particle,Cook-1984[36],
92A-aro,aro,Arosi,92A,Position of Polar Question Particles,Final,Capell-1971[571],
92A-blx,blx,Biloxi,92A,Position of Polar Question Particles,Final,Einaudi-1976[80],
92A-cic,cic,Chichewa,92A,Position of Polar Question Particles,Initial,Bentley-and-Kulemeka-2001[39],
92A-cba,cba,Chumash (Barbareño),92A,Position of Polar Question Particles,No question particle,Kroeber-1904[34],
92A-don,don,Dong,92A,Position of Polar Question Particles,Final,"Long-and-Zheng-1998[152, 177]",
92A-emb,emb,Emberá (Northern),92A,Position of Polar Question Particles,No question particle,Loewen-1958[77],
92A-gds,gds,Gadsup,92A,Position of Polar Question Particles,No question particle,Frantz-and-McKaughan-1973[442],
92A-krn,krn,Korana,92A,Position of Polar Question Particles,Final,Meinhof-1930[61],
92A-mbm,mbm,Mbum,92A,Position of Polar Question Particles,Final,Hagege-1970[321],
92A-meh,meh,Mehri,92A,Position of Polar Question Particles,No question particle,Simeone-Senelle-1997[414],
92A-ngm,ngm,Ngambay,92A,Position of Polar Question Particles,Final,Vandame-1963[116];Thayer-1978[passim],
92A-sem,sem,Sema,92A,Position of Polar Question Particles,Final,"Sreedhar-1980[86, 178-180]",
92A-ses,ses,Sesotho,92A,Position of Polar Question Particles,No question particle,Paroz-1946[208],
92A-sio,sio,Sio,92A,Position of Polar Question Particles,Final,Clark-and-Clark-1987[23],
92A-tvl,tvl,Tuvaluan,92A,Position of Polar Question Particles,No question particle,Besnier-2000[ 7],
92A-uby,uby,Ubykh,92A,Position of Polar Question Particles,No question particle,"Charachidze-1989[385, 414]",
92A-urd,urd,Urdu,92A,Position of Polar Question Particles,Initial,Bender-1967[92],
92A-wrg,wrg,Warrgamay,92A,Position of Polar Question Particles,No question particle,Dixon-1981[83],
92A-yin,yin,Yindjibarndi,92A,Position of Polar Question Particles,Final,Wordick-1982[163-164],
92A-bfg,bfg,Berber (Figuig),92A,Position of Polar Question Particles,Initial,Kossmann-1997[305],
92A-kmj,kmj,Karimojong,92A,Position of Polar Question Particles,Final,Novelli-1985[127],
92A-moo,moo,Mooré,92A,Position of Polar Question Particles,Final,"Lehr-et-al-1966[16, 26]",
92A-nup,nup,Nupe,92A,Position of Polar Question Particles,In either of two positions,Smith-1967a[passim 50],
92A-paw,paw,Pawaian,92A,Position of Polar Question Particles,No question particle,"Trefry-1969[18, 50]",
92A-slb,slb,Saliba (in Papua New Guinea),92A,Position of Polar Question Particles,Final,Margetts-1999b[31],
92A-taj,taj,Tajik,92A,Position of Polar Question Particles,Final,Rastorgueva-1963[89],
92A-wem,wem,Wembawemba,92A,Position of Polar Question Particles,No question particle,Hercus-1969b[53-54],
92A-wik,wik,Wikchamni,92A,Position of Polar Question Particles,Initial,Gamble-1978[120],
92A-bud,bud,Buduma,92A,Position of Polar Question Particles,Final,Lukas-and-Nachtigal-1939[78],
92A-crn,crn,Cornish,92A,Position of Polar Question Particles,Initial,Jenner-1904[161],
92A-egn,egn,Engenni,92A,Position of Polar Question Particles,Final,Thomas-1978[57],
92A-ese,ese,Ese Ejja,92A,Position of Polar Question Particles,Initial,Shoemaker-and-Shoemaker-1967[213-227],
92A-hmi,hmi,Huitoto (Minica),92A,Position of Polar Question Particles,No question particle,Minor-et-al-1982[69],
92A-lmp,lmp,Lampung,92A,Position of Polar Question Particles,Initial,Walker-1976[15],
92A-lin,lin,Lingala,92A,Position of Polar Question Particles,No question particle,Meeuwis-1998[40],
92A-naj,naj,Neo-Aramaic (Arbel Jewish),92A,Position of Polar Question Particles,No question particle,Khan-1999[358],
92A-nsg,nsg,Nisgha,92A,Position of Polar Question Particles,Final,Tarpent-1987[492],
92A-par,par,Päri,92A,Position of Polar Question Particles,No question particle,Simeoni-1978[55],
92A-raw,raw,Rawang,92A,Position of Polar Question Particles,Final,"Barnard-1934[25, 34]",
92A-tar,tar,Tariana,92A,Position of Polar Question Particles,No question particle,Aikhenvald-2003,
92A-yar,yar,Yareba,92A,Position of Polar Question Particles,Final,Weimer-and-Weimer-1975[719],
92A-yuw,yuw,Yuwaalaraay,92A,Position of Polar Question Particles,Initial,Williams-1980a[109],
92A-zai,zai,Zapotec (Isthmus),92A,Position of Polar Question Particles,Final,Pickett-et-al-1998[98],
92A-arw,arw,Armenian (Western),92A,Position of Polar Question Particles,No question particle,"Gulian-1965[4, passim]",
92A-hay,hay,Hayu,92A,Position of Polar Question Particles,No question particle,"Michailovsky-1988[194, passim]",
92A-jab,jab,Jabêm,92A,Position of Polar Question Particles,Final,Dempwolff-1939[61],
92A-kma,kma,Kamaiurá,92A,Position of Polar Question Particles,No question particle,Seki-2000[ 211ff],
92A-kuo,kuo,Kuot,92A,Position of Polar Question Particles,No question particle,Chung-and-Chung-1996[10],
92A-plk,plk,Palikur,92A,Position of Polar Question Particles,Initial,"Green-and-Green-1972[19, 97]",
92A-sro,sro,Siroi,92A,Position of Polar Question Particles,Final,Wells-1979[passim],
92A-sul,sul,Sulka,92A,Position of Polar Question Particles,No question particle,Tharp-1996[145],
92A-txj,txj,Totonac (Xicotepec de Juárez),92A,Position of Polar Question Particles,Initial,Reid-et-al-1968[42],
92A-tri,tri,Trique (Copala),92A,Position of Polar Question Particles,Final,Hollenbach-1992[225],
92A-xoo,xoo,!Xóõ,92A,Position of Polar Question Particles,Initial,Traill-1994[18],
92A-yul,yul,Yulu,92A,Position of Polar Question Particles,Final,Santandrea-1970[24],
92A-anj,anj,Anejom,92A,Position of Polar Question Particles,Final,Lynch-2000[134],
92A-asy,asy,Arabic (Syrian),92A,Position of Polar Question Particles,Final,"Cowell-1964[378, 379]",
92A-bel,bel,Belhare,92A,Position of Polar Question Particles,Final,Bickel-2003[559],
92A-brn,brn,Burunge,92A,Position of Polar Question Particles,No question particle,Kiessling-1994[141ff],
92A-ccm,ccm,Chinantec (Comaltepec),92A,Position of Polar Question Particles,Initial,Anderson-1989[93],
92A-ctm,ctm,Chitimacha,92A,Position of Polar Question Particles,Final,Swanton-1919[19],
92A-gmw,gmw,Gumawana,92A,Position of Polar Question Particles,No question particle,Olson-1988[150],
92A-kmk,kmk,Kalmyk,92A,Position of Polar Question Particles,No question particle,"Street-1959[55, 61, passim]",
92A-krc,krc,Karachay-Balkar,92A,Position of Polar Question Particles,No question particle,Seegmiller-1996[25],
92A-mad,mad,Ma'di,92A,Position of Polar Question Particles,Final,Blackings-and-Fabb-2003;Tucker-1967[passim 262],
92A-mnm,mnm,Manam,92A,Position of Polar Question Particles,No question particle,Lichtenberk-1983[ 392],
92A-nga,nga,Nganasan,92A,Position of Polar Question Particles,No question particle,"Helimski-1998a[503, 505]",
92A-obo,obo,Obolo,92A,Position of Polar Question Particles,Initial,Faraclas-1984[96-97],
92A-wol,wol,Woleaian,92A,Position of Polar Question Particles,No question particle,Sohn-1975[155],
92A-amc,amc,Amahuaca,92A,Position of Polar Question Particles,Second position,"Russell-1975[34, 20-21]",
92A-bai,bai,Bai,92A,Position of Polar Question Particles,Final,Fitzgerald-1941[232];Xu-and-Zhao-1984[passim],
92A-bya,bya,Byansi,92A,Position of Polar Question Particles,Initial,Trivedi-1991[121],
92A-chp,chp,Chipewyan,92A,Position of Polar Question Particles,Final,Richardson-1968[1],
92A-dji,dji,Djingili,92A,Position of Polar Question Particles,Initial,Chadwick-1975[82],
92A-kmh,kmh,Kham,92A,Position of Polar Question Particles,No question particle,Watters-1973[105-106];Watters-1998[198],
92A-kol,kol,Kolami,92A,Position of Polar Question Particles,No question particle,Emeneau-1955[91],
92A-mxp,mxp,Mixtec (Peñoles),92A,Position of Polar Question Particles,Final,"Daly-1973[6, passim]",
92A-mos,mos,Mosetén,92A,Position of Polar Question Particles,Second position,Sakel-2002a[309],
92A-nua,nua,Nuaulu,92A,Position of Polar Question Particles,No question particle,Bolton-1990[131],
92A-ute,ute,Ute,92A,Position of Polar Question Particles,Second position,Southern-Ute-Tribe-1980[241],
92A-anc,anc,Angas,92A,Position of Polar Question Particles,Final,Burquest-1973[33],
92A-api,api,Apinayé,92A,Position of Polar Question Particles,Initial,"Callow-1962[102, 184]",
92A-bod,bod,Bodo,92A,Position of Polar Question Particles,No question particle,Bhattacharya-1977[196-197],
92A-chq,chq,Chinantec (Quiotepec),92A,Position of Polar Question Particles,Initial,Robbins-1968[138],
92A-dan,dan,Dan,92A,Position of Polar Question Particles,Final,Doneux-1968[80-81],
92A-gud,gud,Gude,92A,Position of Polar Question Particles,Final,Hoskison-1983[121],
92A-irr,irr,Irarutu,92A,Position of Polar Question Particles,No question particle,Matsumura-1991a[77],
92A-men,men,Menomini,92A,Position of Polar Question Particles,No question particle,Bloomfield-1962[109],
92A-mie,mie,Mien,92A,Position of Polar Question Particles,Final,Court-1985[83],
92A-nia,nia,Nias,92A,Position of Polar Question Particles,Initial,Brown-2001,
92A-ppi,ppi,Pitta Pitta,92A,Position of Polar Question Particles,No question particle,Blake-1979c[223],
92A-rem,rem,Remo,92A,Position of Polar Question Particles,No question particle,"Fernandez-1967[44, 51]",
92A-rot,rot,Rotuman,92A,Position of Polar Question Particles,Initial,"Churchward-1940[30, 33]",
92A-shi,shi,Shiriana,92A,Position of Polar Question Particles,Final,Gomez-1990[62],
92A-tbu,tbu,Tubu,92A,Position of Polar Question Particles,Final,Lukas-1953[178],
92A-tuc,tuc,Tucano,92A,Position of Polar Question Particles,No question particle,"West-1980[16, 39]",
92A-ani,ani,//Ani,92A,Position of Polar Question Particles,Final,Heine-1999a[65],
92A-bla,bla,Blackfoot,92A,Position of Polar Question Particles,No question particle,,
92A-fut,fut,Futuna-Aniwa,92A,Position of Polar Question Particles,Final,Dougherty-1983[133],
92A-lao,lao,Lao,92A,Position of Polar Question Particles,Final,Yates-and-Sayisthsena-1970[passim];Hospitalier-1937[221],
92A-lnd,lnd,Linda,92A,Position of Polar Question Particles,Final,"Cloarec-Heiss-1986[100, 465]",
92A-msl,msl,Masalit,92A,Position of Polar Question Particles,No question particle,Edgar-1989[30],
92A-syu,syu,Salt-Yui,92A,Position of Polar Question Particles,No question particle,Irwin-1974[21],
92A-ser,ser,Seri,92A,Position of Polar Question Particles,Final,Marlett-1981[140],
92A-sre,sre,Sre,92A,Position of Polar Question Particles,Final,Manley-1972[226],
92A-wrl,wrl,Warlpiri,92A,Position of Polar Question Particles,Second position,Capell-1962b[40],
92A-gum,gum,Gumbaynggir,92A,Position of Polar Question Particles,No question particle,Eades-1979[330],
92A-gwa,gwa,Gwari,92A,Position of Polar Question Particles,Final,Hyman-and-Magaji-1970[113],
92A-kws,kws,Kawaiisu,92A,Position of Polar Question Particles,No question particle,Zigmond-et-al-1990-1991[ 31],
92A-kgz,kgz,Kirghiz,92A,Position of Polar Question Particles,Final,"Hebert-and-Poppe-1963[14, passim]",
92A-kmb,kmb,Kombai,92A,Position of Polar Question Particles,Final,de-Vries-1989[149],
92A-lon,lon,Loniu,92A,Position of Polar Question Particles,No question particle,Hamel-1985[228-229],
92A-mde,mde,Mende,92A,Position of Polar Question Particles,No question particle,Aginsky-1935[85],
92A-niu,niu,Niuean,92A,Position of Polar Question Particles,Other position,Seiter-1980[25],
92A-noo,noo,Noon,92A,Position of Polar Question Particles,Final,Soukka-2000[259],
92A-pno,pno,Paiute (Northern),92A,Position of Polar Question Particles,Second position,Snapp-et-al-1982[21],
92A-sal,sal,Salinan,92A,Position of Polar Question Particles,No question particle,Mason-1918[42-43],
92A-kan,kan,Kana,92A,Position of Polar Question Particles,No question particle,Ikoro-1996[320],
92A-kwo,kwo,Kwoma,92A,Position of Polar Question Particles,Second position,Kooyers-1974[54],
92A-mnc,mnc,Manchu,92A,Position of Polar Question Particles,No question particle,Haenisch-1961[59],
92A-non,non,Noni,92A,Position of Polar Question Particles,Final,Hyman-1981b[104],
92A-per,per,Pero,92A,Position of Polar Question Particles,Final,Frajzyngier-1989[213-216],
92A-bco,bco,Bella Coola,92A,Position of Polar Question Particles,No question particle,Davis-and-Saunders-1997[passim];Nater-1984[128],
92A-ber,ber,Berta,92A,Position of Polar Question Particles,Final,Triulzi-et-al-1976a[527],
92A-cso,cso,Chatino (Sierra Occidental),92A,Position of Polar Question Particles,Final,Pride-1965[171-172],
92A-cmh,cmh,Chemehuevi,92A,Position of Polar Question Particles,Second position,Press-1979[124],
92A-ewo,ewo,Ewondo,92A,Position of Polar Question Particles,Initial,Redden-1979[153],
92A-ksg,ksg,Karen (Sgaw),92A,Position of Polar Question Particles,Final,"Jones-1961[15, 23, passim]",
92A-miz,miz,Mizo,92A,Position of Polar Question Particles,Final,Chhangte-1989[162],
92A-ruk,ruk,Rukai (Tanan),92A,Position of Polar Question Particles,No question particle,Li-1973[177],
92A-wah,wah,Wahgi,92A,Position of Polar Question Particles,Final,Luzbetak-1954[201],
92A-wrk,wrk,Warekena,92A,Position of Polar Question Particles,No question particle,Aikhenvald-1998[261],
92A-ata,ata,Atayal,92A,Position of Polar Question Particles,Final,Rau-1992[175],
92A-aze,aze,Azerbaijani,92A,Position of Polar Question Particles,Final,Householder-and-Lofti-1965[26],
92A-bae,bae,Baré,92A,Position of Polar Question Particles,No question particle,Aikhenvald-1996[45],
92A-chc,chc,Chechen,92A,Position of Polar Question Particles,No question particle,Nichols-1994a[69],
92A-err,err,Erromangan,92A,Position of Polar Question Particles,Initial,Crowley-1998a[ 235],
92A-hua,hua,Hua,92A,Position of Polar Question Particles,No question particle,Haiman-1980[165],
92A-iba,iba,Iban,92A,Position of Polar Question Particles,Initial,Omar-1981[223-224],
92A-jng,jng,Jingpho,92A,Position of Polar Question Particles,Final,Hertz-1917[21],
92A-mby,mby,Mbay,92A,Position of Polar Question Particles,Final,Fortier-1971[7],
92A-mpa,mpa,Murrinh-Patha,92A,Position of Polar Question Particles,Final,"Street-1980[109, 110]",
92A-new,new,Newari (Kathmandu),92A,Position of Polar Question Particles,Final,Malla-1985[89-90],
92A-ukr,ukr,Ukrainian,92A,Position of Polar Question Particles,Initial,Stechishin-1958,
92A-was,was,Washo,92A,Position of Polar Question Particles,Final,"Kroeber-1906[289-290, passim]",
92A-yuk,yuk,Yukulta,92A,Position of Polar Question Particles,Initial,Keen-1983[241],
92A-kya,kya,Kuku-Yalanji,92A,Position of Polar Question Particles,Initial,Hershberger-1979[48],
92A-sah,sah,Sahu,92A,Position of Polar Question Particles,No question particle,Visser-and-Voorhoeve-1987[62],
92A-ttu,ttu,Tsova-Tush,92A,Position of Polar Question Particles,Second position,Holisky-and-Gagua-1994[208],
92A-ao,ao,Ao,92A,Position of Polar Question Particles,Final,Coupe-2007[149];Gowda-1975[56],
92A-apl,apl,Apalaí,92A,Position of Polar Question Particles,No question particle,Koehn-and-Koehn-1986[55-56],
92A-bbw,bbw,Bininj Gun-Wok,92A,Position of Polar Question Particles,Initial,Evans-2004,
92A-fye,fye,Fyem,92A,Position of Polar Question Particles,Final,Nettle-1998[50],
92A-grr,grr,Garrwa,92A,Position of Polar Question Particles,In either of two positions,Furby-and-Furby-1977[passim],
92A-lai,lai,Lai,92A,Position of Polar Question Particles,Final,"Hay-Neave-1953[25, passim]",
92A-mro,mro,Moro,92A,Position of Polar Question Particles,Initial,Black-and-Black-1971[72],
92A-tam,tam,Tamang (Eastern),92A,Position of Polar Question Particles,Final,Mazaudon-1976[31];Mazaudon-2003[310],
92A-tpn,tpn,Tepehuan (Northern),92A,Position of Polar Question Particles,Second position,Bascom-1982[289],
92A-tib,tib,Tibetan (Standard Spoken),92A,Position of Polar Question Particles,Final,De-Lancey-2003[ 285],
92A-tlp,tlp,Tlapanec,92A,Position of Polar Question Particles,Initial,Suarez-1983a[passim],
92A-udh,udh,Udihe,92A,Position of Polar Question Particles,No question particle,Nikolaeva-and-Tolskaya-2001[ 807],
92A-cct,cct,Choctaw,92A,Position of Polar Question Particles,Final,Nicklas-1979[20];Davies-1981c[passim],
92A-cop,cop,Coptic,92A,Position of Polar Question Particles,Initial,Lambdin-1983[142-143];Plumley-1948[167],
92A-dum,dum,Dumo,92A,Position of Polar Question Particles,Final,Ross-1980[100],
92A-kos,kos,Kosraean,92A,Position of Polar Question Particles,Initial,Lee-1975[155-156],
92A-trb,trb,Teribe,92A,Position of Polar Question Particles,Final,Quesada-2000[102],
92A-tja,tja,Tiipay (Jamul),92A,Position of Polar Question Particles,Final,Miller-2001[196],
92A-tla,tla,Tolai,92A,Position of Polar Question Particles,Initial,Franklin-et-al-1974[18],
92A-amr,amr,Arabic (Moroccan),92A,Position of Polar Question Particles,Initial,Harrell-1962[151],
92A-ara,ara,Arawak,92A,Position of Polar Question Particles,No question particle,Pet-1987[105],
92A-bir,bir,Birom,92A,Position of Polar Question Particles,Final,"Bouquiaux-1970[395, 402]",
92A-din,din,Dinka,92A,Position of Polar Question Particles,No question particle,Nebel-1948[58-61],
92A-goa,goa,Goajiro,92A,Position of Polar Question Particles,Initial,Holmer-1949b[152],
92A-mgg,mgg,Mangghuer,92A,Position of Polar Question Particles,No question particle,De-Smedt-and-Mostaert-1964[136];Slater-2003[116-117],
92A-oji,oji,Ojibwa (Eastern),92A,Position of Polar Question Particles,Second position,Valentine-2001[ 975],
92A-res,res,Resígaro,92A,Position of Polar Question Particles,Initial,Allin-1976[345],
92A-srn,srn,Sirionó,92A,Position of Polar Question Particles,Final,Schermair-1949[74],
92A-tah,tah,Tahitian,92A,Position of Polar Question Particles,Second position,Tryon-1970a[76],
92A-tkl,tkl,Takelma,92A,Position of Polar Question Particles,Second position,"Sapir-1922b[266, 277]",
92A-che,che,Cherokee,92A,Position of Polar Question Particles,Second position,Holmes-and-Smith-1976[74],
92A-cze,cze,Czech,92A,Position of Polar Question Particles,No question particle,Harkins-1953[35];Short-1993a[496],
92A-dsh,dsh,Danish,92A,Position of Polar Question Particles,No question particle,Koefoed-1958[193];Allan-et-al-1995[494],
92A-kab,kab,Kabardian,92A,Position of Polar Question Particles,No question particle,Colarusso-1989[321],
92A-knk,knk,Kanakuru,92A,Position of Polar Question Particles,Final,Newman-1974[70-71],
92A-lel,lel,Lele,92A,Position of Polar Question Particles,Final,Frajzyngier-2001[277],
92A-shu,shu,Shuswap,92A,Position of Polar Question Particles,In either of two positions,Kuipers-1974[81],
92A-so,so,So,92A,Position of Polar Question Particles,Final,Serzisko-1989[402],
92A-tne,tne,Temne,92A,Position of Polar Question Particles,Final,"Scott-1956[20];Wilson-1961a[33, 42]",
92A-ctl,ctl,Catalan,92A,Position of Polar Question Particles,No question particle,Hualde-1992[ 2],
92A-lui,lui,Luiseño,92A,Position of Polar Question Particles,Second position,Hyde-1971[20],
92A-nmb,nmb,Nambikuára (Southern),92A,Position of Polar Question Particles,No question particle,Kroeker-1982[42],
92A-nas,nas,Nasioi,92A,Position of Polar Question Particles,Second position,Hurd-and-Hurd-1966[passim],
92A-por,por,Portuguese,92A,Position of Polar Question Particles,Initial,Parkinson-1988[158],
92A-sun,sun,Sundanese,92A,Position of Polar Question Particles,Initial,Hardjadibrata-1985[108-109],
92A-chr,chr,Chrau,92A,Position of Polar Question Particles,Final,"Thomas-1971[63, 180]",
92A-est,est,Estonian,92A,Position of Polar Question Particles,In either of two positions,Tauli-1983[317];de-Sivers-1969[353],
92A-gae,gae,Gaelic (Scots),92A,Position of Polar Question Particles,No question particle,Calder-1923[202],
92A-hop,hop,Hopi,92A,Position of Polar Question Particles,Initial,Kalectaca-1978[102],
92A-mis,mis,Miskito,92A,Position of Polar Question Particles,Final,Anonymous-1985[147];Adam-1891[53],
92A-mum,mum,Mumuye,92A,Position of Polar Question Particles,Final,Shimizu-1983[102],
92A-tac,tac,Tacana,92A,Position of Polar Question Particles,Initial,Ottaviano-and-Ottaviano-1967[passim],
92A-ter,ter,Tera,92A,Position of Polar Question Particles,Final,"Newman-1970[15, passim]",
92A-wma,wma,West Makian,92A,Position of Polar Question Particles,No question particle,"Voorhoeve-1982[9, 29]",
92A-wiy,wiy,Wiyot,92A,Position of Polar Question Particles,Second position,"Teeter-1964[104, passim]",
92A-abu,abu,Abun,92A,Position of Polar Question Particles,Final,"Berry-1995b[85, 144]",
92A-bab,bab,Babungo,92A,Position of Polar Question Particles,Final,Schaub-1985[8],
92A-djp,djp,Djapu,92A,Position of Polar Question Particles,Initial,Morphy-1983[140-141],
92A-doy,doy,Doyayo,92A,Position of Polar Question Particles,Final,Wiering-and-Wiering-1994[passim],
92A-len,len,Lenakel,92A,Position of Polar Question Particles,Final,Lynch-1978[96],
92A-mam,mam,Mam,92A,Position of Polar Question Particles,Second position,"England-1983[196, 248]",
92A-qaw,qaw,Qawasqar,92A,Position of Polar Question Particles,No question particle,Aguilera-1980[passim],
92A-ttn,ttn,Tetun,92A,Position of Polar Question Particles,Final,van-Klinken-1997[209],
92A-tid,tid,Tidore,92A,Position of Polar Question Particles,No question particle,van-Staden-2000[241],
92A-ygr,ygr,Yagaria,92A,Position of Polar Question Particles,Final,"Renck-1975[47, 101]",
92A-arg,arg,Arabic (Gulf),92A,Position of Polar Question Particles,No question particle,Holes-1990[2-3],
92A-cub,cub,Cubeo,92A,Position of Polar Question Particles,No question particle,Morse-and-Maxwell-1999a[20],
92A-dgr,dgr,Dagur,92A,Position of Polar Question Particles,Final,Martin-1961[passim],
92A-htc,htc,Huastec,92A,Position of Polar Question Particles,No question particle,Edmonson-1988[554],
92A-ik,ik,Ik,92A,Position of Polar Question Particles,Final,Tucker-1973[44];Serzisko-1989[402],
92A-nun,nun,Nung (in Vietnam),92A,Position of Polar Question Particles,Final,Saul-and-Wilson-1980[116],
92A-pae,pae,Páez,92A,Position of Polar Question Particles,No question particle,Slocum-1986[79],
92A-sed,sed,Sedang,92A,Position of Polar Question Particles,Other position,Smith-1979[107],
92A-mns,mns,Mansi,92A,Position of Polar Question Particles,Initial,"Murphy-1968[80, 160]",
92A-mna,mna,Muna,92A,Position of Polar Question Particles,No question particle,van-den-Berg-1989b[213],
92A-mup,mup,Mupun,92A,Position of Polar Question Particles,Final,Frajzyngier-1993[359],
92A-scr,scr,Serbian-Croatian,92A,Position of Polar Question Particles,In either of two positions,Partridge-1964[32],
92A-tin,tin,Tinrin,92A,Position of Polar Question Particles,Other position,Osumi-1995[196],
92A-arc,arc,Archi,92A,Position of Polar Question Particles,No question particle,Kibrik-et-al-1977[(II) 91],
92A-ava,ava,Avar,92A,Position of Polar Question Particles,Second position,Bokarev-1949b[passim],
92A-gbb,gbb,Gbeya Bossangoa,92A,Position of Polar Question Particles,Final,"Samarin-1966[58, 60]",
92A-miy,miy,Miya,92A,Position of Polar Question Particles,Final,Schuh-1998[326],
92A-ngz,ngz,Ngizim,92A,Position of Polar Question Particles,No question particle,Schuh-1972[209],
92A-poh,poh,Pohnpeian,92A,Position of Polar Question Particles,No question particle,Rehg-1981[312],
92A-tna,tna,Turkana,92A,Position of Polar Question Particles,Final,Dimmendaal-1983a[429-430],
92A-uzb,uzb,Uzbek,92A,Position of Polar Question Particles,No question particle,Raun-1969[passim];Sjoberg-1963[passim],
92A-hve,hve,Huave (San Mateo del Mar),92A,Position of Polar Question Particles,Initial,Stairs-and-Hollenbach-1981[ 42],
92A-mym,mym,Malayalam,92A,Position of Polar Question Particles,Final,Asher-and-Kumari-1997[8],
92A-tel,tel,Telugu,92A,Position of Polar Question Particles,No question particle,Lisker-1963[4-5],
92A-awt,awt,Awtuw,92A,Position of Polar Question Particles,Final,Feldman-1986[142-143],
92A-klm,klm,Klamath,92A,Position of Polar Question Particles,In either of two positions,Gatschet-1890[346];Barker-1964[336],
92A-tuv,tuv,Tuvan,92A,Position of Polar Question Particles,Final,Anderson-and-Harrison-1999[89],
92A-hat,hat,Hatam,92A,Position of Polar Question Particles,Final,Reesink-1999[68],
92A-mok,mok,Mokilese,92A,Position of Polar Question Particles,Initial,Harrison-and-Albert-1976[311],
92A-nor,nor,Norwegian,92A,Position of Polar Question Particles,No question particle,Moen-and-Pedersen-1983[41],
92A-qui,qui,Quileute,92A,Position of Polar Question Particles,No question particle,Andrade-1933[209],
92A-ret,ret,Retuarã,92A,Position of Polar Question Particles,Initial,Strom-1992[141],
92A-tau,tau,Tauya,92A,Position of Polar Question Particles,Final,"MacDonald-1990[163-164, 209]",
92A-bre,bre,Breton,92A,Position of Polar Question Particles,Initial,"Press-1986[106, 198]",
92A-ijo,ijo,Ijo (Kolokuma),92A,Position of Polar Question Particles,No question particle,Williamson-1965[77],
92A-luo,luo,Luo,92A,Position of Polar Question Particles,No question particle,Omondi-1982[137-138],
92A-pal,pal,Palauan,92A,Position of Polar Question Particles,No question particle,Josephs-1975[passim],
92A-psh,psh,Pashto,92A,Position of Polar Question Particles,No question particle,Tegey-and-Robson-1996[168],
92A-sam,sam,Samoan,92A,Position of Polar Question Particles,Initial,,
92A-wao,wao,Waorani,92A,Position of Polar Question Particles,No question particle,Peeke-1994[268],
92A-wap,wap,Wappo,92A,Position of Polar Question Particles,No question particle,"Li-et-al-1977[87, passim]",
92A-akn,akn,Akan,92A,Position of Polar Question Particles,In either of two positions,Welmers-1946[42-43];Christaller-1875[94],
92A-kis,kis,Kisi,92A,Position of Polar Question Particles,No question particle,Childs-1995[111],
92A-lug,lug,Lugbara,92A,Position of Polar Question Particles,Final,"Barr-1965[49];Crazzolara-1960[60, 68, 80, 129]",
92A-maa,maa,Maasai,92A,Position of Polar Question Particles,Initial,Tucker-and-Mpaayei-1955[9],
92A-tsh,tsh,Tümpisa Shoshone,92A,Position of Polar Question Particles,Second position,"Dayley-1989a[44-45, 324-325]",
92A-wel,wel,Welsh,92A,Position of Polar Question Particles,Initial,"Jones-and-Thomas-1977[298-299];Thomas-1992a[272];Williams-1980b[148];Bowen-and-Jones-1960[26, 45, 62, 135]",
92A-yap,yap,Yapese,92A,Position of Polar Question Particles,No question particle,Jensen-1977a[ 320];Jensen-et-al-1977a[320],
92A-iaa,iaa,Iaai,92A,Position of Polar Question Particles,Initial,"Tryon-1968[36, passim]",
92A-tgk,tgk,Tigak,92A,Position of Polar Question Particles,Final,Beaumont-1979[35-36],
92A-ton,ton,Tonkawa,92A,Position of Polar Question Particles,No question particle,Hoijer-1933-1938[89],
92A-mhi,mhi,Marathi,92A,Position of Polar Question Particles,Final,,
92A-pip,pip,Pipil,92A,Position of Polar Question Particles,No question particle,Campbell-1985[114],
92A-tzu,tzu,Tzutujil,92A,Position of Polar Question Particles,Initial,"Dayley-1985[242, 329-331]",
92A-amp,amp,Arrernte (Mparntwe),92A,Position of Polar Question Particles,Second position,Wilkins-1989[398],
92A-die,die,Diegueño (Mesa Grande),92A,Position of Polar Question Particles,No question particle,Langdon-1970[185-186],
92A-diy,diy,Diyari,92A,Position of Polar Question Particles,No question particle,Austin-1981[151],
92A-pan,pan,Panjabi,92A,Position of Polar Question Particles,Initial,Bhatia-1993[4],
92A-mne,mne,Maidu (Northeast),92A,Position of Polar Question Particles,No question particle,Shipley-1964[50-51],
92A-ham,ham,Hamtai,92A,Position of Polar Question Particles,Final,Oates-and-Oates-1968[56],
92A-mrg,mrg,Margi,92A,Position of Polar Question Particles,Final,Hoffmann-1963[98],
92A-nan,nan,Nandi,92A,Position of Polar Question Particles,Final,Creider-and-Creider-1989[141];Hollis-1909[157],
92A-mac,mac,Macushi,92A,Position of Polar Question Particles,No question particle,"Abbott-1991[46, passim];Williams-1932[passim]",
92A-mrd,mrd,Marind,92A,Position of Polar Question Particles,Final,"Boelaars-1950[10, 151, 153]",
92A-mab,mab,Maba,92A,Position of Polar Question Particles,No question particle,Trenga-1947[135],
92A-swe,swe,Swedish,92A,Position of Polar Question Particles,No question particle,Holmes-and-Hinchliffe-1994[506],
92A-wlf,wlf,Wolof,92A,Position of Polar Question Particles,Initial,"Njie-1982[260, 264]",
92A-ace,ace,Acehnese,92A,Position of Polar Question Particles,In either of two positions,Durie-1985[261],
92A-chv,chv,Chuvash,92A,Position of Polar Question Particles,No question particle,Krueger-1961[171],
92A-dut,dut,Dutch,92A,Position of Polar Question Particles,No question particle,Donaldson-1997b[132],
92A-una,una,Una,92A,Position of Polar Question Particles,No question particle,Louwerse-1988[86],
92A-dyi,dyi,Dyirbal,92A,Position of Polar Question Particles,Second position,Dixon-1972[122],
92A-ita,ita,Italian,92A,Position of Polar Question Particles,No question particle,Maiden-and-Robustelli-2000[147],
92A-kch,kch,Koyra Chiini,92A,Position of Polar Question Particles,No question particle,Heath-1999b[175],
92A-lit,lit,Lithuanian,92A,Position of Polar Question Particles,Initial,Dambriunas-et-al-1966[79],
92A-ood,ood,O'odham,92A,Position of Polar Question Particles,Initial,"Zepeda-1983[14, 21];Saxton-1982[147, 152]",
92A-rom,rom,Romanian,92A,Position of Polar Question Particles,No question particle,Mallinson-1986[4],
92A-tml,tml,Tamil,92A,Position of Polar Question Particles,No question particle,Asher-1982[4],
92A-bul,bul,Bulgarian,92A,Position of Polar Question Particles,Second position,Hubenova-et-al-1968[31];Scatton-1984[375-376],
92A-lah,lah,Lahu,92A,Position of Polar Question Particles,Final,Matisoff-1973[371],
92A-yuc,yuc,Yuchi,92A,Position of Polar Question Particles,Second position,Linn-2001[456];Wagner-1933-1938[357],
92A-pso,pso,Pomo (Southeastern),92A,Position of Polar Question Particles,No question particle,Moshinsky-1974[70],
92A-som,som,Somali,92A,Position of Polar Question Particles,Other position,Kirk-1905[86];Saeed-1987[70],
92A-ypk,ypk,Yup'ik (Central),92A,Position of Polar Question Particles,Second position,Reed-et-al-1977[129],
92A-pol,pol,Polish,92A,Position of Polar Question Particles,Initial,Stone-1980[6];Bielec-1998[258],
92A-ker,ker,Kera,92A,Position of Polar Question Particles,Final,Ebert-1979[223],
92A-lad,lad,Ladakhi,92A,Position of Polar Question Particles,No question particle,Koshal-1979[262-263],
92A-lep,lep,Lepcha,92A,Position of Polar Question Particles,Final,Mainwaring-1876[passim],
92A-alb,alb,Albanian,92A,Position of Polar Question Particles,Initial,Newmark-et-al-1982[319],
92A-bam,bam,Bambara,92A,Position of Polar Question Particles,Final,Bird-et-al-1977[28],
92A-kyl,kyl,Kayah Li (Eastern),92A,Position of Polar Question Particles,Final,"Solnit-1986[329, 344]",
92A-nti,nti,Ngiti,92A,Position of Polar Question Particles,In either of two positions,Kutsch-Lojenga-1994[379],
92A-car,car,Carib,92A,Position of Polar Question Particles,No question particle,Hoff-1968[183ff],
92A-mak,mak,Makah,92A,Position of Polar Question Particles,Second position,,
92A-tsi,tsi,Tsimshian (Coast),92A,Position of Polar Question Particles,No question particle,Dunn-1979[70ff.],
92A-tun,tun,Tunica,92A,Position of Polar Question Particles,No question particle,Haas-1940[passim],
92A-sue,sue,Suena,92A,Position of Polar Question Particles,No question particle,Wilson-1974[passim],
92A-mku,mku,Maranungku,92A,Position of Polar Question Particles,No question particle,Tryon-1970b[passim],
92A-mrl,mrl,Murle,92A,Position of Polar Question Particles,No question particle,Lyth-1971[49],
92A-ana,ana,Araona,92A,Position of Polar Question Particles,No question particle,Pitman-1980[24],
92A-dio,dio,Diola-Fogny,92A,Position of Polar Question Particles,No question particle,Sapir-1965[48],
92A-arm,arm,Armenian (Eastern),92A,Position of Polar Question Particles,No question particle,,
92A-aym,aym,Aymara (Central),92A,Position of Polar Question Particles,Final,"Ebbing-1965[61-62, 130-131];Wexler-1967[3, 37]",
92A-baw,baw,Bawm,92A,Position of Polar Question Particles,Final,"Reichle-1981[71, passim 54]",
92A-nbd,nbd,Nubian (Dongolese),92A,Position of Polar Question Particles,No question particle,"Armbruster-1960[204, 298]",
92A-hai,hai,Haida,92A,Position of Polar Question Particles,Second position,Levine-1977[ 207];Enrico-2003[ 131],
92A-kmu,kmu,Khmu',92A,Position of Polar Question Particles,Final,Smalley-1961[27],
92A-usa,usa,Usan,92A,Position of Polar Question Particles,No question particle,Reesink-1987[passim],
92A-pai,pai,Paiwan,92A,Position of Polar Question Particles,No question particle,Egli-1990[ 276],
92A-bej,bej,Beja,92A,Position of Polar Question Particles,No question particle,Hudson-1974[141],
92A-dre,dre,Drehu,92A,Position of Polar Question Particles,Initial,Tryon-1967a[25-26],
92A-gar,gar,Garo,92A,Position of Polar Question Particles,No question particle,Burling-1961[36],
92A-pms,pms,Paamese,92A,Position of Polar Question Particles,No question particle,Crowley-1982[239-240],
92A-sml,sml,Semelai,92A,Position of Polar Question Particles,No question particle,Kruspe-1999[519-520],
92A-yur,yur,Yurok,92A,Position of Polar Question Particles,Second position,"Robins-1958[139, passim]",
92A-otm,otm,Otomí (Mezquital),92A,Position of Polar Question Particles,Initial,Hess-1968[114-115],
92A-igb,igb,Igbo,92A,Position of Polar Question Particles,No question particle,Emenanjo-1978[passim],
92A-nez,nez,Nez Perce,92A,Position of Polar Question Particles,Initial,Aoki-1970[140],
92A-cah,cah,Cahuilla,92A,Position of Polar Question Particles,No question particle,"Seiler-1977[25-26, 237]",
92A-cle,cle,Chinantec (Lealao),92A,Position of Polar Question Particles,Initial,Rupp-1989[97-98],
92A-knm,knm,Kunama,92A,Position of Polar Question Particles,No question particle,Tucker-and-Bryan-1966[345],
92A-nav,nav,Navajo,92A,Position of Polar Question Particles,In either of two positions,"Young-and-Morgan-1980[62-63, 67]",
92A-zqc,zqc,Zoque (Copainalá),92A,Position of Polar Question Particles,No question particle,Harrison-et-al-1981[432],
92A-bkr,bkr,Batak (Karo),92A,Position of Polar Question Particles,Second position,Woollams-1996[221ff],
92A-cmn,cmn,Comanche,92A,Position of Polar Question Particles,Second position,Wistrand-Robinson-and-Armagost-1990[255],
92A-iri,iri,Irish,92A,Position of Polar Question Particles,Initial,"Stenson-1981[32, 40-41];O-Dochartaigh-1992[38, 73]",
92A-nko,nko,Nkore-Kiga,92A,Position of Polar Question Particles,Final,Taylor-1985[6],
92A-squ,squ,Squamish,92A,Position of Polar Question Particles,Second position,Kuipers-1967[206],
92A-dni,dni,Dani (Lower Grand Valley),92A,Position of Polar Question Particles,No question particle,Bromley-1981[297-298],
92A-urk,urk,Urubú-Kaapor,92A,Position of Polar Question Particles,Final,Kakumasu-1986[353],
92A-coo,coo,Coos (Hanis),92A,Position of Polar Question Particles,Final,Frachtenberg-1922a[394],
92A-cre,cre,Cree (Plains),92A,Position of Polar Question Particles,Second position,Wolfart-and-Carroll-1981[83];Wolfart-1996[394],
92A-nht,nht,Nahuatl (Tetelcingo),92A,Position of Polar Question Particles,No question particle,Tuggy-1979[ 28],
92A-ika,ika,Ika,92A,Position of Polar Question Particles,Final,"Frank-1990[6, 78-79]",
92A-kse,kse,Koyraboro Senni,92A,Position of Polar Question Particles,In either of two positions,Prost-1956[150-151];Heath-1999a[225],
92A-mun,mun,Mundari,92A,Position of Polar Question Particles,Final,"Osada-1992[138];Sinha-1975[148-149, 160-161]",
92A-yid,yid,Yidiny,92A,Position of Polar Question Particles,No question particle,Dixon-1977a[382],
92A-brs,brs,Barasano,92A,Position of Polar Question Particles,No question particle,"Smith-1973[35-36];Jones-and-Jones-1991[7-8, 119]",
92A-tab,tab,Taba,92A,Position of Polar Question Particles,No question particle,Bowden-1997a[406],
92A-pau,pau,Paumarí,92A,Position of Polar Question Particles,No question particle,Chapman-and-Derbyshire-1991[201],
92A-arp,arp,Arapesh (Mountain),92A,Position of Polar Question Particles,Final,Conrad-and-Wogiga-1991[98],
92A-ond,ond,Oneida,92A,Position of Polar Question Particles,Second position,,
92A-asm,asm,Asmat,92A,Position of Polar Question Particles,Final,"Voorhoeve-1965[106-108, passim 92]",
92A-ewe,ewe,Ewe,92A,Position of Polar Question Particles,Final,Ameka-1991[54],
92A-grb,grb,Grebo,92A,Position of Polar Question Particles,Initial,Innes-1966[108],
92A-hmo,hmo,Hmong Njua,92A,Position of Polar Question Particles,Other position,Harriehausen-1990[205],
92A-khm,khm,Khmer,92A,Position of Polar Question Particles,Final,Gorgoniev-1966[ 117];Ehrman-1970[32];Gorgoniyev-1966[117];Jacob-1968[61],
92A-kio,kio,Kiowa,92A,Position of Polar Question Particles,Initial,Watkins-1984[211-212],
92A-juh,juh,Ju|'hoan,92A,Position of Polar Question Particles,Second position,Snyman-1970[10];Dickens-1992[1],
92A-klv,klv,Kilivila,92A,Position of Polar Question Particles,No question particle,Senft-1986[114],
92A-nug,nug,Nunggubuyu,92A,Position of Polar Question Particles,In either of two positions,Heath-1984[453],
92A-irq,irq,Iraqw,92A,Position of Polar Question Particles,No question particle,Nordbustad-1988[44];Whiteley-1958[41],
92A-kew,kew,Kewa,92A,Position of Polar Question Particles,Final,Franklin-1971[124],
92A-snm,snm,Sanuma,92A,Position of Polar Question Particles,No question particle,Borgman-1990[72],
92A-shk,shk,Shipibo-Konibo,92A,Position of Polar Question Particles,Second position,"Faust-1973[passim 10, 119, 11]",
92A-epe,epe,Epena Pedee,92A,Position of Polar Question Particles,No question particle,"Harms-1994[16, 115, 122]",
92A-san,san,Sango,92A,Position of Polar Question Particles,Final,Samarin-1967b[130],
92A-bag,bag,Bagirmi,92A,Position of Polar Question Particles,Final,Stevenson-1969[92],
92A-hzb,hzb,Hunzib,92A,Position of Polar Question Particles,No question particle,van-den-Berg-1995[113],
92A-ing,ing,Ingush,92A,Position of Polar Question Particles,No question particle,Nichols-1994b,
92A-mau,mau,Maung,92A,Position of Polar Question Particles,Initial,Capell-and-Hinch-1970[90],
92A-kfe,kfe,Koromfe,92A,Position of Polar Question Particles,Final,Rennison-1997[12],
92A-qim,qim,Quechua (Imbabura),92A,Position of Polar Question Particles,Final,Cole-1982[15],
92A-wch,wch,Wichí,92A,Position of Polar Question Particles,Initial,Vinas-Urquiza-1974[149],
92A-yag,yag,Yagua,92A,Position of Polar Question Particles,Second position,Payne-1990a[69],
92A-niv,niv,Nivkh,92A,Position of Polar Question Particles,Final,Panfilov-1962[29-30];Gruzdeva-1998[45],
92A-apu,apu,Apurinã,92A,Position of Polar Question Particles,No question particle,Facundes-2000[540],
92A-bma,bma,Berber (Middle Atlas),92A,Position of Polar Question Particles,Initial,Penchoen-1973b[82],
92A-wra,wra,Warao,92A,Position of Polar Question Particles,No question particle,Romero-Figueroa-1997[22];de-Goeje-1930[110],
92A-awp,awp,Awa Pit,92A,Position of Polar Question Particles,Final,Curnow-1997[323-324],
92A-kob,kob,Kobon,92A,Position of Polar Question Particles,Final,Davies-1981b[5],
92A-lat,lat,Latvian,92A,Position of Polar Question Particles,Initial,"Lazdina-1966[13, 287];Bielenstein-1863[284]",
92A-mar,mar,Maricopa,92A,Position of Polar Question Particles,No question particle,Gordon-1986[331-335],
92A-ala,ala,Alamblak,92A,Position of Polar Question Particles,No question particle,"Bruce-1984[71-72, 188]",
92A-kut,kut,Kutenai,92A,Position of Polar Question Particles,Initial,,
92A-mxc,mxc,Mixtec (Chalcatongo),92A,Position of Polar Question Particles,No question particle,Macaulay-1996[??],
92A-lav,lav,Lavukaleve,92A,Position of Polar Question Particles,Final,"Terrill-1999[406, 17.1.1]",
92A-rap,rap,Rapanui,92A,Position of Polar Question Particles,Initial,Chapin-1978[155],
92A-ain,ain,Ainu,92A,Position of Polar Question Particles,Final,"Shibatani-1990[24, 82];Refsing-1986[228-229];Dettmer-1989[861-863]",
92A-jak,jak,Jakaltek,92A,Position of Polar Question Particles,No question particle,Craig-1977[passim],
92A-lkt,lkt,Lakhota,92A,Position of Polar Question Particles,Final,Riggs-1893[77];Rood-and-Taylor-1996[474],
92A-mrt,mrt,Martuthunira,92A,Position of Polar Question Particles,No question particle,Dench-1995[236],
92A-prh,prh,Pirahã,92A,Position of Polar Question Particles,Final,Everett-1986[passim],
92A-war,war,Wari',92A,Position of Polar Question Particles,No question particle,Everett-and-Kern-1997[13],
92A-kho,kho,Khoekhoe,92A,Position of Polar Question Particles,Second position,Hagman-1977[140],
92A-mei,mei,Meithei,92A,Position of Polar Question Particles,Final,Chelliah-1997[137ff],
92A-ngi,ngi,Ngiyambaa,92A,Position of Polar Question Particles,Second position,"Donaldson-1980[258, passim]",
92A-brm,brm,Burmese,92A,Position of Polar Question Particles,No question particle,Okell-1969[121];Wheatley-1982[294-295];Stewart-1955[16],
92A-kro,kro,Krongo,92A,Position of Polar Question Particles,No question particle,Reh-1985[363],
92A-myi,myi,Mangarrayi,92A,Position of Polar Question Particles,Final,Merlan-1982[4],
92A-tiw,tiw,Tiwi,92A,Position of Polar Question Particles,Final,Osborne-1974[67],
92A-knr,knr,Kanuri,92A,Position of Polar Question Particles,No question particle,Lukas-1937[152],
92A-kay,kay,Kayardild,92A,Position of Polar Question Particles,No question particle,Evans-1995[364],
92A-yor,yor,Yoruba,92A,Position of Polar Question Particles,No question particle,Rowlands-1969[118],
92A-yko,yko,Yukaghir (Kolyma),92A,Position of Polar Question Particles,No question particle,Maslova-1999[570],
92A-may,may,Maybrat,92A,Position of Polar Question Particles,Final,Brown-1990[199];Dol-1999[ 199],
92A-tuk,tuk,Tukang Besi,92A,Position of Polar Question Particles,Final,Donohue-1999a[450],
92A-bur,bur,Burushaski,92A,Position of Polar Question Particles,No question particle,Tiffou-and-Pesot-1989[73];Lorimer-1935[310],
92A-cha,cha,Chamorro,92A,Position of Polar Question Particles,Initial,Topping-1973[155],
92A-chk,chk,Chukchi,92A,Position of Polar Question Particles,No question particle,"Dunn-1999[88, passim]",
92A-fij,fij,Fijian,92A,Position of Polar Question Particles,No question particle,Dixon-1988[passim],
92A-heb,heb,Hebrew (Modern),92A,Position of Polar Question Particles,Initial,Glinert-1989[271],
92A-lan,lan,Lango,92A,Position of Polar Question Particles,No question particle,Noonan-1992[172],
92A-orh,orh,Oromo (Harar),92A,Position of Polar Question Particles,No question particle,Owens-1985[204],
92A-tha,tha,Thai,92A,Position of Polar Question Particles,Final,"Anthony-et-al-1968[80, 116, 93, passim 80];Warotamasikkhadit-1972[14, passim]",
92A-yaq,yaq,Yaqui,92A,Position of Polar Question Particles,Initial,Lindenfeld-1973[33],
92A-zul,zul,Zulu,92A,Position of Polar Question Particles,Final,"Ziervogel-et-al-1981[88, 197]",
92A-sla,sla,Slave,92A,Position of Polar Question Particles,Initial,"Rice-1989[22, 1124, 1130]",
92A-aeg,aeg,Arabic (Egyptian),92A,Position of Polar Question Particles,Initial,Gary-and-Gamal-Eldin-1982[4],
92A-grw,grw,Greenlandic (West),92A,Position of Polar Question Particles,No question particle,"Fortescue-1984[4, 289];Schultz-Lorentzen-1945[52]",
92A-hix,hix,Hixkaryana,92A,Position of Polar Question Particles,No question particle,Derbyshire-1985[56-57],
92A-swa,swa,Swahili,92A,Position of Polar Question Particles,Initial,Ashton-1947[151],
92A-vie,vie,Vietnamese,92A,Position of Polar Question Particles,Final,"Thompson-1965[234-235, 307];Binh-1971[204];Nguyen-1975[57]",
92A-hin,hin,Hindi,92A,Position of Polar Question Particles,Initial,McGregor-1977[5],
92A-ckr,ckr,Canela-Krahô,92A,Position of Polar Question Particles,Initial,Popjes-and-Popjes-1986[153],
92A-tag,tag,Tagalog,92A,Position of Polar Question Particles,Second position,"Schachter-and-Otanes-1972[429, 501]",
92A-geo,geo,Georgian,92A,Position of Polar Question Particles,No question particle,Hewitt-1995[ 565],
92A-knd,knd,Kannada,92A,Position of Polar Question Particles,Final,Schiffman-1983[107];Sridhar-1990[256],
92A-kha,kha,Khalkha,92A,Position of Polar Question Particles,Final,Hangin-1968[15];Binnick-1979[passim];Street-1963[passim],
92A-mal,mal,Malagasy,92A,Position of Polar Question Particles,In either of two positions,Dez-1990[287ff];Domenichini-Ramiaramanana-1977[91],
92A-sup,sup,Supyire,92A,Position of Polar Question Particles,Final,Carlson-1994[527],
92A-hau,hau,Hausa,92A,Position of Polar Question Particles,Final,Kraft-1963[(Vol. 1) 117];Kraft-and-Kraft-1973[200];Newman-2000[500],
92A-mao,mao,Maori,92A,Position of Polar Question Particles,No question particle,Bauer-1993[2],
92A-bsq,bsq,Basque,92A,Position of Polar Question Particles,Other position,Saltarelli-et-al-1988[3],
92A-abk,abk,Abkhaz,92A,Position of Polar Question Particles,No question particle,Hewitt-1979[8],
92A-eve,eve,Evenki,92A,Position of Polar Question Particles,Final,Nedjalkov-1997[6],
92A-kor,kor,Korean,92A,Position of Polar Question Particles,No question particle,Ramstedt-1968[80];Sohn-1999[269],
92A-prs,prs,Persian,92A,Position of Polar Question Particles,Initial,Lambton-1967[5],
92A-ame,ame,Amele,92A,Position of Polar Question Particles,Final,Roberts-1987[17-18],
92A-ger,ger,German,92A,Position of Polar Question Particles,No question particle,Lederer-1969[479],
92A-grk,grk,Greek (Modern),92A,Position of Polar Question Particles,Initial,Mackridge-1985[301],
92A-lez,lez,Lezgian,92A,Position of Polar Question Particles,No question particle,Haspelmath-1993[7];Gadzhiev-1963[19],
92A-jpn,jpn,Japanese,92A,Position of Polar Question Particles,Final,Hinds-1986[7],
92A-mnd,mnd,Mandarin,92A,Position of Polar Question Particles,Final,Li-and-Thompson-1981[547],
92A-ind,ind,Indonesian,92A,Position of Polar Question Particles,In either of two positions,"Danusugondo-1975[2-3, 12];Sneddon-1996a[311, 320];Macdonald-1976[158]",
92A-fin,fin,Finnish,92A,Position of Polar Question Particles,Second position,Sulkala-and-Karjalainen-1992[8];Whitney-1973[40],
92A-rus,rus,Russian,92A,Position of Polar Question Particles,Second position,Launer-1974[24],
92A-spa,spa,Spanish,92A,Position of Polar Question Particles,No question particle,Butt-and-Benjamin-2000[516-517],
92A-tur,tur,Turkish,92A,Position of Polar Question Particles,Final,Underhill-1976[58],
92A-fre,fre,French,92A,Position of Polar Question Particles,Initial,Harris-1988[237],
92A-eng,eng,English,92A,Position of Polar Question Particles,No question particle,,
92A-dds,dds,Donno So,92A,Position of Polar Question Particles,Final,Kervran-and-Prost-1969[48],
92A-ney,ney,Neyo,92A,Position of Polar Question Particles,Final,Grah-1983[ passim],
92A-jms,jms,Jamsay,92A,Position of Polar Question Particles,Final,Heath-2008[ 460],
92A-wwa,wwa,Waama,92A,Position of Polar Question Particles,Final,Peter-1990[ 474-475],
92A-ncm,ncm,Ncàm,92A,Position of Polar Question Particles,Final,Cox-1998[ 40],
92A-xsm,xsm,Kàsim,92A,Position of Polar Question Particles,Final,Bonvini-1988[ 43],
92A-mmi,mmi,Mambai,92A,Position of Polar Question Particles,Final,Eguchi-1971[166],
92A-ajg,ajg,Ajagbe,92A,Position of Polar Question Particles,Final,Tchitchi-1984[ 241],
92A-guw,guw,Gungbe,92A,Position of Polar Question Particles,Final,Hazoume-1979[83],
92A-avk,avk,Avikam,92A,Position of Polar Question Particles,Final,"Schang-1995[ 47, 48]",
92A-zag,zag,Beria,92A,Position of Polar Question Particles,No question particle,Crass-and-Jakobi-2004[ 97],
92A-tsk,tsk,Tamashek,92A,Position of Polar Question Particles,Initial,Heath-2005[ 649],
92A-hna,hna,Mina,92A,Position of Polar Question Particles,Final,Frajzyngier-and-Johnston-2005[ 287],
92A-sid,sid,Sidaama,92A,Position of Polar Question Particles,No question particle,Kawachi-2007[ 73],
92A-ryu,ryu,Shuri,92A,Position of Polar Question Particles,No question particle,"Kuwae-1983[147, 153, passim]",
92A-tbx,tbx,Tangbe,92A,Position of Polar Question Particles,No question particle,Honda-2003[ 59],
92A-gyc,gyc,Gyarong (Cogtse),92A,Position of Polar Question Particles,No question particle,Nagano-2003[ 488],
92A-tvt,tvt,Tutsa,92A,Position of Polar Question Particles,Final,Rekhung-1992[ 24],
92A-khn,khn,Khün,92A,Position of Polar Question Particles,Final,Petsuk-1978[passim],
92A-agd,agd,Agta (Dupaningan),92A,Position of Polar Question Particles,Second position,Robinson-2008[ 223],
92A-bgz,bgz,Banggi,92A,Position of Polar Question Particles,No question particle,Boutin-1988[ 40],
92A-bwc,bwc,Bajau (West Coast),92A,Position of Polar Question Particles,Second position,Miller-2007[ 386],
92A-lab,lab,Labu,92A,Position of Polar Question Particles,No question particle,Siegel-1984[ 110],
92A-vnm,vnm,Vinmavis,92A,Position of Polar Question Particles,No question particle,Crowley-2002g[648],
92A-psw,psw,Port Sandwich,92A,Position of Polar Question Particles,No question particle,Crowley-2002e[ 659],
92A-erk,erk,Efate (South),92A,Position of Polar Question Particles,No question particle,Thieberger-2004[ 286],
92A-ndr,ndr,Nadroga,92A,Position of Polar Question Particles,No question particle,Geraghty-2002[846],
92A-mpt,mpt,Mian,92A,Position of Polar Question Particles,Final,Fedden-2007[ 347],
92A-dlm,dlm,Dla (Menggwa),92A,Position of Polar Question Particles,No question particle,de-Sousa-2006[passim],
92A-brp,brp,Barupu,92A,Position of Polar Question Particles,Initial,"Corris-2005[ 127, 305-306]",
92A-urt,urt,Urat,92A,Position of Polar Question Particles,Final,Sposato-2008[18],
92A-xbi,xbi,Kombio,92A,Position of Polar Question Particles,No question particle,Yi-2008[ own work],
92A-aoj,aoj,Mufian,92A,Position of Polar Question Particles,Final,Alungum-et-al-1978[ own work],
92A-kmz,kmz,Kamasau,92A,Position of Polar Question Particles,No question particle,Sanders-and-Sanders-1994[7],
92A-tee,tee,Tepehua (Huehuetla),92A,Position of Polar Question Particles,Initial,Kung-2007[ 564],
92A-mxx,mxx,Mixe (Ayutla),92A,Position of Polar Question Particles,Final,,
92A-qum,qum,Sipakapense,92A,Position of Polar Question Particles,Initial,"Barrett-1999[ 190, 260]",
92A-eme,eme,Émérillon,92A,Position of Polar Question Particles,Second position,Rose-2003b[ 412],
92A-kyz,kyz,Kayabí,92A,Position of Polar Question Particles,Second position,Gomes-2007[ 80],
92A-kno,kno,Kanoê,92A,Position of Polar Question Particles,Final,Bacelar-2004[ 217-218],
92A-cpy,cpy,Chipaya,92A,Position of Polar Question Particles,No question particle,Cerron-Palomino-2006[ 173],
92A-pnx,pnx,Panará,92A,Position of Polar Question Particles,Initial,Dourado-2001[ 89],
92A-kqq,kqq,Krenak,92A,Position of Polar Question Particles,No question particle,Seki-2004[ 140],
92A-acu,acu,Achuar,92A,Position of Polar Question Particles,No question particle,Fast-and-Fast-1981[19],
92A-qhu,qhu,Quechua (Huallaga),92A,Position of Polar Question Particles,No question particle,Weber-1989[19],
92A-ndy,ndy,Ndyuka,92A,Position of Polar Question Particles,No question particle,Huttar-and-Huttar-1994[13],
92A-nbm,nbm,Ngbaka (Ma'bo),92A,Position of Polar Question Particles,Final,GrandEury-1991[ 250];Thomas-1963[250],
