ID,Language_ID,Language_name,Parameter_ID,Parameter_name,Value,Source,Comment
53A-aci,aci,Achí,53A,Ordinal Numerals,"First, two-th, three-th",Lopez-and-Iboy-1992[95],
53A-fea,fea,Frisian (Eastern),53A,Ordinal Numerals,"First, two-th, three-th",Fort-2001[417-418],
53A-fno,fno,Frisian (North),53A,Ordinal Numerals,"First, second, three-th",Wilts-1999[147],
53A-gbc,gbc,Guinea Bissau Crioulo,53A,Ordinal Numerals,"First, second, three-th",Scantamburlo-1981[48],
53A-izh,izh,Izhor,53A,Ordinal Numerals,"First, second, three-th",Laanest-1982[187-188],
53A-ksu,ksu,Kashubian,53A,Ordinal Numerals,"First, second, three-th",Lorentz-1971[30-34],
53A-lge,lge,Low German,53A,Ordinal Numerals,"First, two-th, three-th",Lindow-et-al-1998[198-199],
53A-mqc,mqc,Martinique Creole,53A,Ordinal Numerals,"First/one-th, two-th, three-th",Bernabe-1983[713-715],
53A-pcm,pcm,Pocomam,53A,Ordinal Numerals,"First, two-th, three-th",Santos-Nicolas-et-al-1997[136-137],
53A-pri,pri,Príncipense,53A,Ordinal Numerals,"First, two, three",Gunther-1973[63-64],
53A-vep,vep,Veps,53A,Ordinal Numerals,"First, second, three-th",Laanest-1982[187-188],
53A-bsm,bsm,Bislama,53A,Ordinal Numerals,"First/one-th, two-th, three-th",Guy-1974b[27-28],
53A-ldn,ldn,Ladin,53A,Ordinal Numerals,"First, second, three-th",Alton-1968[26],
53A-les,les,Lese,53A,Ordinal Numerals,"First, two-th, three-th",Vorbichler-1965[95-98],
53A-mjk,mjk,Manjaku,53A,Ordinal Numerals,"First, two-th, three-th",Buis-1990[32],
53A-srl,srl,Sorbian (Lower),53A,Ordinal Numerals,"First, second, three-th",Janas-1976[143 and 165],
53A-frw,frw,Frisian (Western),53A,Ordinal Numerals,"First, two-th, three-th",Bangma-1992[12],
53A-glc,glc,Galician,53A,Ordinal Numerals,"First, second, three-th",Carballo-Calero-1979[200],
53A-gre,gre,Greenlandic (East),53A,Ordinal Numerals,"First, second, three-th",Robbe-and-Dorais-1986a[117-119],
53A-ktt,ktt,Kott,53A,Ordinal Numerals,"First/one-th, two-th, three-th",Werner-1997b[70-71],
53A-liv,liv,Liv,53A,Ordinal Numerals,"First, second, three-th",Laanest-1982[187-188],
53A-rmc,rmc,Romansch,53A,Ordinal Numerals,"First, second, three-th",Lausberg-1972[172-183],
53A-ago,ago,Angolar,53A,Ordinal Numerals,"First, two, three",Maurer-1995[47-48],
53A-coi,coi,Chortí,53A,Ordinal Numerals,"First, second, three-th",Perez-Martinez-1994[85],
53A-cog,cog,Cogui,53A,Ordinal Numerals,Various,Preuss-1926[362-364],
53A-lno,lno,Ladino,53A,Ordinal Numerals,"First, second, three-th",Hetzer-2001[26],
53A-mly,mly,Malay,53A,Ordinal Numerals,"First, two-th, three-th",Dodds-1980[34 and 65-66],
53A-orb,orb,Oromo (Boraana),53A,Ordinal Numerals,"First, two-th, three-th",Stroomer-1995,
53A-qec,qec,Quechua (Ecuadorean),53A,Ordinal Numerals,"First/one-th, two-th, three-th",Catta-1987[66-67],
53A-sey,sey,Seychelles Creole,53A,Ordinal Numerals,"First, two-th, three-th",Bollee-1977[39-41],
53A-ssh,ssh,Shinassha,53A,Ordinal Numerals,"First/one-th, two-th, three-th",Lamberti-1993a[107-111],
53A-col,col,Chol,53A,Ordinal Numerals,"First, two-th, three-th",Warkentin-and-Scott-1980[107-13],
53A-her,her,Herero,53A,Ordinal Numerals,"First, two-th, three-th",Meinhof-1909[22-28],
53A-kwe,kwe,Kanjobal (Western),53A,Ordinal Numerals,"First, two-th, three-th",Zavala-1992[129-30],
53A-kug,kug,Kunming,53A,Ordinal Numerals,"One-th, two-th, three-th",Gui-2000[39],
53A-kwr,kwr,Kwamera,53A,Ordinal Numerals,"One-th, two-th, three-th",Lindstrom-and-Lynch-1994[16],
53A-mlc,mlc,Malacca Creole,53A,Ordinal Numerals,"One-th, two-th, three-th",Baxter-1988[48 and 108],
53A-owc,owc,Oromo (West-Central),53A,Ordinal Numerals,"First/one-th, two-th, three-th",Griefenow-Mewis-and-Bitima-1994[37 and 106],
53A-grn,grn,Gurenne,53A,Ordinal Numerals,"First, two-th, three-th",Rapp-1966[41 and 83],
53A-krl,krl,Karelian,53A,Ordinal Numerals,"First, second, three-th",Laanest-1982[187-188],
53A-occ,occ,Occitan,53A,Ordinal Numerals,"First, second, three-th",Nouvel-1975[1-16],
53A-pap,pap,Papiamentu,53A,Ordinal Numerals,"First, two-th, three-th",Maurer-1988[39-40],
53A-sou,sou,Sorbian (Upper),53A,Ordinal Numerals,"First, second, three-th",Fasske-1981[339 and 504-519],
53A-bub,bub,Bubi,53A,Ordinal Numerals,"First, two, three",Abad-1928[40-43],
53A-crg,crg,Chiriguano,53A,Ordinal Numerals,"First, second, three-th",Dietrich-1986,
53A-kwm,kwm,Kwami,53A,Ordinal Numerals,"First/one-th, two-th, three-th",Leger-1994[188-192],
53A-mah,mah,Mari (Hill),53A,Ordinal Numerals,"First/one-th, two-th, three-th",Alhoniemi-1993[91-95],
53A-mxa,mxa,Mixtec (Atatlahuca),53A,Ordinal Numerals,"First/one-th, two-th, three-th",Alexander-1980[73-75],
53A-qay,qay,Quechua (Ayacucho),53A,Ordinal Numerals,"First/one-th, two-th, three-th",Hartmann-1987[65-68],
53A-cch,cch,Chocho,53A,Ordinal Numerals,"First, two-th, three-th",Veerman-Leichsenring-2000[33-34],
53A-hcr,hcr,Haitian Creole,53A,Ordinal Numerals,"First, two-th, three-th",Sylvain-1979[73],
53A-oix,oix,Otomí (Ixtenco),53A,Ordinal Numerals,"First, two-th, three-th",Lastra-1998,
53A-toj,toj,Tojolabal,53A,Ordinal Numerals,"First/one-th, two-th, three-th",Lenkersdorf-1994[211-217],
53A-kaz,kaz,Kazakh,53A,Ordinal Numerals,"One-th, two-th, three-th",Kirchner-1998a[323-324],
53A-bnk,bnk,Bankon,53A,Ordinal Numerals,"First, two-th, three-th",Spellenberg-1969[36-38],
53A-far,far,Faroese,53A,Ordinal Numerals,"First, second, three-th",Andreasen-and-Dahl-1998[144-146],
53A-kod,kod,Kodava,53A,Ordinal Numerals,"One-th, two-th, three-th",Ebert-1996[35-36],
53A-msh,msh,Marshallese,53A,Ordinal Numerals,"One-th, two-th, three-th",Bender-1993[112],
53A-ixi,ixi,Ixil,53A,Ordinal Numerals,"First, two-th, three-th",Poma-and-Cruz-1996[153-154],
53A-kji,kji,Kurmanji,53A,Ordinal Numerals,"First/one-th, two-th, three-th",Lescot-and-Khan-1986[189-193],
53A-svk,svk,Slovak,53A,Ordinal Numerals,"First, second, three-th",Balaz-and-Darovec-1978[122 and 159],
53A-tsa,tsa,Tsakhur,53A,Ordinal Numerals,"One-th, two-th, three-th",Schulze-1997[42-43],
53A-gol,gol,Gola,53A,Ordinal Numerals,"First, two-th, three-th",Koroma-1994[52-53],
53A-psj,psj,Popoloca (San Juan Atzingo),53A,Ordinal Numerals,"First, two-th, three-th",Krumholz-et-al-1995[321],
53A-rka,rka,Romani (Kalderash),53A,Ordinal Numerals,"First/one-th, two-th, three-th",Boretzky-1994[58],
53A-zaz,zaz,Zazaki,53A,Ordinal Numerals,"First, two-th, three-th",Selcan-1998[587-604],
53A-kek,kek,K'ekchí,53A,Ordinal Numerals,"First, two-th, three-th",Tzul-and-Tzimaj-Cacao-1997[81-82],
53A-afr,afr,Afrikaans,53A,Ordinal Numerals,"First, two-th, three-th",Donaldson-1993[420-4],
53A-nob,nob,Nobiin,53A,Ordinal Numerals,"First, two-th, three-th",Werner-1987[108-110],
53A-tpi,tpi,Tok Pisin,53A,Ordinal Numerals,"One-th, two-th, three-th",Mosel-1980[61-64],
53A-dua,dua,Duala,53A,Ordinal Numerals,"First, two-th, three-th",Meinhof-1912[28 and 38],
53A-kur,kur,Kurukh,53A,Ordinal Numerals,"First, two-th, three-th",Hahn-1900[85],
53A-nog,nog,Noghay,53A,Ordinal Numerals,"First/one-th, two-th, three-th",Csato-and-Karakoc-1998[337],
53A-vot,vot,Votic,53A,Ordinal Numerals,"First, second, three-th",Laanest-1982[187-188],
53A-mmv,mmv,Mamvu,53A,Ordinal Numerals,"First, two-th, three-th",Vorbichler-1971[230-233],
53A-sap,sap,Sapuan,53A,Ordinal Numerals,"One, two, three",Jacq-and-Sidwell-1999[29-31],
53A-sus,sus,Susu,53A,Ordinal Numerals,"First, two-th, three-th",Friedlander-1974[83-84],
53A-pia,pia,Piaroa,53A,Ordinal Numerals,Various,Krisologo-1976[113-114],
53A-tkm,tkm,Turkmen,53A,Ordinal Numerals,"One-th, two-th, three-th",Schonig-1998b[265],
53A-zya,zya,Zapotec (Yatzachi),53A,Ordinal Numerals,"First/one-th, two-th, three-th",Butler-1980[211-213],
53A-kms,kms,Kamass,53A,Ordinal Numerals,"First, two-th, three-th",Kunnap-1999b[30],
53A-srd,srd,Sardinian,53A,Ordinal Numerals,"One-th, two-th, three-th",Lausberg-1972[172-183],
53A-cak,cak,Cakchiquel,53A,Ordinal Numerals,"First, two-th, three-th",Garcia-Matzar-et-al-1992[90-91],
53A-blr,blr,Belorussian,53A,Ordinal Numerals,"First, second, three-th",Pashkevich-1978,
53A-nym,nym,Nyamwezi,53A,Ordinal Numerals,"First, two-th, three-th",Maganga-and-Schadeberg-1992[83-85],
53A-uyg,uyg,Uyghur,53A,Ordinal Numerals,"One-th, two-th, three-th",Hahn-1991[594],
53A-ale,ale,Aleut,53A,Ordinal Numerals,"First, two-th, three-th",Bergsland-1994[570-571],
53A-kuv,kuv,Kuvi,53A,Ordinal Numerals,"First/one-th, two-th, three-th",Reddy-1979[69-70],
53A-bak,bak,Baka (in Cameroon),53A,Ordinal Numerals,"First, two-th, three-th",Kilian-Hatz-1995[101-104],
53A-mcd,mcd,Macedonian,53A,Ordinal Numerals,"First, second, three-th",Foulon-Hristova-1997[105-111],
53A-tzo,tzo,Tzotzil,53A,Ordinal Numerals,"First, two-th, three-th",Cowan-1969;Jacobs-and-Longacre-1967,
53A-wly,wly,Wolaytta,53A,Ordinal Numerals,"First, two-th, three-th",Lamberti-and-Sottile-1997,
53A-abn,abn,Arabana,53A,Ordinal Numerals,None,Hercus-1994,
53A-cem,cem,Cèmuhî,53A,Ordinal Numerals,"One-th, two-th, three-th",Rivierre-1980[150 and 222-223],
53A-dmi,dmi,Dumi,53A,Ordinal Numerals,None,van-Driem-1993[87-89],
53A-koi,koi,Koiari,53A,Ordinal Numerals,None,Dutton-1996[53],
53A-maw,maw,Maninka (Western),53A,Ordinal Numerals,"First/one-th, two-th, three-th",Friedlander-1992[200-202],
53A-mzc,mzc,Mazatec (Chiquihuitlán),53A,Ordinal Numerals,"First, two-th, three-th",Jamieson-1988[67-69],
53A-guj,guj,Gujarati,53A,Ordinal Numerals,"First, two-th, three-th",Patel-nd[130-134],
53A-mra,mra,Mara,53A,Ordinal Numerals,None,Heath-1981,
53A-kpe,kpe,Kpelle,53A,Ordinal Numerals,"One, two, three",Westermann-and-Melzian-1930[20],
53A-ses,ses,Sesotho,53A,Ordinal Numerals,"First, two-th, three-th",Jacottet-1927,
53A-slb,slb,Saliba (in Papua New Guinea),53A,Ordinal Numerals,"First, two-th, three-th",Mosel-1994a[11],
53A-slo,slo,Slovene,53A,Ordinal Numerals,"First, second, three-th",Jug-Kranjec-1989[59],
53A-grf,grf,Garífuna,53A,Ordinal Numerals,"First, two-th, three-th",,
53A-arw,arw,Armenian (Western),53A,Ordinal Numerals,"First, two-th, three-th",Sakayan-2000[120],
53A-ceb,ceb,Cebuano,53A,Ordinal Numerals,"First, two-th, three-th",Wolff-1967[80-81],
53A-cor,cor,Cora,53A,Ordinal Numerals,"One-th, two-th, three-th",Casad-1985[267-268],
53A-kuo,kuo,Kuot,53A,Ordinal Numerals,"First/one-th, two-th, three-th",,
53A-txj,txj,Totonac (Xicotepec de Juárez),53A,Ordinal Numerals,"One-th, two-th, three-th",Reid-1991[89-92],
53A-xoo,xoo,!Xóõ,53A,Ordinal Numerals,None,Traill-1994,
53A-kmk,kmk,Kalmyk,53A,Ordinal Numerals,"One-th, two-th, three-th",Benzing-1985[94-97],
53A-ute,ute,Ute,53A,Ordinal Numerals,"First, second, three-th",Southern-Ute-Tribe-1980,
53A-bla,bla,Blackfoot,53A,Ordinal Numerals,"First, two-th, three-th",Uhlenbeck-1938[119-128],
53A-kzy,kzy,Komi-Zyrian,53A,Ordinal Numerals,"First, second, three-th",Redei-1978[84-85],
53A-msl,msl,Masalit,53A,Ordinal Numerals,"First, two-th, three-th",Edgar-1989[68],
53A-shn,shn,Shona,53A,Ordinal Numerals,"First, two-th, three-th",Brauner-1993[38-39 and 89-90],
53A-kgz,kgz,Kirghiz,53A,Ordinal Numerals,"One-th, two-th, three-th",Herbert-and-Poppe-1963[29-30],
53A-mnc,mnc,Manchu,53A,Ordinal Numerals,"First/one-th, two-th, three-th",Haenisch-1986[44-45],
53A-per,per,Pero,53A,Ordinal Numerals,"One-th, two-th, three-th",Frajzyngier-1989[141-143],
53A-ewo,ewo,Ewondo,53A,Ordinal Numerals,"First, two-th, three-th",Nekes-1913[28-29 and 45],
53A-mlt,mlt,Maltese,53A,Ordinal Numerals,"First, two-th, three-th",Borg-and-Azzopardi-Alexander-1997,
53A-aze,aze,Azerbaijani,53A,Ordinal Numerals,"First/one-th, two-th, three-th",Schonig-1998c[253],
53A-ben,ben,Bengali,53A,Ordinal Numerals,"First, two-th, three-th",Radice-1994,
53A-sno,sno,Saami (Northern),53A,Ordinal Numerals,"First, second, three-th",Bergsland-1976[64],
53A-ukr,ukr,Ukrainian,53A,Ordinal Numerals,"First, second, three-th",Struk-1982[256],
53A-tvo,tvo,Tatar,53A,Ordinal Numerals,"One-th, two-th, three-th",Berta-1998[290],
53A-cop,cop,Coptic,53A,Ordinal Numerals,"First, two-th, three-th",Plisch-1999[19-21],
53A-oss,oss,Ossetic,53A,Ordinal Numerals,"First, two-th, three-th",Abaev-1964[20-21],
53A-snh,snh,Sinhala,53A,Ordinal Numerals,"First, two-th, three-th",Gair-and-Paolillo-1997[22],
53A-amr,amr,Arabic (Moroccan),53A,Ordinal Numerals,"First, second, three-th",Maas-1999[219-223],
53A-evn,evn,Even,53A,Ordinal Numerals,"First/one-th, two-th, three-th",Benzing-1955[70-72],
53A-goa,goa,Goajiro,53A,Ordinal Numerals,"First, two, three",Olza-Zubiri-and-Jusayu-1978[43-45],
53A-snc,snc,Seneca,53A,Ordinal Numerals,None,Holmer-1954[31-32],
53A-tah,tah,Tahitian,53A,Ordinal Numerals,"First, two-th, three-th",Paia-and-Vernaudon-1999[172 and 215],
53A-cze,cze,Czech,53A,Ordinal Numerals,"First, second, three-th",Kabesch-1975[97 and 110],
53A-dsh,dsh,Danish,53A,Ordinal Numerals,"First, second, three-th",Nielsen-1975[58-59],
53A-ite,ite,Itelmen,53A,Ordinal Numerals,"First, second, three-th",Georg-and-Volodin-1999[136-139],
53A-so,so,So,53A,Ordinal Numerals,"First, second, three-th",Carlin-1993[109-113],
53A-ctl,ctl,Catalan,53A,Ordinal Numerals,"First, second, three-th",,
53A-fni,fni,Fula (Nigerian),53A,Ordinal Numerals,"First, two-th, three-th",Jungraithmayr-and-Abu-Manga-1989[72-74],
53A-por,por,Portuguese,53A,Ordinal Numerals,"First, second, three-th",Lausberg-1972[172-183],
53A-est,est,Estonian,53A,Ordinal Numerals,"First, second, three-th",Laanest-1982[187-188],
53A-gae,gae,Gaelic (Scots),53A,Ordinal Numerals,"First, two-th, three-th",Calder-1980[126-127];Calder-1923[126-127],
53A-hop,hop,Hopi,53A,Ordinal Numerals,"One-th, two-th, three-th",Gipper-1972[288-289],
53A-mam,mam,Mam,53A,Ordinal Numerals,"First, two-th, three-th",Rojas-Ramirez-et-al-1992[121],
53A-arg,arg,Arabic (Gulf),53A,Ordinal Numerals,"First, two-th, three-th",Holes-1990[235-238],
53A-bsk,bsk,Bashkir,53A,Ordinal Numerals,"One-th, two-th, three-th",Berta-1998[290],
53A-mns,mns,Mansi,53A,Ordinal Numerals,"First/one-th, two-th, three-th",Kalman-1976[36-37],
53A-mup,mup,Mupun,53A,Ordinal Numerals,"One-th, two-th, three-th",Frajzyngier-1993[77 and 153],
53A-scr,scr,Serbian-Croatian,53A,Ordinal Numerals,"First, second, three-th",Schmaus-1983[67 and 132];Subotic-and-Forbes-1918,
53A-tin,tin,Tinrin,53A,Ordinal Numerals,"One-th, two-th, three-th",Osumi-1995[46],
53A-ava,ava,Avar,53A,Ordinal Numerals,"One-th, two-th, three-th",Charachidze-1981[90-92],
53A-lim,lim,Limbu,53A,Ordinal Numerals,None,van-Driem-1987[32-33],
53A-tna,tna,Turkana,53A,Ordinal Numerals,"First, two-th, three-th",Dimmendaal-1983a,
53A-uzb,uzb,Uzbek,53A,Ordinal Numerals,"One-th, two-th, three-th",Boeschoten-1998[363],
53A-kty,kty,Khanty,53A,Ordinal Numerals,"First, second, three-th",Nikolaeva-1999[19-20],
53A-mym,mym,Malayalam,53A,Ordinal Numerals,"First/one-th, two-th, three-th",Asher-and-Kumari-1997[361-365],
53A-ykt,ykt,Yakut,53A,Ordinal Numerals,"First, two-th, three-th",Stachowski-and-Menz-1998[423-424],
53A-awt,awt,Awtuw,53A,Ordinal Numerals,None,Feldman-1986[188-189],
53A-tuv,tuv,Tuvan,53A,Ordinal Numerals,"One-th, two-th, three-th",Anderson-and-Harrison-1999[31],
53A-nor,nor,Norwegian,53A,Ordinal Numerals,"First, second, three-th",Berulfsen-1977[34-38],
53A-tau,tau,Tauya,53A,Ordinal Numerals,None,MacDonald-1990[117-118],
53A-bre,bre,Breton,53A,Ordinal Numerals,"First, second, three-th",Press-1986[86-91],
53A-luo,luo,Luo,53A,Ordinal Numerals,"First/one-th, two-th, three-th",Creider-1994[265-269],
53A-pal,pal,Palauan,53A,Ordinal Numerals,"First, two-th, three-th",Hagege-1986[94-95],
53A-psh,psh,Pashto,53A,Ordinal Numerals,"First, two-th, three-th","Lorenz-1982[104, 112]",
53A-sam,sam,Samoan,53A,Ordinal Numerals,"First, two, three",Mosel-and-Hovdhaugen-1992[116-118],
53A-kis,kis,Kisi,53A,Ordinal Numerals,"First, two-th, three-th",Childs-1995[112-113 and 200-201],
53A-tsh,tsh,Tümpisa Shoshone,53A,Ordinal Numerals,"First/one-th, two-th, three-th",Dayley-1989a[161],
53A-wel,wel,Welsh,53A,Ordinal Numerals,"First, second, three-th",Williams-1980b[40],
53A-ice,ice,Icelandic,53A,Ordinal Numerals,"First, second, three-th",Petursson-1978[90-91],
53A-nan,nan,Nandi,53A,Ordinal Numerals,"First, two-th, three-th",Creider-and-Creider-1989[64-66],
53A-mac,mac,Macushi,53A,Ordinal Numerals,"First/one-th, two-th, three-th",Abbott-1991,
53A-mrd,mrd,Marind,53A,Ordinal Numerals,None,Drabbe-1955[26-27],
53A-swe,swe,Swedish,53A,Ordinal Numerals,"First, second, three-th",Holm-and-Nylund-Lindgren-1977[48],
53A-wlf,wlf,Wolof,53A,Ordinal Numerals,"First, two-th, three-th",Malherbe-and-Sall-1989[38-39],
53A-chv,chv,Chuvash,53A,Ordinal Numerals,"One-th, two-th, three-th",Clark-1998a[441-442],
53A-dut,dut,Dutch,53A,Ordinal Numerals,"First, two-th, three-th",,
53A-kas,kas,Kashmiri,53A,Ordinal Numerals,"First/one-th, two-th, three-th",Wali-and-Koul-1997[269-263],
53A-una,una,Una,53A,Ordinal Numerals,"One-th, two-th, three-th",Louwerse-1988[78-79],
53A-haw,haw,Hawaiian,53A,Ordinal Numerals,"First/one-th, two-th, three-th",Elbert-and-Pukui-1979[158-160],
53A-ita,ita,Italian,53A,Ordinal Numerals,"First, second, three-th",Lausberg-1972[172-183],
53A-lit,lit,Lithuanian,53A,Ordinal Numerals,"First, second, three-th",Eckert-et-al-1994[152-156],
53A-rom,rom,Romanian,53A,Ordinal Numerals,"First, two-th, three-th",Lausberg-1972[172-183],
53A-tml,tml,Tamil,53A,Ordinal Numerals,"First, two-th, three-th",Beythan-1943[140-142],
53A-bul,bul,Bulgarian,53A,Ordinal Numerals,"First, second, three-th",,
53A-som,som,Somali,53A,Ordinal Numerals,"One-th, two-th, three-th",El-Solami-Mewis-1987[34],
53A-ypk,ypk,Yup'ik (Central),53A,Ordinal Numerals,"First/one-th, two-th, three-th",Jacobson-1995[416-419],
53A-cnt,cnt,Cantonese,53A,Ordinal Numerals,"One-th, two-th, three-th",Matthews-and-Yip-1994,
53A-pol,pol,Polish,53A,Ordinal Numerals,"First, second, three-th","Wojtowcz-1972[9, 28]",
53A-ker,ker,Kera,53A,Ordinal Numerals,"First, two-th, three-th",Ebert-1979[163-164],
53A-lad,lad,Ladakhi,53A,Ordinal Numerals,"First/one-th, two-th, three-th",Francke-1979[19-20],
53A-alb,alb,Albanian,53A,Ordinal Numerals,"First, two-th, three-th",Buchholz-and-Fiedler-1987[349-355],
53A-bam,bam,Bambara,53A,Ordinal Numerals,"First, two-th, three-th",Kastenholz-1989[30-1 and 69],
53A-nti,nti,Ngiti,53A,Ordinal Numerals,"First, two-th, three-th",Kutsch-Lojenga-1994[353-359],
53A-car,car,Carib,53A,Ordinal Numerals,"One-th, two-th, three-th",Hoff-1968[279-285],
53A-psm,psm,Passamaquoddy-Maliseet,53A,Ordinal Numerals,"First, two-th, three-th",,
53A-cyv,cyv,Cayuvava,53A,Ordinal Numerals,None,Key-1967,
53A-dio,dio,Diola-Fogny,53A,Ordinal Numerals,"First, two-th, three-th",Sapir-1965,
53A-arm,arm,Armenian (Eastern),53A,Ordinal Numerals,"First, two-th, three-th",Gureghian-and-Gureghian-1999[507-508],
53A-aym,aym,Aymara (Central),53A,Ordinal Numerals,"First, two, three",Hardman-de-Bautista-et-al-1988[174-178],
53A-wrd,wrd,Wardaman,53A,Ordinal Numerals,None,Merlan-1994[57],
53A-usa,usa,Usan,53A,Ordinal Numerals,Various,,
53A-pai,pai,Paiwan,53A,Ordinal Numerals,"One-th, two-th, three-th",Egli-1990[150],
53A-dre,dre,Drehu,53A,Ordinal Numerals,"First, two-th, three-th",Moyse-Faurie-1983[108-11],
53A-gar,gar,Garo,53A,Ordinal Numerals,"First/one-th, two-th, three-th",,
53A-mss,mss,Miwok (Southern Sierra),53A,Ordinal Numerals,"First, second, three-th",Broadbent-1964,
53A-otm,otm,Otomí (Mezquital),53A,Ordinal Numerals,"One-th, two-th, three-th",Voigtlander-and-Echegoyen-1979[72-74],
53A-igb,igb,Igbo,53A,Ordinal Numerals,"First, two-th, three-th",Igwe-and-Green-1979[15],
53A-nez,nez,Nez Perce,53A,Ordinal Numerals,"First, two-th, three-th",Aoki-1994[passim],
53A-brh,brh,Brahui,53A,Ordinal Numerals,"First/one-th, two-th, three-th",Bray-1986[71-72],
53A-cah,cah,Cahuilla,53A,Ordinal Numerals,"First/one-th, two-th, three-th",Seiler-1977,
53A-cle,cle,Chinantec (Lealao),53A,Ordinal Numerals,None,Rupp-1989,
53A-knm,knm,Kunama,53A,Ordinal Numerals,"First, two-th, three-th",Bohm-1984[99-113],
53A-nav,nav,Navajo,53A,Ordinal Numerals,"First/one-th, two-th, three-th",Young-1992,
53A-iri,iri,Irish,53A,Ordinal Numerals,"First, second, three-th",Dillon-and-O-Croinin-1961,
53A-squ,squ,Squamish,53A,Ordinal Numerals,"First, second, three-th",Kuipers-1967[149-150],
53A-tru,tru,Trumai,53A,Ordinal Numerals,None,Guirardello-1999a,
53A-nen,nen,Nenets,53A,Ordinal Numerals,"First, second, three-th",Decsy-1966[43],
53A-yim,yim,Yimas,53A,Ordinal Numerals,"First, two-th, three-th",Foley-1991,
53A-ika,ika,Ika,53A,Ordinal Numerals,None,Frank-1990,
53A-kse,kse,Koyraboro Senni,53A,Ordinal Numerals,"First/one-th, two-th, three-th",Heath-1999a,
53A-mun,mun,Mundari,53A,Ordinal Numerals,"First, two, three",Osada-1992,
53A-brs,brs,Barasano,53A,Ordinal Numerals,None,Jones-and-Jones-1991,
53A-tab,tab,Taba,53A,Ordinal Numerals,"First/one-th, two-th, three-th",Bowden-1997a,
53A-aco,aco,Acoma,53A,Ordinal Numerals,"First/one-th, two-th, three-th",Miller-1965;Maring-1967,
53A-arp,arp,Arapesh (Mountain),53A,Ordinal Numerals,None,Conrad-and-Wogiga-1991,
53A-ewe,ewe,Ewe,53A,Ordinal Numerals,"First, two-th, three-th",Rongier-1988[101-103],
53A-grb,grb,Grebo,53A,Ordinal Numerals,"First, two-th, three-th",Innes-1966,
53A-khs,khs,Khasi,53A,Ordinal Numerals,"First, two-th, three-th",Rabel-1961[55-57],
53A-khm,khm,Khmer,53A,Ordinal Numerals,"One-th, two-th, three-th",Huffman-1970b[25-32],
53A-klv,klv,Kilivila,53A,Ordinal Numerals,Various,Senft-1986[77-83],
53A-nug,nug,Nunggubuyu,53A,Ordinal Numerals,None,Heath-1984,
53A-irq,irq,Iraqw,53A,Ordinal Numerals,"First, two, three",Mous-1993[118-119],
53A-kew,kew,Kewa,53A,Ordinal Numerals,Various,Franklin-1971,
53A-ket,ket,Ket,53A,Ordinal Numerals,"First/one-th, two-th, three-th",Werner-1997a[129-30],
53A-koa,koa,Koasati,53A,Ordinal Numerals,"First, two-th, three-th",Kimball-1991[355-63],
53A-luv,luv,Luvale,53A,Ordinal Numerals,"First, two-th, three-th",Horton-1949,
53A-hzb,hzb,Hunzib,53A,Ordinal Numerals,"One-th, two-th, three-th",van-den-Berg-1995[69-70],
53A-ing,ing,Ingush,53A,Ordinal Numerals,"First, two-th, three-th",Nichols-1994b,
53A-qim,qim,Quechua (Imbabura),53A,Ordinal Numerals,"First/one-th, two-th, three-th",Cole-1985,
53A-niv,niv,Nivkh,53A,Ordinal Numerals,"First, two, three",Gruzdeva-1998,
53A-apu,apu,Apurinã,53A,Ordinal Numerals,None,Facundes-2000,
53A-bma,bma,Berber (Middle Atlas),53A,Ordinal Numerals,"First, two-th, three-th","Quitout-1997[76, 85]",
53A-wra,wra,Warao,53A,Ordinal Numerals,"First, two, three",Vaquero-1965[5],
53A-imo,imo,Imonda,53A,Ordinal Numerals,None,Seiler-1985,
53A-awp,awp,Awa Pit,53A,Ordinal Numerals,None,Curnow-1997,
53A-kob,kob,Kobon,53A,Ordinal Numerals,None,Davies-1989b[207-208],
53A-lat,lat,Latvian,53A,Ordinal Numerals,"First, second, three-th",Eckert-et-al-1994[303-308],
53A-ala,ala,Alamblak,53A,Ordinal Numerals,"First, two-th, three-th",Bruce-1984,
53A-goo,goo,Gooniyandi,53A,Ordinal Numerals,None,McGregor-1990,
53A-mxc,mxc,Mixtec (Chalcatongo),53A,Ordinal Numerals,None,,
53A-rap,rap,Rapanui,53A,Ordinal Numerals,"First, two-th, three-th",Du-Feu-1996[170-173],
53A-ain,ain,Ainu,53A,Ordinal Numerals,None,Refsing-1986[110],
53A-jak,jak,Jakaltek,53A,Ordinal Numerals,"First/one-th, two-th, three-th",Day-1973[59],
53A-lkt,lkt,Lakhota,53A,Ordinal Numerals,"First, two-th, three-th",Rood-and-Taylor-1996,
53A-mrt,mrt,Martuthunira,53A,Ordinal Numerals,None,Dench-1995,
53A-war,war,Wari',53A,Ordinal Numerals,None,Everett-and-Kern-1997,
53A-gua,gua,Guaraní,53A,Ordinal Numerals,"First/one-th, two-th, three-th",Guasch-1996[83-85],
53A-kho,kho,Khoekhoe,53A,Ordinal Numerals,"First, two-th, three-th",Hagman-1977,
53A-mei,mei,Meithei,53A,Ordinal Numerals,"First/one-th, two-th, three-th",Chelliah-1997,
53A-ngi,ngi,Ngiyambaa,53A,Ordinal Numerals,None,Donaldson-1980,
53A-brm,brm,Burmese,53A,Ordinal Numerals,Various,Richter-1983[169-171],
53A-kro,kro,Krongo,53A,Ordinal Numerals,"One, two, three",Reh-1985[243],
53A-myi,myi,Mangarrayi,53A,Ordinal Numerals,None,Merlan-1982,
53A-tiw,tiw,Tiwi,53A,Ordinal Numerals,None,Osborne-1974,
53A-knr,knr,Kanuri,53A,Ordinal Numerals,"First/one-th, two-th, three-th",Cyffer-1991[60 and 144],
53A-kay,kay,Kayardild,53A,Ordinal Numerals,None,Evans-1995,
53A-map,map,Mapudungun,53A,Ordinal Numerals,"First/one-th, two-th, three-th",Smeets-1989,
53A-yor,yor,Yoruba,53A,Ordinal Numerals,"One-th, two-th, three-th",Ashiwaju-1968[62],
53A-yko,yko,Yukaghir (Kolyma),53A,Ordinal Numerals,"First, two-th, three-th",Maslova-1999,
53A-may,may,Maybrat,53A,Ordinal Numerals,"First/one-th, two-th, three-th",Dol-1999,
53A-tuk,tuk,Tukang Besi,53A,Ordinal Numerals,"First, two, three",,
53A-bur,bur,Burushaski,53A,Ordinal Numerals,"First, two-th, three-th",Berger-1974[27-28],
53A-cha,cha,Chamorro,53A,Ordinal Numerals,"First, two-th, three-th",Topping-1973[167-168],
53A-chk,chk,Chukchi,53A,Ordinal Numerals,"First/one-th, two-th, three-th",Dunn-1999,
53A-fij,fij,Fijian,53A,Ordinal Numerals,"First, two-th, three-th",Dixon-1988[141-148],
53A-heb,heb,Hebrew (Modern),53A,Ordinal Numerals,"First, two-th, three-th",Simon-1979[84-89],
53A-lan,lan,Lango,53A,Ordinal Numerals,"First, two, three",Noonan-1992[110-112],
53A-orh,orh,Oromo (Harar),53A,Ordinal Numerals,"First, two-th, three-th",Owens-1985,
53A-tha,tha,Thai,53A,Ordinal Numerals,"First/one-th, two-th, three-th",Yates-and-Tryon-1970,
53A-yaq,yaq,Yaqui,53A,Ordinal Numerals,"One-th, two-th, three-th",Johnson-1962,
53A-zul,zul,Zulu,53A,Ordinal Numerals,"First, two-th, three-th",Ziervogel-et-al-1967,
53A-sla,sla,Slave,53A,Ordinal Numerals,"First, two-th, three-th",Rice-1989[373-383],
53A-aeg,aeg,Arabic (Egyptian),53A,Ordinal Numerals,"First, two-th, three-th",Mitchell-1962,
53A-grw,grw,Greenlandic (West),53A,Ordinal Numerals,"First, second, three-th",Fortescue-1984[305-307],
53A-hix,hix,Hixkaryana,53A,Ordinal Numerals,None,Derbyshire-1979,
53A-swa,swa,Swahili,53A,Ordinal Numerals,"First, second, three-th",Mohlig-and-Heine-1999[187],
53A-vie,vie,Vietnamese,53A,Ordinal Numerals,Various,Hoang-1982[50],
53A-hin,hin,Hindi,53A,Ordinal Numerals,"First, two-th, three-th",McGregor-1977[61-3],
53A-ckr,ckr,Canela-Krahô,53A,Ordinal Numerals,None,Popjes-and-Popjes-1986,
53A-tag,tag,Tagalog,53A,Ordinal Numerals,"First, two-th, three-th",Ramos-1971[39-41],
53A-geo,geo,Georgian,53A,Ordinal Numerals,"First, two-th, three-th",Fahnrich-1987[63-64],
53A-knd,knd,Kannada,53A,Ordinal Numerals,"First/one-th, two-th, three-th",Jensen-1969[72-77],
53A-kha,kha,Khalkha,53A,Ordinal Numerals,"First/one-th, two-th, three-th",Vietze-1988[92-94],
53A-mal,mal,Malagasy,53A,Ordinal Numerals,"First, two-th, three-th",Rabenilaina-1983[226-227],
53A-sup,sup,Supyire,53A,Ordinal Numerals,"First, two-th, three-th",Carlson-1994[167-171],
53A-hau,hau,Hausa,53A,Ordinal Numerals,"First, two-th, three-th",Kraft-and-Kirk-Greene-1973,
53A-mao,mao,Maori,53A,Ordinal Numerals,"One-th, two-th, three-th",Bauer-1993[494-497],
53A-bsq,bsq,Basque,53A,Ordinal Numerals,"First, two-th, three-th",Kuhnel-1999[225],
53A-abk,abk,Abkhaz,53A,Ordinal Numerals,"First/one-th, two-th, three-th",Hewitt-1989a,
53A-eve,eve,Evenki,53A,Ordinal Numerals,"First, second, three-th",Nedjalkov-1997,
53A-kor,kor,Korean,53A,Ordinal Numerals,"One-th, two-th, three-th",Sohn-1994[380-384],
53A-prs,prs,Persian,53A,Ordinal Numerals,"First/one-th, two-th, three-th",Alavi-and-Lorenz-1988[71-78],
53A-ame,ame,Amele,53A,Ordinal Numerals,"First/one-th, two-th, three-th",Roberts-1987,
53A-ger,ger,German,53A,Ordinal Numerals,"First, two-th, three-th",,
53A-grk,grk,Greek (Modern),53A,Ordinal Numerals,"First, second, three-th",,
53A-lez,lez,Lezgian,53A,Ordinal Numerals,"One-th, two-th, three-th",Haspelmath-1993[230-233],
53A-jpn,jpn,Japanese,53A,Ordinal Numerals,"One-th, two-th, three-th",Lewin-et-al-1983[321-322],
53A-mnd,mnd,Mandarin,53A,Ordinal Numerals,"One-th, two-th, three-th",Li-and-Thompson-1981,
53A-hun,hun,Hungarian,53A,Ordinal Numerals,"First, second, three-th",Banhidi-et-al-1975[55 and 254],
53A-ind,ind,Indonesian,53A,Ordinal Numerals,"First/one-th, two-th, three-th",Krause-1994[62-65],
53A-fin,fin,Finnish,53A,Ordinal Numerals,"First, second, three-th",Laanest-1982[187-188],
53A-rus,rus,Russian,53A,Ordinal Numerals,"First, second, three-th",Berneker-and-Vasmer-1971[82-83],
53A-spa,spa,Spanish,53A,Ordinal Numerals,"First, second, three-th",,
53A-tur,tur,Turkish,53A,Ordinal Numerals,"First/one-th, two-th, three-th",,
53A-fre,fre,French,53A,Ordinal Numerals,"First, second, three-th",Lausberg-1972[172-183],
53A-eng,eng,English,53A,Ordinal Numerals,"First, second, three-th",,
53A-tms,tms,Tommo So,53A,Ordinal Numerals,"First, two-th, three-th",Plungian-1995[22-3],
53A-ndy,ndy,Ndyuka,53A,Ordinal Numerals,"First, two-th, three-th",Huttar-and-Huttar-1994,
