ID,Language_ID,Language_name,Parameter_ID,Parameter_name,Value,Source,Comment
137A-wgl,wgl,Waigali,137A,N-M Pronouns,No N-M pronouns,Morgenstierne-1954,
137A-yna,yna,Yupik (Naukan),137A,N-M Pronouns,No N-M pronouns,Menovshchikov-1975,
137A-brk,brk,Berik,137A,N-M Pronouns,No N-M pronouns,Thimbwat-et-al-1979,
137A-csh,csh,Cashinahua,137A,N-M Pronouns,"N-M pronouns, paradigmatic",Cromack-1968,
137A-cjo,cjo,Chichimeca-Jonaz,137A,N-M Pronouns,No N-M pronouns,Lastra-de-Suarez-1984,
137A-cho,cho,Chontal (Highland),137A,N-M Pronouns,"N-M pronouns, paradigmatic",Turner-and-Turner-1971,
137A-cin,cin,Chumash (Ineseño),137A,N-M Pronouns,No N-M pronouns,Applegate-1972,
137A-mdk,mdk,Mandinka,137A,N-M Pronouns,No N-M pronouns,Creissels-1983,
137A-ayw,ayw,Ayiwo,137A,N-M Pronouns,No N-M pronouns,Wurm-1981,
137A-nah,nah,Nahali,137A,N-M Pronouns,No N-M pronouns,Kuiper-1962,
137A-xok,xok,Xokleng,137A,N-M Pronouns,"N-M pronouns, paradigmatic",Urban-1985,
137A-kot,kot,Kota,137A,N-M Pronouns,No N-M pronouns,Emeneau-1944,
137A-kat,kat,Kâte,137A,N-M Pronouns,"N-M pronouns, non-paradigmatic",Pilhofer-1933,
137A-nat,nat,Natchez,137A,N-M Pronouns,No N-M pronouns,Haas-1975,
137A-ori,ori,Orig,137A,N-M Pronouns,No N-M pronouns,Schadeberg-and-Elias-1979,
137A-tmc,tmc,Timucua,137A,N-M Pronouns,No N-M pronouns,Gatschet-1877,
137A-tpa,tpa,Totonac (Papantla),137A,N-M Pronouns,No N-M pronouns,Levy-Podolsky-1990,
137A-git,git,Gitksan,137A,N-M Pronouns,"N-M pronouns, non-paradigmatic",Rigsby-1986,
137A-iau,iau,Iau,137A,N-M Pronouns,No N-M pronouns,Bateman-1986,
137A-mco,mco,Mixe (Coatlán),137A,N-M Pronouns,"N-M pronouns, paradigmatic",Van-Haitsma-and-Van-Haitsma-1976,
137A-cku,cku,Chinook (Upper),137A,N-M Pronouns,"N-M pronouns, paradigmatic",Dyk-1933,
137A-gku,gku,Gününa Küne,137A,N-M Pronouns,"N-M pronouns, non-paradigmatic",Casamiquela-1983,
137A-shp,shp,Sahaptin (Northern),137A,N-M Pronouns,"N-M pronouns, paradigmatic",Jacobs-1931,
137A-mot,mot,Motuna,137A,N-M Pronouns,No N-M pronouns,Onishi-1994,
137A-shs,shs,Shasta,137A,N-M Pronouns,No N-M pronouns,Silver-1966,
137A-wrn,wrn,Warndarang,137A,N-M Pronouns,No N-M pronouns,Heath-1980b,
137A-ntj,ntj,Ngaanyatjarra,137A,N-M Pronouns,No N-M pronouns,Douglas-1964,
137A-tlf,tlf,Telefol,137A,N-M Pronouns,No N-M pronouns,Healey-1965a,
137A-atk,atk,Atakapa,137A,N-M Pronouns,No N-M pronouns,Swanton-1929,
137A-nai,nai,Nanai,137A,N-M Pronouns,No N-M pronouns,Avrorin-1959,
137A-ane,ane,Anêm,137A,N-M Pronouns,No N-M pronouns,Thurston-1982,
137A-kri,kri,Kipea,137A,N-M Pronouns,No N-M pronouns,Rodrigues-1999b[201-2 et pass.],
137A-chi,chi,Chimariko,137A,N-M Pronouns,"N-M pronouns, paradigmatic",Dixon-1910,
137A-fua,fua,Fula (Cameroonian),137A,N-M Pronouns,No N-M pronouns,Arnott-1970,
137A-ywl,ywl,Yawelmani,137A,N-M Pronouns,"N-M pronouns, paradigmatic",Newman-1946,
137A-pme,pme,Pomo (Eastern),137A,N-M Pronouns,No N-M pronouns,McLendon-1975,
137A-tmr,tmr,Temiar,137A,N-M Pronouns,No N-M pronouns,Benjamin-1976,
137A-wem,wem,Wembawemba,137A,N-M Pronouns,No N-M pronouns,Hercus-1986b,
137A-lda,lda,Luganda,137A,N-M Pronouns,No N-M pronouns,Ashton-et-al-1954,
137A-sul,sul,Sulka,137A,N-M Pronouns,No N-M pronouns,Muller-1916,
137A-bel,bel,Belhare,137A,N-M Pronouns,No N-M pronouns,,
137A-ctm,ctm,Chitimacha,137A,N-M Pronouns,No N-M pronouns,Swadesh-1946b,
137A-dji,dji,Djingili,137A,N-M Pronouns,No N-M pronouns,Chadwick-1975,
137A-diz,diz,Dizi,137A,N-M Pronouns,No N-M pronouns,Allan-1976b,
137A-jiv,jiv,Jivaro,137A,N-M Pronouns,No N-M pronouns,Pellizzaro-1969,
137A-syu,syu,Salt-Yui,137A,N-M Pronouns,No N-M pronouns,Irwin-1974,
137A-kmb,kmb,Kombai,137A,N-M Pronouns,No N-M pronouns,de-Vries-1989,
137A-nbr,nbr,Ngäbere,137A,N-M Pronouns,No N-M pronouns,Alphonse-1956,
137A-sal,sal,Salinan,137A,N-M Pronouns,No N-M pronouns,Turner-1987,
137A-kiw,kiw,Kiwai,137A,N-M Pronouns,No N-M pronouns,Ray-1933,
137A-hua,hua,Hua,137A,N-M Pronouns,No N-M pronouns,Haiman-1980,
137A-was,was,Washo,137A,N-M Pronouns,No N-M pronouns,Jacobsen-1964,
137A-yuk,yuk,Yukulta,137A,N-M Pronouns,No N-M pronouns,Keen-1983,
137A-sah,sah,Sahu,137A,N-M Pronouns,No N-M pronouns,Visser-and-Voorhoeve-1987,
137A-wsk,wsk,Waskia,137A,N-M Pronouns,No N-M pronouns,Ross-and-Paol-1978,
137A-nar,nar,Nara (in Ethiopia),137A,N-M Pronouns,No N-M pronouns,Thompson-1976a,
137A-tib,tib,Tibetan (Standard Spoken),137A,N-M Pronouns,No N-M pronouns,Denwood-1999;Bell-1939[82ff.],
137A-dum,dum,Dumo,137A,N-M Pronouns,"N-M pronouns, paradigmatic",Ross-1980,
137A-nuu,nuu,Nuuchahnulth,137A,N-M Pronouns,No N-M pronouns,Sapir-and-Swadesh-1939,
137A-oss,oss,Ossetic,137A,N-M Pronouns,No N-M pronouns,Abaev-1964,
137A-snc,snc,Seneca,137A,N-M Pronouns,No N-M pronouns,Chafe-1967,
137A-tkl,tkl,Takelma,137A,N-M Pronouns,No N-M pronouns,Sapir-1922b,
137A-uhi,uhi,Uradhi,137A,N-M Pronouns,No N-M pronouns,Crowley-1983,
137A-ite,ite,Itelmen,137A,N-M Pronouns,No N-M pronouns,Volodin-1976,
137A-lui,lui,Luiseño,137A,N-M Pronouns,"N-M pronouns, paradigmatic",Kroeber-and-Grace-1960,
137A-nmb,nmb,Nambikuára (Southern),137A,N-M Pronouns,No N-M pronouns,Kroeker-2001,
137A-mis,mis,Miskito,137A,N-M Pronouns,"N-M pronouns, paradigmatic",Thaeler-and-Thaeler-nd,
137A-wiy,wiy,Wiyot,137A,N-M Pronouns,No N-M pronouns,Teeter-1964,
137A-brr,brr,Bororo,137A,N-M Pronouns,No N-M pronouns,"Crowell-1979[203, 206]",
137A-djp,djp,Djapu,137A,N-M Pronouns,No N-M pronouns,Morphy-1983[51ff.],
137A-nca,nca,Nicobarese (Car),137A,N-M Pronouns,No N-M pronouns,Braine-1970[135],
137A-mlk,mlk,Malakmalak,137A,N-M Pronouns,No N-M pronouns,Birk-1976,
137A-ngl,ngl,Ngalakan,137A,N-M Pronouns,No N-M pronouns,Merlan-1983,
137A-gbb,gbb,Gbeya Bossangoa,137A,N-M Pronouns,No N-M pronouns,Samarin-1966,
137A-hve,hve,Huave (San Mateo del Mar),137A,N-M Pronouns,No N-M pronouns,Matthews-1972;Stairs-and-Hollenbach-1969,
137A-awt,awt,Awtuw,137A,N-M Pronouns,No N-M pronouns,Feldman-1986,
137A-tuv,tuv,Tuvan,137A,N-M Pronouns,No N-M pronouns,Isxakov-and-Palmbax-1961,
137A-hat,hat,Hatam,137A,N-M Pronouns,No N-M pronouns,Reesink-1999,
137A-qui,qui,Quileute,137A,N-M Pronouns,No N-M pronouns,Andrade-1933,
137A-tau,tau,Tauya,137A,N-M Pronouns,No N-M pronouns,MacDonald-1990,
137A-wao,wao,Waorani,137A,N-M Pronouns,No N-M pronouns,Pike-and-Saint-1989,
137A-wap,wap,Wappo,137A,N-M Pronouns,No N-M pronouns,Sawyer-1965,
137A-win,win,Wintu,137A,N-M Pronouns,"N-M pronouns, paradigmatic",Pitkin-1984,
137A-cax,cax,Campa (Axininca),137A,N-M Pronouns,"N-M pronouns, paradigmatic",Payne-1981,
137A-lug,lug,Lugbara,137A,N-M Pronouns,No N-M pronouns,Crazzolara-1960,
137A-maa,maa,Maasai,137A,N-M Pronouns,No N-M pronouns,Tucker-and-Mpaayei-1955,
137A-jaq,jaq,Jaqaru,137A,N-M Pronouns,"N-M pronouns, non-paradigmatic",Hardman-1983,
137A-ton,ton,Tonkawa,137A,N-M Pronouns,No N-M pronouns,Hoijer-1933-1938,
137A-pip,pip,Pipil,137A,N-M Pronouns,"N-M pronouns, paradigmatic",Campbell-1985,
137A-tzu,tzu,Tzutujil,137A,N-M Pronouns,No N-M pronouns,Dayley-1985,
137A-amp,amp,Arrernte (Mparntwe),137A,N-M Pronouns,No N-M pronouns,Wilkins-1989,
137A-die,die,Diegueño (Mesa Grande),137A,N-M Pronouns,"N-M pronouns, paradigmatic",Langdon-1970,
137A-diy,diy,Diyari,137A,N-M Pronouns,No N-M pronouns,Austin-1981,
137A-mne,mne,Maidu (Northeast),137A,N-M Pronouns,"N-M pronouns, paradigmatic",Shipley-1964,
137A-ace,ace,Acehnese,137A,N-M Pronouns,No N-M pronouns,Durie-1985,
137A-chv,chv,Chuvash,137A,N-M Pronouns,No N-M pronouns,Andreev-1966[51ff.],
137A-pur,pur,Purépecha,137A,N-M Pronouns,No N-M pronouns,Foster-1969,
137A-dyi,dyi,Dyirbal,137A,N-M Pronouns,No N-M pronouns,Dixon-1972,
137A-ood,ood,O'odham,137A,N-M Pronouns,"N-M pronouns, paradigmatic",Saxton-1982,
137A-yuc,yuc,Yuchi,137A,N-M Pronouns,No N-M pronouns,Wagner-1933-1938,
137A-zun,zun,Zuni,137A,N-M Pronouns,No N-M pronouns,Newman-1965,
137A-snt,snt,Sentani,137A,N-M Pronouns,No N-M pronouns,Cowan-1965,
137A-fur,fur,Fur,137A,N-M Pronouns,No N-M pronouns,Beaton-1968,
137A-tli,tli,Tlingit,137A,N-M Pronouns,No N-M pronouns,Swanton-1911a,
137A-tun,tun,Tunica,137A,N-M Pronouns,"N-M pronouns, non-paradigmatic",Haas-1940,
137A-amh,amh,Amharic,137A,N-M Pronouns,No N-M pronouns,Hartmann-1980,
137A-cyv,cyv,Cayuvava,137A,N-M Pronouns,No N-M pronouns,Key-1967,
137A-wrd,wrd,Wardaman,137A,N-M Pronouns,No N-M pronouns,Merlan-1994,
137A-hai,hai,Haida,137A,N-M Pronouns,No N-M pronouns,Swanton-1911b,
137A-usa,usa,Usan,137A,N-M Pronouns,No N-M pronouns,Reesink-1987,
137A-pai,pai,Paiwan,137A,N-M Pronouns,No N-M pronouns,Ferrell-1982,
137A-ung,ung,Ungarinjin,137A,N-M Pronouns,No N-M pronouns,Rumsey-1982,
137A-bej,bej,Beja,137A,N-M Pronouns,No N-M pronouns,Hudson-1974,
137A-mss,mss,Miwok (Southern Sierra),137A,N-M Pronouns,"N-M pronouns, non-paradigmatic",Broadbent-1964,
137A-yur,yur,Yurok,137A,N-M Pronouns,"N-M pronouns, non-paradigmatic",Robins-1958,
137A-dag,dag,Daga,137A,N-M Pronouns,No N-M pronouns,Murane-1974,
137A-otm,otm,Otomí (Mezquital),137A,N-M Pronouns,No N-M pronouns,Hess-1968,
137A-zqc,zqc,Zoque (Copainalá),137A,N-M Pronouns,No N-M pronouns,Harrison-et-al-1981,
137A-squ,squ,Squamish,137A,N-M Pronouns,No N-M pronouns,Kuipers-1967,
137A-tru,tru,Trumai,137A,N-M Pronouns,No N-M pronouns,Guirardello-1999a,
137A-dni,dni,Dani (Lower Grand Valley),137A,N-M Pronouns,No N-M pronouns,Bromley-1981,
137A-nen,nen,Nenets,137A,N-M Pronouns,No N-M pronouns,Salminen-1993-99;Tereshchenko-1966a,
137A-coo,coo,Coos (Hanis),137A,N-M Pronouns,No N-M pronouns,Frachtenberg-1922a,
137A-cre,cre,Cree (Plains),137A,N-M Pronouns,No N-M pronouns,Wolfart-1973,
137A-yim,yim,Yimas,137A,N-M Pronouns,No N-M pronouns,Foley-1991,
137A-kse,kse,Koyraboro Senni,137A,N-M Pronouns,No N-M pronouns,Heath-1999a,
137A-mun,mun,Mundari,137A,N-M Pronouns,No N-M pronouns,Sinha-1975[10-11],
137A-krk,krk,Karok,137A,N-M Pronouns,"N-M pronouns, paradigmatic",Bright-1957,
137A-brs,brs,Barasano,137A,N-M Pronouns,No N-M pronouns,Smith-1973,
137A-aco,aco,Acoma,137A,N-M Pronouns,No N-M pronouns,Miller-1965,
137A-pau,pau,Paumarí,137A,N-M Pronouns,No N-M pronouns,Chapman-and-Derbyshire-1991,
137A-arp,arp,Arapesh (Mountain),137A,N-M Pronouns,No N-M pronouns,Conrad-and-Wogiga-1991,
137A-ond,ond,Oneida,137A,N-M Pronouns,No N-M pronouns,Lounsbury-1953,
137A-asm,asm,Asmat,137A,N-M Pronouns,"N-M pronouns, non-paradigmatic",Voorhoeve-1965,
137A-grb,grb,Grebo,137A,N-M Pronouns,"N-M pronouns, non-paradigmatic",Innes-1966,
137A-hmo,hmo,Hmong Njua,137A,N-M Pronouns,No N-M pronouns,Harriehausen-1990,
137A-kio,kio,Kiowa,137A,N-M Pronouns,"N-M pronouns, paradigmatic",Watkins-1984,
137A-wic,wic,Wichita,137A,N-M Pronouns,No N-M pronouns,Rood-1976,
137A-juh,juh,Ju|'hoan,137A,N-M Pronouns,No N-M pronouns,Snyman-1970,
137A-nug,nug,Nunggubuyu,137A,N-M Pronouns,No N-M pronouns,Heath-1984,
137A-kew,kew,Kewa,137A,N-M Pronouns,No N-M pronouns,Franklin-1971,
137A-snm,snm,Sanuma,137A,N-M Pronouns,No N-M pronouns,Borgman-1990,
137A-ket,ket,Ket,137A,N-M Pronouns,No N-M pronouns,Vall-and-Kanakin-1985,
137A-koa,koa,Koasati,137A,N-M Pronouns,No N-M pronouns,Kimball-1991,
137A-luv,luv,Luvale,137A,N-M Pronouns,No N-M pronouns,Horton-1949,
137A-san,san,Sango,137A,N-M Pronouns,No N-M pronouns,Samarin-1967b,
137A-bag,bag,Bagirmi,137A,N-M Pronouns,No N-M pronouns,Stevenson-1969,
137A-ing,ing,Ingush,137A,N-M Pronouns,No N-M pronouns,,
137A-mau,mau,Maung,137A,N-M Pronouns,No N-M pronouns,Capell-and-Hinch-1970,
137A-qim,qim,Quechua (Imbabura),137A,N-M Pronouns,No N-M pronouns,Cole-1982,
137A-ram,ram,Rama,137A,N-M Pronouns,"N-M pronouns, paradigmatic",Grinevald-nd,
137A-wch,wch,Wichí,137A,N-M Pronouns,"N-M pronouns, paradigmatic",Vinas-Urquiza-1974,
137A-yag,yag,Yagua,137A,N-M Pronouns,No N-M pronouns,Payne-and-Payne-1990,
137A-niv,niv,Nivkh,137A,N-M Pronouns,No N-M pronouns,Gruzdeva-1998,
137A-apu,apu,Apurinã,137A,N-M Pronouns,No N-M pronouns,Facundes-2000,
137A-bma,bma,Berber (Middle Atlas),137A,N-M Pronouns,"N-M pronouns, non-paradigmatic",Penchoen-1973b,
137A-wra,wra,Warao,137A,N-M Pronouns,No N-M pronouns,Romero-Figueroa-1997,
137A-imo,imo,Imonda,137A,N-M Pronouns,No N-M pronouns,Seiler-1985,
137A-awp,awp,Awa Pit,137A,N-M Pronouns,No N-M pronouns,Curnow-1997[85],
137A-kob,kob,Kobon,137A,N-M Pronouns,No N-M pronouns,Davies-1981b,
137A-mar,mar,Maricopa,137A,N-M Pronouns,No N-M pronouns,Gordon-1986,
137A-ala,ala,Alamblak,137A,N-M Pronouns,No N-M pronouns,Bruce-1984,
137A-goo,goo,Gooniyandi,137A,N-M Pronouns,No N-M pronouns,McGregor-1990,
137A-kut,kut,Kutenai,137A,N-M Pronouns,No N-M pronouns,Boas-1927,
137A-mxc,mxc,Mixtec (Chalcatongo),137A,N-M Pronouns,No N-M pronouns,Macaulay-1996,
137A-lav,lav,Lavukaleve,137A,N-M Pronouns,No N-M pronouns,Terrill-1999,
137A-rap,rap,Rapanui,137A,N-M Pronouns,No N-M pronouns,Du-Feu-1996,
137A-ain,ain,Ainu,137A,N-M Pronouns,No N-M pronouns,Shibatani-1990,
137A-jak,jak,Jakaltek,137A,N-M Pronouns,No N-M pronouns,Craig-1977;Day-1973,
137A-lkt,lkt,Lakhota,137A,N-M Pronouns,No N-M pronouns,Riggs-1893,
137A-mrt,mrt,Martuthunira,137A,N-M Pronouns,No N-M pronouns,Dench-1995,
137A-prh,prh,Pirahã,137A,N-M Pronouns,No N-M pronouns,Everett-1986,
137A-war,war,Wari',137A,N-M Pronouns,"N-M pronouns, paradigmatic",Everett-and-Kern-1997,
137A-gua,gua,Guaraní,137A,N-M Pronouns,No N-M pronouns,Gregores-and-Suarez-1967,
137A-kho,kho,Khoekhoe,137A,N-M Pronouns,No N-M pronouns,Hagman-1977,
137A-mei,mei,Meithei,137A,N-M Pronouns,No N-M pronouns,Chelliah-1997,
137A-ngi,ngi,Ngiyambaa,137A,N-M Pronouns,No N-M pronouns,Donaldson-1980,
137A-brm,brm,Burmese,137A,N-M Pronouns,No N-M pronouns,Okell-1969,
137A-kro,kro,Krongo,137A,N-M Pronouns,No N-M pronouns,Reh-1985,
137A-myi,myi,Mangarrayi,137A,N-M Pronouns,No N-M pronouns,Merlan-1982,
137A-tiw,tiw,Tiwi,137A,N-M Pronouns,No N-M pronouns,Osborne-1974,
137A-knr,knr,Kanuri,137A,N-M Pronouns,"N-M pronouns, non-paradigmatic",Hutchison-1981,
137A-kay,kay,Kayardild,137A,N-M Pronouns,No N-M pronouns,Evans-1995,
137A-map,map,Mapudungun,137A,N-M Pronouns,"N-M pronouns, paradigmatic",Smeets-1989,
137A-yor,yor,Yoruba,137A,N-M Pronouns,No N-M pronouns,Awobuluyi-1978,
137A-yko,yko,Yukaghir (Kolyma),137A,N-M Pronouns,No N-M pronouns,Maslova-1999,
137A-may,may,Maybrat,137A,N-M Pronouns,No N-M pronouns,Dol-1999,
137A-tuk,tuk,Tukang Besi,137A,N-M Pronouns,No N-M pronouns,Donohue-1999a,
137A-bur,bur,Burushaski,137A,N-M Pronouns,No N-M pronouns,Berger-1998,
137A-cha,cha,Chamorro,137A,N-M Pronouns,No N-M pronouns,Topping-1973,
137A-chk,chk,Chukchi,137A,N-M Pronouns,No N-M pronouns,Dunn-1999,
137A-fij,fij,Fijian,137A,N-M Pronouns,No N-M pronouns,Dixon-1988,
137A-heb,heb,Hebrew (Modern),137A,N-M Pronouns,No N-M pronouns,Glinert-1989,
137A-lan,lan,Lango,137A,N-M Pronouns,No N-M pronouns,Noonan-1992,
137A-orh,orh,Oromo (Harar),137A,N-M Pronouns,No N-M pronouns,Owens-1985,
137A-yaq,yaq,Yaqui,137A,N-M Pronouns,"N-M pronouns, paradigmatic",Dedrick-and-Casad-1999,
137A-zul,zul,Zulu,137A,N-M Pronouns,No N-M pronouns,Poulos-and-Bosch-1997,
137A-sla,sla,Slave,137A,N-M Pronouns,No N-M pronouns,Rice-1989,
137A-aeg,aeg,Arabic (Egyptian),137A,N-M Pronouns,No N-M pronouns,Mitchell-1956,
137A-grw,grw,Greenlandic (West),137A,N-M Pronouns,No N-M pronouns,Fortescue-1984,
137A-hix,hix,Hixkaryana,137A,N-M Pronouns,No N-M pronouns,Derbyshire-1979,
137A-swa,swa,Swahili,137A,N-M Pronouns,No N-M pronouns,Ashton-1947,
137A-vie,vie,Vietnamese,137A,N-M Pronouns,No N-M pronouns,Thompson-1965,
137A-hin,hin,Hindi,137A,N-M Pronouns,No N-M pronouns,McGregor-1977,
137A-ckr,ckr,Canela-Krahô,137A,N-M Pronouns,No N-M pronouns,Popjes-and-Popjes-1986,
137A-tag,tag,Tagalog,137A,N-M Pronouns,No N-M pronouns,Schachter-and-Otanes-1972,
137A-geo,geo,Georgian,137A,N-M Pronouns,No N-M pronouns,,
137A-knd,knd,Kannada,137A,N-M Pronouns,No N-M pronouns,Schiffman-1983,
137A-kha,kha,Khalkha,137A,N-M Pronouns,No N-M pronouns,Poppe-1970,
137A-mal,mal,Malagasy,137A,N-M Pronouns,No N-M pronouns,Keenan-2000,
137A-sup,sup,Supyire,137A,N-M Pronouns,"N-M pronouns, paradigmatic",Carlson-1994,
137A-hau,hau,Hausa,137A,N-M Pronouns,No N-M pronouns,Kraft-and-Kirk-Greene-1973,
137A-bsq,bsq,Basque,137A,N-M Pronouns,No N-M pronouns,King-1993b,
137A-abk,abk,Abkhaz,137A,N-M Pronouns,No N-M pronouns,Hewitt-1979,
137A-kor,kor,Korean,137A,N-M Pronouns,No N-M pronouns,Lee-1989,
137A-prs,prs,Persian,137A,N-M Pronouns,No N-M pronouns,Mahootian-1997,
137A-ame,ame,Amele,137A,N-M Pronouns,No N-M pronouns,Roberts-1987,
137A-ger,ger,German,137A,N-M Pronouns,No N-M pronouns,,
137A-grk,grk,Greek (Modern),137A,N-M Pronouns,No N-M pronouns,Joseph-1998,
137A-lez,lez,Lezgian,137A,N-M Pronouns,No N-M pronouns,Haspelmath-1993,
137A-jpn,jpn,Japanese,137A,N-M Pronouns,No N-M pronouns,Hinds-1986,
137A-mnd,mnd,Mandarin,137A,N-M Pronouns,No N-M pronouns,Li-and-Thompson-1981,
137A-hun,hun,Hungarian,137A,N-M Pronouns,No N-M pronouns,Hall-1944,
137A-ind,ind,Indonesian,137A,N-M Pronouns,No N-M pronouns,Sneddon-1996b,
137A-fin,fin,Finnish,137A,N-M Pronouns,No N-M pronouns,Karlsson-1999,
137A-rus,rus,Russian,137A,N-M Pronouns,No N-M pronouns,,
137A-spa,spa,Spanish,137A,N-M Pronouns,No N-M pronouns,,
137A-tur,tur,Turkish,137A,N-M Pronouns,No N-M pronouns,Lewis-1967,
137A-fre,fre,French,137A,N-M Pronouns,No N-M pronouns,,
137A-eng,eng,English,137A,N-M Pronouns,No N-M pronouns,,
137B-wgl,wgl,Waigali,137B,M in Second Person Singular,No m in second person singular,Morgenstierne-1954,
137B-yna,yna,Yupik (Naukan),137B,M in Second Person Singular,m in second person singular,Menovshchikov-1975,
137B-brk,brk,Berik,137B,M in Second Person Singular,m in second person singular,Thimbwat-et-al-1979,
137B-csh,csh,Cashinahua,137B,M in Second Person Singular,m in second person singular,Cromack-1968,
137B-cjo,cjo,Chichimeca-Jonaz,137B,M in Second Person Singular,No m in second person singular,Lastra-de-Suarez-1984,
137B-cho,cho,Chontal (Highland),137B,M in Second Person Singular,m in second person singular,Turner-and-Turner-1971,
137B-cin,cin,Chumash (Ineseño),137B,M in Second Person Singular,m in second person singular,Applegate-1972,
137B-mdk,mdk,Mandinka,137B,M in Second Person Singular,No m in second person singular,Creissels-1983,
137B-smt,smt,Sahaptin (Umatilla),137B,M in Second Person Singular,m in second person singular,Jacobs-1931,
137B-ayw,ayw,Ayiwo,137B,M in Second Person Singular,m in second person singular,Wurm-1981,
137B-nah,nah,Nahali,137B,M in Second Person Singular,No m in second person singular,Kuiper-1962,
137B-xok,xok,Xokleng,137B,M in Second Person Singular,m in second person singular,Urban-1985,
137B-kyq,kyq,Kyuquot,137B,M in Second Person Singular,No m in second person singular,Sapir-and-Swadesh-1939,
137B-mtp,mtp,Mixe (Totontepec),137B,M in Second Person Singular,m in second person singular,Van-Haitsma-and-Van-Haitsma-1976,
137B-kot,kot,Kota,137B,M in Second Person Singular,No m in second person singular,Emeneau-1944,
137B-kat,kat,Kâte,137B,M in Second Person Singular,m in second person singular,Pilhofer-1933,
137B-nat,nat,Natchez,137B,M in Second Person Singular,m in second person singular,Haas-1975,
137B-ori,ori,Orig,137B,M in Second Person Singular,No m in second person singular,Schadeberg-and-Elias-1979,
137B-tmc,tmc,Timucua,137B,M in Second Person Singular,No m in second person singular,Gatschet-1877,
137B-tpa,tpa,Totonac (Papantla),137B,M in Second Person Singular,m in second person singular,Levy-Podolsky-1990,
137B-git,git,Gitksan,137B,M in Second Person Singular,m in second person singular,Rigsby-1986,
137B-iau,iau,Iau,137B,M in Second Person Singular,No m in second person singular,Bateman-1986,
137B-cku,cku,Chinook (Upper),137B,M in Second Person Singular,m in second person singular,Dyk-1933,
137B-gku,gku,Gününa Küne,137B,M in Second Person Singular,m in second person singular,Casamiquela-1983,
137B-mot,mot,Motuna,137B,M in Second Person Singular,No m in second person singular,Onishi-1994,
137B-shs,shs,Shasta,137B,M in Second Person Singular,m in second person singular,Silver-1966,
137B-wrn,wrn,Warndarang,137B,M in Second Person Singular,No m in second person singular,Heath-1980b,
137B-tlf,tlf,Telefol,137B,M in Second Person Singular,m in second person singular,Healey-1965a,
137B-atk,atk,Atakapa,137B,M in Second Person Singular,No m in second person singular,Swanton-1929,
137B-nai,nai,Nanai,137B,M in Second Person Singular,No m in second person singular,Avrorin-1959,
137B-ane,ane,Anêm,137B,M in Second Person Singular,No m in second person singular,Thurston-1982,
137B-kri,kri,Kipea,137B,M in Second Person Singular,No m in second person singular,Rodrigues-1999b[201-2 et pass.],
137B-chi,chi,Chimariko,137B,M in Second Person Singular,m in second person singular,Dixon-1910,
137B-fua,fua,Fula (Cameroonian),137B,M in Second Person Singular,m in second person singular,Arnott-1970,
137B-ywl,ywl,Yawelmani,137B,M in Second Person Singular,m in second person singular,Newman-1946,
137B-pme,pme,Pomo (Eastern),137B,M in Second Person Singular,m in second person singular,McLendon-1975,
137B-tmr,tmr,Temiar,137B,M in Second Person Singular,No m in second person singular,Benjamin-1976,
137B-wem,wem,Wembawemba,137B,M in Second Person Singular,No m in second person singular,Hercus-1986b,
137B-lda,lda,Luganda,137B,M in Second Person Singular,No m in second person singular,Ashton-et-al-1954,
137B-sul,sul,Sulka,137B,M in Second Person Singular,No m in second person singular,Muller-1916,
137B-bel,bel,Belhare,137B,M in Second Person Singular,No m in second person singular,,
137B-ctm,ctm,Chitimacha,137B,M in Second Person Singular,No m in second person singular,Swadesh-1946b,
137B-dji,dji,Djingili,137B,M in Second Person Singular,No m in second person singular,Chadwick-1975,
137B-diz,diz,Dizi,137B,M in Second Person Singular,No m in second person singular,Allan-1976b,
137B-jiv,jiv,Jivaro,137B,M in Second Person Singular,m in second person singular,Pellizzaro-1969,
137B-syu,syu,Salt-Yui,137B,M in Second Person Singular,No m in second person singular,Irwin-1974,
137B-kmb,kmb,Kombai,137B,M in Second Person Singular,No m in second person singular,de-Vries-1989,
137B-nbr,nbr,Ngäbere,137B,M in Second Person Singular,m in second person singular,Alphonse-1956,
137B-sal,sal,Salinan,137B,M in Second Person Singular,m in second person singular,Turner-1987,
137B-kiw,kiw,Kiwai,137B,M in Second Person Singular,No m in second person singular,Ray-1933,
137B-hua,hua,Hua,137B,M in Second Person Singular,No m in second person singular,Haiman-1980,
137B-was,was,Washo,137B,M in Second Person Singular,m in second person singular,Jacobsen-1964,
137B-yuk,yuk,Yukulta,137B,M in Second Person Singular,No m in second person singular,Keen-1983,
137B-sah,sah,Sahu,137B,M in Second Person Singular,No m in second person singular,Visser-and-Voorhoeve-1987,
137B-wsk,wsk,Waskia,137B,M in Second Person Singular,m in second person singular,Ross-and-Paol-1978,
137B-nar,nar,Nara (in Ethiopia),137B,M in Second Person Singular,No m in second person singular,Thompson-1976a,
137B-tib,tib,Tibetan (Standard Spoken),137B,M in Second Person Singular,No m in second person singular,Bell-1939[82ff.];Denwood-1999,
137B-dum,dum,Dumo,137B,M in Second Person Singular,m in second person singular,Ross-1980,
137B-oss,oss,Ossetic,137B,M in Second Person Singular,No m in second person singular,Abaev-1964,
137B-tja,tja,Tiipay (Jamul),137B,M in Second Person Singular,m in second person singular,Langdon-1970,
137B-snc,snc,Seneca,137B,M in Second Person Singular,No m in second person singular,Chafe-1967,
137B-tkl,tkl,Takelma,137B,M in Second Person Singular,m in second person singular,Sapir-1922b,
137B-uhi,uhi,Uradhi,137B,M in Second Person Singular,No m in second person singular,Crowley-1983,
137B-ite,ite,Itelmen,137B,M in Second Person Singular,No m in second person singular,Volodin-1976,
137B-lui,lui,Luiseño,137B,M in Second Person Singular,m in second person singular,Kroeber-and-Grace-1960,
137B-nmb,nmb,Nambikuára (Southern),137B,M in Second Person Singular,No m in second person singular,Kroeker-2001,
137B-mis,mis,Miskito,137B,M in Second Person Singular,m in second person singular,Thaeler-and-Thaeler-nd,
137B-wiy,wiy,Wiyot,137B,M in Second Person Singular,m in second person singular,Teeter-1964,
137B-brr,brr,Bororo,137B,M in Second Person Singular,No m in second person singular,"Crowell-1979[203, 206]",
137B-djp,djp,Djapu,137B,M in Second Person Singular,No m in second person singular,Morphy-1983[51ff.],
137B-nca,nca,Nicobarese (Car),137B,M in Second Person Singular,m in second person singular,Braine-1970[135],
137B-mlk,mlk,Malakmalak,137B,M in Second Person Singular,No m in second person singular,Birk-1976,
137B-ngl,ngl,Ngalakan,137B,M in Second Person Singular,No m in second person singular,Merlan-1983,
137B-gbb,gbb,Gbeya Bossangoa,137B,M in Second Person Singular,m in second person singular,Samarin-1966,
137B-hve,hve,Huave (San Mateo del Mar),137B,M in Second Person Singular,m in second person singular,Stairs-and-Hollenbach-1969;Matthews-1972,
137B-awt,awt,Awtuw,137B,M in Second Person Singular,No m in second person singular,Feldman-1986,
137B-tuv,tuv,Tuvan,137B,M in Second Person Singular,No m in second person singular,Isxakov-and-Palmbax-1961,
137B-hat,hat,Hatam,137B,M in Second Person Singular,No m in second person singular,Reesink-1999,
137B-qui,qui,Quileute,137B,M in Second Person Singular,No m in second person singular,Andrade-1933,
137B-tau,tau,Tauya,137B,M in Second Person Singular,No m in second person singular,MacDonald-1990,
137B-wao,wao,Waorani,137B,M in Second Person Singular,m in second person singular,Pike-and-Saint-1989,
137B-wap,wap,Wappo,137B,M in Second Person Singular,m in second person singular,Sawyer-1965,
137B-win,win,Wintu,137B,M in Second Person Singular,m in second person singular,Pitkin-1984,
137B-cax,cax,Campa (Axininca),137B,M in Second Person Singular,m in second person singular,Payne-1981,
137B-lug,lug,Lugbara,137B,M in Second Person Singular,m in second person singular,Crazzolara-1960,
137B-maa,maa,Maasai,137B,M in Second Person Singular,No m in second person singular,Tucker-and-Mpaayei-1955,
137B-jaq,jaq,Jaqaru,137B,M in Second Person Singular,m in second person singular,Hardman-1983,
137B-ton,ton,Tonkawa,137B,M in Second Person Singular,No m in second person singular,Hoijer-1933-1938,
137B-pip,pip,Pipil,137B,M in Second Person Singular,m in second person singular,Campbell-1985,
137B-tzu,tzu,Tzutujil,137B,M in Second Person Singular,No m in second person singular,Dayley-1985,
137B-amp,amp,Arrernte (Mparntwe),137B,M in Second Person Singular,No m in second person singular,Wilkins-1989,
137B-diy,diy,Diyari,137B,M in Second Person Singular,No m in second person singular,Austin-1981,
137B-mne,mne,Maidu (Northeast),137B,M in Second Person Singular,m in second person singular,Shipley-1964,
137B-ace,ace,Acehnese,137B,M in Second Person Singular,No m in second person singular,Durie-1985,
137B-chv,chv,Chuvash,137B,M in Second Person Singular,No m in second person singular,Andreev-1966[51ff.],
137B-pur,pur,Purépecha,137B,M in Second Person Singular,No m in second person singular,Foster-1969,
137B-dyi,dyi,Dyirbal,137B,M in Second Person Singular,No m in second person singular,Dixon-1972,
137B-ood,ood,O'odham,137B,M in Second Person Singular,m in second person singular,Saxton-1982,
137B-yuc,yuc,Yuchi,137B,M in Second Person Singular,No m in second person singular,Wagner-1933-1938,
137B-zun,zun,Zuni,137B,M in Second Person Singular,No m in second person singular,Newman-1965,
137B-snt,snt,Sentani,137B,M in Second Person Singular,No m in second person singular,Cowan-1965,
137B-fur,fur,Fur,137B,M in Second Person Singular,No m in second person singular,Beaton-1968,
137B-tli,tli,Tlingit,137B,M in Second Person Singular,No m in second person singular,Swanton-1911a,
137B-tun,tun,Tunica,137B,M in Second Person Singular,m in second person singular,Haas-1940,
137B-pit,pit,Pitjantjatjara,137B,M in Second Person Singular,No m in second person singular,Douglas-1964,
137B-amh,amh,Amharic,137B,M in Second Person Singular,No m in second person singular,Hartmann-1980,
137B-cyv,cyv,Cayuvava,137B,M in Second Person Singular,No m in second person singular,Key-1967,
137B-wrd,wrd,Wardaman,137B,M in Second Person Singular,No m in second person singular,Merlan-1994,
137B-hai,hai,Haida,137B,M in Second Person Singular,No m in second person singular,Swanton-1911b,
137B-usa,usa,Usan,137B,M in Second Person Singular,No m in second person singular,Reesink-1987,
137B-pai,pai,Paiwan,137B,M in Second Person Singular,No m in second person singular,Ferrell-1982,
137B-ung,ung,Ungarinjin,137B,M in Second Person Singular,No m in second person singular,Rumsey-1982,
137B-bej,bej,Beja,137B,M in Second Person Singular,No m in second person singular,Hudson-1974,
137B-mss,mss,Miwok (Southern Sierra),137B,M in Second Person Singular,m in second person singular,Broadbent-1964,
137B-yur,yur,Yurok,137B,M in Second Person Singular,m in second person singular,Robins-1958,
137B-dag,dag,Daga,137B,M in Second Person Singular,No m in second person singular,Murane-1974,
137B-otm,otm,Otomí (Mezquital),137B,M in Second Person Singular,No m in second person singular,Hess-1968,
137B-zqc,zqc,Zoque (Copainalá),137B,M in Second Person Singular,m in second person singular,Harrison-et-al-1981,
137B-squ,squ,Squamish,137B,M in Second Person Singular,No m in second person singular,Kuipers-1967,
137B-tru,tru,Trumai,137B,M in Second Person Singular,No m in second person singular,Guirardello-1999a,
137B-dni,dni,Dani (Lower Grand Valley),137B,M in Second Person Singular,No m in second person singular,Bromley-1981,
137B-nen,nen,Nenets,137B,M in Second Person Singular,No m in second person singular,Salminen-nd;Tereshchenko-1966a,
137B-coo,coo,Coos (Hanis),137B,M in Second Person Singular,No m in second person singular,Frachtenberg-1922a,
137B-cre,cre,Cree (Plains),137B,M in Second Person Singular,No m in second person singular,Wolfart-1973,
137B-yim,yim,Yimas,137B,M in Second Person Singular,m in second person singular,Foley-1991,
137B-kse,kse,Koyraboro Senni,137B,M in Second Person Singular,No m in second person singular,Heath-1999a,
137B-mun,mun,Mundari,137B,M in Second Person Singular,m in second person singular,Sinha-1975[10-11],
137B-krk,krk,Karok,137B,M in Second Person Singular,m in second person singular,Bright-1957,
137B-brs,brs,Barasano,137B,M in Second Person Singular,m in second person singular,Smith-1973,
137B-aco,aco,Acoma,137B,M in Second Person Singular,No m in second person singular,Miller-1965,
137B-pau,pau,Paumarí,137B,M in Second Person Singular,No m in second person singular,Chapman-and-Derbyshire-1991,
137B-arp,arp,Arapesh (Mountain),137B,M in Second Person Singular,No m in second person singular,Conrad-and-Wogiga-1991,
137B-ond,ond,Oneida,137B,M in Second Person Singular,No m in second person singular,Lounsbury-1953,
137B-asm,asm,Asmat,137B,M in Second Person Singular,m in second person singular,Voorhoeve-1965,
137B-grb,grb,Grebo,137B,M in Second Person Singular,m in second person singular,Innes-1966,
137B-hmo,hmo,Hmong Njua,137B,M in Second Person Singular,No m in second person singular,Harriehausen-1990,
137B-kio,kio,Kiowa,137B,M in Second Person Singular,m in second person singular,Watkins-1984,
137B-wic,wic,Wichita,137B,M in Second Person Singular,No m in second person singular,Rood-1976,
137B-juh,juh,Ju|'hoan,137B,M in Second Person Singular,No m in second person singular,Snyman-1970,
137B-nug,nug,Nunggubuyu,137B,M in Second Person Singular,No m in second person singular,Heath-1984,
137B-kew,kew,Kewa,137B,M in Second Person Singular,No m in second person singular,Franklin-1971,
137B-snm,snm,Sanuma,137B,M in Second Person Singular,No m in second person singular,Borgman-1990,
137B-ket,ket,Ket,137B,M in Second Person Singular,No m in second person singular,Vall-and-Kanakin-1985,
137B-koa,koa,Koasati,137B,M in Second Person Singular,No m in second person singular,Kimball-1991,
137B-luv,luv,Luvale,137B,M in Second Person Singular,m in second person singular,Horton-1949,
137B-san,san,Sango,137B,M in Second Person Singular,m in second person singular,Samarin-1967a,
137B-bag,bag,Bagirmi,137B,M in Second Person Singular,No m in second person singular,Stevenson-1969,
137B-ing,ing,Ingush,137B,M in Second Person Singular,No m in second person singular,,
137B-mau,mau,Maung,137B,M in Second Person Singular,No m in second person singular,Capell-and-Hinch-1970,
137B-qim,qim,Quechua (Imbabura),137B,M in Second Person Singular,No m in second person singular,Cole-1982,
137B-ram,ram,Rama,137B,M in Second Person Singular,m in second person singular,Grinevald-nd,
137B-wch,wch,Wichí,137B,M in Second Person Singular,m in second person singular,Vinas-Urquiza-1974,
137B-yag,yag,Yagua,137B,M in Second Person Singular,No m in second person singular,Payne-and-Payne-1990,
137B-niv,niv,Nivkh,137B,M in Second Person Singular,No m in second person singular,Gruzdeva-1998,
137B-apu,apu,Apurinã,137B,M in Second Person Singular,m in second person singular,Facundes-2000,
137B-bma,bma,Berber (Middle Atlas),137B,M in Second Person Singular,m in second person singular,Penchoen-1973b,
137B-wra,wra,Warao,137B,M in Second Person Singular,No m in second person singular,Romero-Figueroa-1997,
137B-imo,imo,Imonda,137B,M in Second Person Singular,No m in second person singular,Seiler-1985,
137B-awp,awp,Awa Pit,137B,M in Second Person Singular,No m in second person singular,Curnow-1997[85],
137B-kob,kob,Kobon,137B,M in Second Person Singular,No m in second person singular,Davies-1981b,
137B-mar,mar,Maricopa,137B,M in Second Person Singular,m in second person singular,Gordon-1986,
137B-ala,ala,Alamblak,137B,M in Second Person Singular,No m in second person singular,Bruce-1984,
137B-goo,goo,Gooniyandi,137B,M in Second Person Singular,No m in second person singular,McGregor-1990,
137B-kut,kut,Kutenai,137B,M in Second Person Singular,No m in second person singular,Boas-1927,
137B-mxc,mxc,Mixtec (Chalcatongo),137B,M in Second Person Singular,No m in second person singular,Macaulay-1996,
137B-lav,lav,Lavukaleve,137B,M in Second Person Singular,No m in second person singular,Terrill-1999,
137B-rap,rap,Rapanui,137B,M in Second Person Singular,No m in second person singular,Du-Feu-1996,
137B-ain,ain,Ainu,137B,M in Second Person Singular,No m in second person singular,Shibatani-1990,
137B-jak,jak,Jakaltek,137B,M in Second Person Singular,No m in second person singular,Craig-1977;Day-1973,
137B-lkt,lkt,Lakhota,137B,M in Second Person Singular,No m in second person singular,Riggs-1893,
137B-mrt,mrt,Martuthunira,137B,M in Second Person Singular,No m in second person singular,Dench-1995,
137B-prh,prh,Pirahã,137B,M in Second Person Singular,No m in second person singular,Everett-1986,
137B-war,war,Wari',137B,M in Second Person Singular,m in second person singular,Everett-and-Kern-1997,
137B-gua,gua,Guaraní,137B,M in Second Person Singular,No m in second person singular,Gregores-and-Suarez-1967,
137B-kho,kho,Khoekhoe,137B,M in Second Person Singular,No m in second person singular,Hagman-1977,
137B-mei,mei,Meithei,137B,M in Second Person Singular,No m in second person singular,Chelliah-1997,
137B-ngi,ngi,Ngiyambaa,137B,M in Second Person Singular,No m in second person singular,Donaldson-1980,
137B-brm,brm,Burmese,137B,M in Second Person Singular,No m in second person singular,Okell-1969,
137B-kro,kro,Krongo,137B,M in Second Person Singular,No m in second person singular,Reh-1985,
137B-myi,myi,Mangarrayi,137B,M in Second Person Singular,No m in second person singular,Merlan-1982,
137B-tiw,tiw,Tiwi,137B,M in Second Person Singular,No m in second person singular,Osborne-1974,
137B-knr,knr,Kanuri,137B,M in Second Person Singular,m in second person singular,Hutchison-1981,
137B-kay,kay,Kayardild,137B,M in Second Person Singular,No m in second person singular,Evans-1995,
137B-map,map,Mapudungun,137B,M in Second Person Singular,m in second person singular,Smeets-1989,
137B-yor,yor,Yoruba,137B,M in Second Person Singular,No m in second person singular,Awobuluyi-1978,
137B-yko,yko,Yukaghir (Kolyma),137B,M in Second Person Singular,No m in second person singular,Maslova-1999,
137B-may,may,Maybrat,137B,M in Second Person Singular,No m in second person singular,Dol-1999,
137B-tuk,tuk,Tukang Besi,137B,M in Second Person Singular,No m in second person singular,Donohue-1999a,
137B-bur,bur,Burushaski,137B,M in Second Person Singular,m in second person singular,Berger-1998,
137B-cha,cha,Chamorro,137B,M in Second Person Singular,m in second person singular,Topping-1973,
137B-chk,chk,Chukchi,137B,M in Second Person Singular,No m in second person singular,Dunn-1999,
137B-fij,fij,Fijian,137B,M in Second Person Singular,m in second person singular,Dixon-1988,
137B-heb,heb,Hebrew (Modern),137B,M in Second Person Singular,No m in second person singular,Glinert-1989,
137B-lan,lan,Lango,137B,M in Second Person Singular,No m in second person singular,Noonan-1992,
137B-orh,orh,Oromo (Harar),137B,M in Second Person Singular,No m in second person singular,Owens-1985,
137B-yaq,yaq,Yaqui,137B,M in Second Person Singular,m in second person singular,Dedrick-and-Casad-1999,
137B-zul,zul,Zulu,137B,M in Second Person Singular,No m in second person singular,Poulos-and-Bosch-1997,
137B-sla,sla,Slave,137B,M in Second Person Singular,No m in second person singular,Rice-1989,
137B-aeg,aeg,Arabic (Egyptian),137B,M in Second Person Singular,No m in second person singular,Mitchell-1956,
137B-grw,grw,Greenlandic (West),137B,M in Second Person Singular,m in second person singular,Fortescue-1984,
137B-hix,hix,Hixkaryana,137B,M in Second Person Singular,m in second person singular,Derbyshire-1979,
137B-swa,swa,Swahili,137B,M in Second Person Singular,No m in second person singular,Ashton-1947,
137B-vie,vie,Vietnamese,137B,M in Second Person Singular,m in second person singular,Thompson-1965,
137B-hin,hin,Hindi,137B,M in Second Person Singular,No m in second person singular,McGregor-1977,
137B-ckr,ckr,Canela-Krahô,137B,M in Second Person Singular,No m in second person singular,Popjes-and-Popjes-1986,
137B-tag,tag,Tagalog,137B,M in Second Person Singular,m in second person singular,Schachter-and-Otanes-1972,
137B-geo,geo,Georgian,137B,M in Second Person Singular,No m in second person singular,,
137B-knd,knd,Kannada,137B,M in Second Person Singular,m in second person singular,Schiffman-1983,
137B-kha,kha,Khalkha,137B,M in Second Person Singular,No m in second person singular,Poppe-1970,
137B-mal,mal,Malagasy,137B,M in Second Person Singular,No m in second person singular,Keenan-2000,
137B-sup,sup,Supyire,137B,M in Second Person Singular,m in second person singular,Carlson-1994,
137B-hau,hau,Hausa,137B,M in Second Person Singular,No m in second person singular,Kraft-and-Kirk-Greene-1973,
137B-bsq,bsq,Basque,137B,M in Second Person Singular,No m in second person singular,King-1993b,
137B-abk,abk,Abkhaz,137B,M in Second Person Singular,m in second person singular,Hewitt-1979,
137B-kor,kor,Korean,137B,M in Second Person Singular,No m in second person singular,Lee-1989,
137B-prs,prs,Persian,137B,M in Second Person Singular,No m in second person singular,Mahootian-1997,
137B-ame,ame,Amele,137B,M in Second Person Singular,No m in second person singular,Roberts-1987,
137B-ger,ger,German,137B,M in Second Person Singular,No m in second person singular,,
137B-grk,grk,Greek (Modern),137B,M in Second Person Singular,No m in second person singular,Joseph-1998,
137B-lez,lez,Lezgian,137B,M in Second Person Singular,No m in second person singular,Haspelmath-1993,
137B-jpn,jpn,Japanese,137B,M in Second Person Singular,m in second person singular,Hinds-1986,
137B-mnd,mnd,Mandarin,137B,M in Second Person Singular,No m in second person singular,Li-and-Thompson-1981,
137B-hun,hun,Hungarian,137B,M in Second Person Singular,No m in second person singular,Hall-1944,
137B-ind,ind,Indonesian,137B,M in Second Person Singular,m in second person singular,Sneddon-1996b,
137B-fin,fin,Finnish,137B,M in Second Person Singular,No m in second person singular,Karlsson-1999,
137B-rus,rus,Russian,137B,M in Second Person Singular,No m in second person singular,,
137B-spa,spa,Spanish,137B,M in Second Person Singular,No m in second person singular,,
137B-tur,tur,Turkish,137B,M in Second Person Singular,No m in second person singular,Lewis-1967,
137B-fre,fre,French,137B,M in Second Person Singular,No m in second person singular,,
137B-eng,eng,English,137B,M in Second Person Singular,No m in second person singular,,
