ID,Language_ID,Language_name,Parameter_ID,Parameter_name,Value,Source,Comment
31A-bys,bys,Bayso,31A,Sex-based and Non-sex-based Gender Systems,Sex-based,Corbett-and-Hayward-1987,
31A-def,def,Defaka,31A,Sex-based and Non-sex-based Gender Systems,Sex-based,Jenewari-1983[103-106],
31A-fgu,fgu,Fula (Guinean),31A,Sex-based and Non-sex-based Gender Systems,Non-sex-based,Koval-1979,
31A-ylb,ylb,Yulparija,31A,Sex-based and Non-sex-based Gender Systems,No gender,Burridge-1996,
31A-yaz,yaz,Yazgulyam,31A,Sex-based and Non-sex-based Gender Systems,Sex-based,"Payne-1989b[429];Efimov-1975[44, 87-88]",
31A-nyh,nyh,Nyiha,31A,Sex-based and Non-sex-based Gender Systems,Non-sex-based,Busse-1960[31-38],
31A-pil,pil,Pileni,31A,Sex-based and Non-sex-based Gender Systems,No gender,Naess-2000,
31A-pmc,pmc,Pomo (Central),31A,Sex-based and Non-sex-based Gender Systems,No gender,Mithun-1990,
31A-agw,agw,Alagwa,31A,Sex-based and Non-sex-based Gender Systems,Sex-based,Mous-nd,
31A-gdi,gdi,Godié,31A,Sex-based and Non-sex-based Gender Systems,Non-sex-based,Marchese-1988,
31A-ren,ren,Rendille,31A,Sex-based and Non-sex-based Gender Systems,Sex-based,Oomen-1981;Pillinger-1989,
31A-tho,tho,Thompson,31A,Sex-based and Non-sex-based Gender Systems,No gender,Thompson-et-al-1996,
31A-smt,smt,Sahaptin (Umatilla),31A,Sex-based and Non-sex-based Gender Systems,No gender,Rigsby-and-Rude-1996,
31A-tsz,tsz,Tsez,31A,Sex-based and Non-sex-based Gender Systems,Sex-based,Comrie-and-Polinsky-1999,
31A-tap,tap,Taiap,31A,Sex-based and Non-sex-based Gender Systems,Sex-based,Kulick-and-Stroud-1992[206-207],
31A-abo,abo,Arbore,31A,Sex-based and Non-sex-based Gender Systems,Sex-based,"Hayward-1984[131-132, 159-184]",
31A-ngg,ngg,Ngan'gityemerri,31A,Sex-based and Non-sex-based Gender Systems,Sex-based,Reid-1997,
31A-khk,khk,Khakas,31A,Sex-based and Non-sex-based Gender Systems,No gender,Anderson-1998[5],
31A-ork,ork,Orok,31A,Sex-based and Non-sex-based Gender Systems,No gender,Petrova-1967,
31A-saw,saw,Sawu,31A,Sex-based and Non-sex-based Gender Systems,No gender,Walker-1982,
31A-nym,nym,Nyamwezi,31A,Sex-based and Non-sex-based Gender Systems,Non-sex-based,Maganga-and-Schadeberg-1992[57-73],
31A-ale,ale,Aleut,31A,Sex-based and Non-sex-based Gender Systems,No gender,Bergsland-1997,
31A-qaf,qaf,Qafar,31A,Sex-based and Non-sex-based Gender Systems,Sex-based,Corbett-1991[51-52];Parker-and-Hayward-1985[225],
31A-mny,mny,Margany,31A,Sex-based and Non-sex-based Gender Systems,No gender,Breen-1981a,
31A-wat,wat,Watjarri,31A,Sex-based and Non-sex-based Gender Systems,No gender,Douglas-1981,
31A-abn,abn,Arabana,31A,Sex-based and Non-sex-based Gender Systems,No gender,Hercus-1994,
31A-chi,chi,Chimariko,31A,Sex-based and Non-sex-based Gender Systems,No gender,Dixon-1910,
31A-khl,khl,Khalaj,31A,Sex-based and Non-sex-based Gender Systems,No gender,Doerfer-1988,
31A-cic,cic,Chichewa,31A,Sex-based and Non-sex-based Gender Systems,Non-sex-based,Corbett-and-Mtenje-1987,
31A-don,don,Dong,31A,Sex-based and Non-sex-based Gender Systems,No gender,Long-and-Zheng-1998[113],
31A-god,god,Godoberi,31A,Sex-based and Non-sex-based Gender Systems,Sex-based,Kibrik-1996,
31A-tvl,tvl,Tuvaluan,31A,Sex-based and Non-sex-based Gender Systems,No gender,Besnier-2000[367],
31A-tot,tot,Totonac (Misantla),31A,Sex-based and Non-sex-based Gender Systems,No gender,MacKay-1991,
31A-lin,lin,Lingala,31A,Sex-based and Non-sex-based Gender Systems,Non-sex-based,Toporova-1973[23-36],
31A-djr,djr,Djaru,31A,Sex-based and Non-sex-based Gender Systems,No gender,Tsunoda-1981,
31A-hay,hay,Hayu,31A,Sex-based and Non-sex-based Gender Systems,No gender,Michailovsky-1988,
31A-asy,asy,Arabic (Syrian),31A,Sex-based and Non-sex-based Gender Systems,Sex-based,Cowell-1964[372-376],
31A-kol,kol,Kolami,31A,Sex-based and Non-sex-based Gender Systems,Sex-based,"Emeneau-1955[55, 73]",
31A-mos,mos,Mosetén,31A,Sex-based and Non-sex-based Gender Systems,Sex-based,Sakel-2002b,
31A-diz,diz,Dizi,31A,Sex-based and Non-sex-based Gender Systems,Sex-based,Allan-1976b,
31A-ppi,ppi,Pitta Pitta,31A,Sex-based and Non-sex-based Gender Systems,Sex-based,Blake-1979c[193-195],
31A-tol,tol,Tol,31A,Sex-based and Non-sex-based Gender Systems,No gender,Holt-1999a,
31A-ccp,ccp,Cocopa,31A,Sex-based and Non-sex-based Gender Systems,No gender,Crawford-1966[passim],
31A-kam,kam,Kambera,31A,Sex-based and Non-sex-based Gender Systems,No gender,Klamer-1998,
31A-shn,shn,Shona,31A,Sex-based and Non-sex-based Gender Systems,Non-sex-based,Fortune-1955[50-105];Brauner-1995[20-30],
31A-kgz,kgz,Kirghiz,31A,Sex-based and Non-sex-based Gender Systems,No gender,Hebert-and-Poppe-1963[9],
31A-mlt,mlt,Maltese,31A,Sex-based and Non-sex-based Gender Systems,Sex-based,Borg-and-Azzopardi-Alexander-1997,
31A-err,err,Erromangan,31A,Sex-based and Non-sex-based Gender Systems,No gender,Crowley-1998a,
31A-ukr,ukr,Ukrainian,31A,Sex-based and Non-sex-based Gender Systems,Sex-based,Shevelov-1993,
31A-bbw,bbw,Bininj Gun-Wok,31A,Sex-based and Non-sex-based Gender Systems,Sex-based,Evans-et-al-2002;Evans-1997,
31A-tib,tib,Tibetan (Standard Spoken),31A,Sex-based and Non-sex-based Gender Systems,No gender,Denwood-1999,
31A-zan,zan,Zande,31A,Sex-based and Non-sex-based Gender Systems,Sex-based,Claudi-1985;Corbett-1991[14-15],
31A-yel,yel,Yelî Dnye,31A,Sex-based and Non-sex-based Gender Systems,No gender,Henderson-1995,
31A-oji,oji,Ojibwa (Eastern),31A,Sex-based and Non-sex-based Gender Systems,Non-sex-based,Bloomfield-1957[31-32];Corbett-1991[20-22];Black-Rogers-1982,
31A-snc,snc,Seneca,31A,Sex-based and Non-sex-based Gender Systems,Sex-based,Chafe-1996[561-562],
31A-srn,srn,Sirionó,31A,Sex-based and Non-sex-based Gender Systems,No gender,Firestone-1965,
31A-uhi,uhi,Uradhi,31A,Sex-based and Non-sex-based Gender Systems,No gender,Crowley-1983,
31A-ite,ite,Itelmen,31A,Sex-based and Non-sex-based Gender Systems,No gender,Georg-and-Volodin-1999,
31A-lel,lel,Lele,31A,Sex-based and Non-sex-based Gender Systems,Sex-based,Frajzyngier-2001[55-56],
31A-gae,gae,Gaelic (Scots),31A,Sex-based and Non-sex-based Gender Systems,Sex-based,MacAulay-1992b[208],
31A-guu,guu,Guugu Yimidhirr,31A,Sex-based and Non-sex-based Gender Systems,No gender,Haviland-1979,
31A-bab,bab,Babungo,31A,Sex-based and Non-sex-based Gender Systems,Non-sex-based,Schaub-1985[171-192],
31A-nca,nca,Nicobarese (Car),31A,Sex-based and Non-sex-based Gender Systems,Non-sex-based,"Braine-1970[103-108, 134-138]",
31A-tid,tid,Tidore,31A,Sex-based and Non-sex-based Gender Systems,Sex-based,van-Staden-2000[77-81],
31A-arg,arg,Arabic (Gulf),31A,Sex-based and Non-sex-based Gender Systems,Sex-based,Holes-1990[155-157],
31A-mns,mns,Mansi,31A,Sex-based and Non-sex-based Gender Systems,No gender,Honti-1988,
31A-arc,arc,Archi,31A,Sex-based and Non-sex-based Gender Systems,Sex-based,Kibrik-et-al-1977[55-66];Corbett-1991[27-29],
31A-miy,miy,Miya,31A,Sex-based and Non-sex-based Gender Systems,Sex-based,Schuh-1998[190-198],
31A-uzb,uzb,Uzbek,31A,Sex-based and Non-sex-based Gender Systems,No gender,Sjoberg-1963,
31A-ykt,ykt,Yakut,31A,Sex-based and Non-sex-based Gender Systems,No gender,Stachowski-and-Menz-1998,
31A-tgr,tgr,Tigré,31A,Sex-based and Non-sex-based Gender Systems,Sex-based,Raz-1997,
31A-hat,hat,Hatam,31A,Sex-based and Non-sex-based Gender Systems,No gender,Reesink-1999,
31A-mok,mok,Mokilese,31A,Sex-based and Non-sex-based Gender Systems,No gender,Harrison-and-Albert-1976,
31A-ret,ret,Retuarã,31A,Sex-based and Non-sex-based Gender Systems,Sex-based,"Strom-1992[10-11, 34-36, 45-47]",
31A-pal,pal,Palauan,31A,Sex-based and Non-sex-based Gender Systems,No gender,Josephs-1975,
31A-psh,psh,Pashto,31A,Sex-based and Non-sex-based Gender Systems,Sex-based,Penzl-1955[44-60],
31A-kis,kis,Kisi,31A,Sex-based and Non-sex-based Gender Systems,Non-sex-based,"Childs-1995[148-150, 162-170]",
31A-cax,cax,Campa (Axininca),31A,Sex-based and Non-sex-based Gender Systems,Sex-based,Payne-1981[34],
31A-kon,kon,Kongo,31A,Sex-based and Non-sex-based Gender Systems,Non-sex-based,Carter-and-Makoondekwa-1987[24-27],
31A-tsh,tsh,Tümpisa Shoshone,31A,Sex-based and Non-sex-based Gender Systems,No gender,Dayley-1989a,
31A-iaa,iaa,Iaai,31A,Sex-based and Non-sex-based Gender Systems,No gender,Ozanne-Rivierre-1976,
31A-jaq,jaq,Jaqaru,31A,Sex-based and Non-sex-based Gender Systems,No gender,Hardman-2000[12-13],
31A-mhi,mhi,Marathi,31A,Sex-based and Non-sex-based Gender Systems,Sex-based,Pandharipande-1997[273-282],
31A-pip,pip,Pipil,31A,Sex-based and Non-sex-based Gender Systems,No gender,Campbell-1985,
31A-diy,diy,Diyari,31A,Sex-based and Non-sex-based Gender Systems,Sex-based,Austin-1981[60-62],
31A-ice,ice,Icelandic,31A,Sex-based and Non-sex-based Gender Systems,Sex-based,Jonsson-1927,
31A-pan,pan,Panjabi,31A,Sex-based and Non-sex-based Gender Systems,Sex-based,Bhatia-1993[216-217],
31A-lak,lak,Lak,31A,Sex-based and Non-sex-based Gender Systems,Sex-based,Xajdakov-1980a[204-13];Zhirkov-1955;Xajdakov-1963;Murkelinskij-1967;Corbett-1991[24-26],
31A-mac,mac,Macushi,31A,Sex-based and Non-sex-based Gender Systems,Non-sex-based,Abbott-1991[105-106],
31A-mrd,mrd,Marind,31A,Sex-based and Non-sex-based Gender Systems,Sex-based,Drabbe-1955[17-18],
31A-chv,chv,Chuvash,31A,Sex-based and Non-sex-based Gender Systems,No gender,Clark-1998a,
31A-kas,kas,Kashmiri,31A,Sex-based and Non-sex-based Gender Systems,Sex-based,"Wali-and-Koul-1997[192-193, 247-249]",
31A-una,una,Una,31A,Sex-based and Non-sex-based Gender Systems,No gender,Louwerse-1988,
31A-dyi,dyi,Dyirbal,31A,Sex-based and Non-sex-based Gender Systems,Sex-based,"Dixon-1972[44-47, 60-62, 306-312]",
31A-haw,haw,Hawaiian,31A,Sex-based and Non-sex-based Gender Systems,No gender,Elbert-and-Pukui-1979,
31A-tml,tml,Tamil,31A,Sex-based and Non-sex-based Gender Systems,Sex-based,Asher-1985[136-137],
31A-lah,lah,Lahu,31A,Sex-based and Non-sex-based Gender Systems,No gender,Matisoff-1973,
31A-zun,zun,Zuni,31A,Sex-based and Non-sex-based Gender Systems,No gender,Newman-1965,
31A-snt,snt,Sentani,31A,Sex-based and Non-sex-based Gender Systems,No gender,Cowan-1965,
31A-ypk,ypk,Yup'ik (Central),31A,Sex-based and Non-sex-based Gender Systems,No gender,Jacobson-1995[ix-x],
31A-cnt,cnt,Cantonese,31A,Sex-based and Non-sex-based Gender Systems,No gender,"Matthews-and-Yip-1994[79, 81]",
31A-lad,lad,Ladakhi,31A,Sex-based and Non-sex-based Gender Systems,No gender,Koshal-1979[56-60],
31A-lep,lep,Lepcha,31A,Sex-based and Non-sex-based Gender Systems,No gender,"Mainwaring-1876[24-27, 35, 44]",
31A-wam,wam,Wambaya,31A,Sex-based and Non-sex-based Gender Systems,Sex-based,Nordlinger-1998[59-72],
31A-car,car,Carib,31A,Sex-based and Non-sex-based Gender Systems,No gender,Hoff-1968,
31A-mak,mak,Makah,31A,Sex-based and Non-sex-based Gender Systems,No gender,,
31A-tsi,tsi,Tsimshian (Coast),31A,Sex-based and Non-sex-based Gender Systems,No gender,Dunn-1995,
31A-tun,tun,Tunica,31A,Sex-based and Non-sex-based Gender Systems,Sex-based,"Haas-1940[36, 62, 102-110]",
31A-sue,sue,Suena,31A,Sex-based and Non-sex-based Gender Systems,No gender,Wilson-1974,
31A-mrl,mrl,Murle,31A,Sex-based and Non-sex-based Gender Systems,No gender,Arensen-1982,
31A-psm,psm,Passamaquoddy-Maliseet,31A,Sex-based and Non-sex-based Gender Systems,Non-sex-based,Sherwood-1986[108],
31A-pit,pit,Pitjantjatjara,31A,Sex-based and Non-sex-based Gender Systems,No gender,Bowe-1990,
31A-amh,amh,Amharic,31A,Sex-based and Non-sex-based Gender Systems,Sex-based,Leslau-1995[161-169],
31A-cyv,cyv,Cayuvava,31A,Sex-based and Non-sex-based Gender Systems,No gender,Key-1967,
31A-dio,dio,Diola-Fogny,31A,Sex-based and Non-sex-based Gender Systems,Non-sex-based,"Sapir-1965[24-28, 61-68]",
31A-arm,arm,Armenian (Eastern),31A,Sex-based and Non-sex-based Gender Systems,No gender,Garibjan-and-Garibjan-1970,
31A-baw,baw,Bawm,31A,Sex-based and Non-sex-based Gender Systems,No gender,Reichle-1981,
31A-nbd,nbd,Nubian (Dongolese),31A,Sex-based and Non-sex-based Gender Systems,No gender,Armbruster-1960[130],
31A-wrd,wrd,Wardaman,31A,Sex-based and Non-sex-based Gender Systems,Non-sex-based,"Merlan-1994[61-3, 105, 241-2]",
31A-hai,hai,Haida,31A,Sex-based and Non-sex-based Gender Systems,No gender,Levine-1977,
31A-kmu,kmu,Khmu',31A,Sex-based and Non-sex-based Gender Systems,Sex-based,Smalley-1961[24-25];Premsrirat-1987[32-33],
31A-usa,usa,Usan,31A,Sex-based and Non-sex-based Gender Systems,No gender,Reesink-1987,
31A-pai,pai,Paiwan,31A,Sex-based and Non-sex-based Gender Systems,No gender,Egli-1990,
31A-bej,bej,Beja,31A,Sex-based and Non-sex-based Gender Systems,Sex-based,Hudson-1974[119-120],
31A-mss,mss,Miwok (Southern Sierra),31A,Sex-based and Non-sex-based Gender Systems,No gender,Broadbent-1964,
31A-sml,sml,Semelai,31A,Sex-based and Non-sex-based Gender Systems,No gender,Kruspe-1999,
31A-yur,yur,Yurok,31A,Sex-based and Non-sex-based Gender Systems,No gender,Robins-1958,
31A-dag,dag,Daga,31A,Sex-based and Non-sex-based Gender Systems,No gender,Murane-1974,
31A-otm,otm,Otomí (Mezquital),31A,Sex-based and Non-sex-based Gender Systems,No gender,Hess-1968,
31A-igb,igb,Igbo,31A,Sex-based and Non-sex-based Gender Systems,No gender,Green-and-Igwe-1963,
31A-nez,nez,Nez Perce,31A,Sex-based and Non-sex-based Gender Systems,No gender,Aoki-1970,
31A-brh,brh,Brahui,31A,Sex-based and Non-sex-based Gender Systems,No gender,Andronov-1980[33],
31A-cah,cah,Cahuilla,31A,Sex-based and Non-sex-based Gender Systems,No gender,Seiler-1977,
31A-cle,cle,Chinantec (Lealao),31A,Sex-based and Non-sex-based Gender Systems,Non-sex-based,Rupp-1989[20-22],
31A-zqc,zqc,Zoque (Copainalá),31A,Sex-based and Non-sex-based Gender Systems,No gender,Harrison-et-al-1981,
31A-bkr,bkr,Batak (Karo),31A,Sex-based and Non-sex-based Gender Systems,No gender,Woollams-1996,
31A-cmn,cmn,Comanche,31A,Sex-based and Non-sex-based Gender Systems,No gender,Charney-1993,
31A-nko,nko,Nkore-Kiga,31A,Sex-based and Non-sex-based Gender Systems,Non-sex-based,"Taylor-1985[123-125, 129]",
31A-dni,dni,Dani (Lower Grand Valley),31A,Sex-based and Non-sex-based Gender Systems,No gender,Bromley-1981,
31A-nen,nen,Nenets,31A,Sex-based and Non-sex-based Gender Systems,No gender,Salminen-1998,
31A-urk,urk,Urubú-Kaapor,31A,Sex-based and Non-sex-based Gender Systems,No gender,Kakumasu-1986,
31A-coo,coo,Coos (Hanis),31A,Sex-based and Non-sex-based Gender Systems,No gender,"Frachtenberg-1922a[318, 320, 321, 351, 395]",
31A-cre,cre,Cree (Plains),31A,Sex-based and Non-sex-based Gender Systems,Non-sex-based,Wolfart-1973[20-24],
31A-nht,nht,Nahuatl (Tetelcingo),31A,Sex-based and Non-sex-based Gender Systems,No gender,Tuggy-1979,
31A-yim,yim,Yimas,31A,Sex-based and Non-sex-based Gender Systems,Sex-based,Foley-1991[119-165],
31A-ika,ika,Ika,31A,Sex-based and Non-sex-based Gender Systems,No gender,Frank-1990,
31A-kse,kse,Koyraboro Senni,31A,Sex-based and Non-sex-based Gender Systems,No gender,Heath-1999a,
31A-mun,mun,Mundari,31A,Sex-based and Non-sex-based Gender Systems,Non-sex-based,"Bhattacharya-1976;Osada-1992[44-45, 48, 65, 69]",
31A-yid,yid,Yidiny,31A,Sex-based and Non-sex-based Gender Systems,No gender,Dixon-1977a,
31A-krk,krk,Karok,31A,Sex-based and Non-sex-based Gender Systems,No gender,Bright-1957,
31A-brs,brs,Barasano,31A,Sex-based and Non-sex-based Gender Systems,Sex-based,"Jones-and-Jones-1991[31, 73-75]",
31A-tab,tab,Taba,31A,Sex-based and Non-sex-based Gender Systems,No gender,Bowden-1997a,
31A-aco,aco,Acoma,31A,Sex-based and Non-sex-based Gender Systems,No gender,Miller-1965;Maring-1967,
31A-pau,pau,Paumarí,31A,Sex-based and Non-sex-based Gender Systems,Sex-based,"Chapman-and-Derbyshire-1991[254-9, 288-289]",
31A-arp,arp,Arapesh (Mountain),31A,Sex-based and Non-sex-based Gender Systems,Sex-based,Conrad-and-Wogiga-1991;Aronoff-1994[89-114];Fraser-and-Corbett-1997;Fortune-1942;Dobrin-1998,
31A-ond,ond,Oneida,31A,Sex-based and Non-sex-based Gender Systems,Sex-based,Abbott-1984,
31A-asm,asm,Asmat,31A,Sex-based and Non-sex-based Gender Systems,No gender,Voorhoeve-1965,
31A-ewe,ewe,Ewe,31A,Sex-based and Non-sex-based Gender Systems,No gender,Westermann-1930[43],
31A-grb,grb,Grebo,31A,Sex-based and Non-sex-based Gender Systems,Non-sex-based,"Corbett-1991[200];Marchese-1988[328-329];Innes-1966[52-53, 63-65]",
31A-hmo,hmo,Hmong Njua,31A,Sex-based and Non-sex-based Gender Systems,No gender,Harriehausen-1990[42],
31A-khs,khs,Khasi,31A,Sex-based and Non-sex-based Gender Systems,Sex-based,Rabel-Heymann-1977,
31A-khm,khm,Khmer,31A,Sex-based and Non-sex-based Gender Systems,No gender,Jacob-1968;Gorgoniev-1966[124],
31A-wic,wic,Wichita,31A,Sex-based and Non-sex-based Gender Systems,No gender,Rood-1976,
31A-juh,juh,Ju|'hoan,31A,Sex-based and Non-sex-based Gender Systems,Non-sex-based,"Guldemann-2000[7-9, 23];Dickens-nd[12-17]",
31A-klv,klv,Kilivila,31A,Sex-based and Non-sex-based Gender Systems,No gender,"Senft-1986[31, 64-66]",
31A-nug,nug,Nunggubuyu,31A,Sex-based and Non-sex-based Gender Systems,Sex-based,Heath-1984[173-193],
31A-irq,irq,Iraqw,31A,Sex-based and Non-sex-based Gender Systems,Sex-based,Mous-1993;Banti-1997[98-100];Tucker-and-Bryan-1966[576-578],
31A-kew,kew,Kewa,31A,Sex-based and Non-sex-based Gender Systems,No gender,Franklin-1971,
31A-shk,shk,Shipibo-Konibo,31A,Sex-based and Non-sex-based Gender Systems,No gender,Valenzuela-1997,
31A-epe,epe,Epena Pedee,31A,Sex-based and Non-sex-based Gender Systems,No gender,Harms-1994,
31A-ket,ket,Ket,31A,Sex-based and Non-sex-based Gender Systems,Sex-based,"Krejnovich-1961[114-116];Corbett-1991[19-20];Krejnovich-1968a[456];Krejnovich-1968b[154-155, 185-192]",
31A-koa,koa,Koasati,31A,Sex-based and Non-sex-based Gender Systems,No gender,Kimball-1991,
31A-luv,luv,Luvale,31A,Sex-based and Non-sex-based Gender Systems,Non-sex-based,Horton-1949[24-52],
31A-san,san,Sango,31A,Sex-based and Non-sex-based Gender Systems,No gender,Samarin-1967b,
31A-bag,bag,Bagirmi,31A,Sex-based and Non-sex-based Gender Systems,No gender,Stevenson-1969,
31A-hzb,hzb,Hunzib,31A,Sex-based and Non-sex-based Gender Systems,Sex-based,van-den-Berg-1995[35],
31A-ing,ing,Ingush,31A,Sex-based and Non-sex-based Gender Systems,Sex-based,Nichols-1994b[93-94],
31A-mau,mau,Maung,31A,Sex-based and Non-sex-based Gender Systems,Sex-based,Capell-and-Hinch-1970;Evans-2000[113-114],
31A-kfe,kfe,Koromfe,31A,Sex-based and Non-sex-based Gender Systems,Non-sex-based,"Rennison-1997[237, 243, 288-289]",
31A-qim,qim,Quechua (Imbabura),31A,Sex-based and Non-sex-based Gender Systems,No gender,Cole-1982,
31A-ram,ram,Rama,31A,Sex-based and Non-sex-based Gender Systems,No gender,Grinevald-1988[85],
31A-niv,niv,Nivkh,31A,Sex-based and Non-sex-based Gender Systems,No gender,,
31A-apu,apu,Apurinã,31A,Sex-based and Non-sex-based Gender Systems,Sex-based,"Facundes-2000[145-148, 222-232]",
31A-bma,bma,Berber (Middle Atlas),31A,Sex-based and Non-sex-based Gender Systems,Sex-based,Penchoen-1973b[12-14],
31A-wra,wra,Warao,31A,Sex-based and Non-sex-based Gender Systems,No gender,Romero-Figueroa-1997,
31A-imo,imo,Imonda,31A,Sex-based and Non-sex-based Gender Systems,No gender,Seiler-1985,
31A-awp,awp,Awa Pit,31A,Sex-based and Non-sex-based Gender Systems,No gender,Curnow-1997[83],
31A-kob,kob,Kobon,31A,Sex-based and Non-sex-based Gender Systems,No gender,"Davies-1981a[149, 153]",
31A-lat,lat,Latvian,31A,Sex-based and Non-sex-based Gender Systems,Sex-based,Mathiassen-1997[40-41],
31A-mar,mar,Maricopa,31A,Sex-based and Non-sex-based Gender Systems,No gender,Gordon-1986,
31A-ala,ala,Alamblak,31A,Sex-based and Non-sex-based Gender Systems,Sex-based,"Bruce-1984[75, 96-98, 149]",
31A-goo,goo,Gooniyandi,31A,Sex-based and Non-sex-based Gender Systems,No gender,McGregor-1990[263],
31A-kut,kut,Kutenai,31A,Sex-based and Non-sex-based Gender Systems,No gender,Boas-1927[13],
31A-mxc,mxc,Mixtec (Chalcatongo),31A,Sex-based and Non-sex-based Gender Systems,Sex-based,Macaulay-1996[81-83],
31A-lav,lav,Lavukaleve,31A,Sex-based and Non-sex-based Gender Systems,Sex-based,Terrill-1999[chapter 6],
31A-rap,rap,Rapanui,31A,Sex-based and Non-sex-based Gender Systems,No gender,Du-Feu-1996,
31A-ain,ain,Ainu,31A,Sex-based and Non-sex-based Gender Systems,No gender,"Refsing-1986[22, 81]",
31A-mrt,mrt,Martuthunira,31A,Sex-based and Non-sex-based Gender Systems,No gender,Dench-1995,
31A-prh,prh,Pirahã,31A,Sex-based and Non-sex-based Gender Systems,Sex-based,"Everett-1986[280-281, 283-284]",
31A-war,war,Wari',31A,Sex-based and Non-sex-based Gender Systems,Sex-based,"Everett-and-Kern-1997[2-3, 298-301, 305-306, 332-337]",
31A-gua,gua,Guaraní,31A,Sex-based and Non-sex-based Gender Systems,No gender,Gregores-and-Suarez-1967,
31A-kho,kho,Khoekhoe,31A,Sex-based and Non-sex-based Gender Systems,Sex-based,"Hagman-1977[22-26, 42-45, 108-109]",
31A-mei,mei,Meithei,31A,Sex-based and Non-sex-based Gender Systems,No gender,Chelliah-1997[72],
31A-ngi,ngi,Ngiyambaa,31A,Sex-based and Non-sex-based Gender Systems,No gender,Donaldson-1980,
31A-brm,brm,Burmese,31A,Sex-based and Non-sex-based Gender Systems,No gender,Okell-1969,
31A-myi,myi,Mangarrayi,31A,Sex-based and Non-sex-based Gender Systems,Sex-based,"Merlan-1982[28-30, 56-58, 110-111]",
31A-tiw,tiw,Tiwi,31A,Sex-based and Non-sex-based Gender Systems,Sex-based,"Osborne-1974[37-40, 51-57]",
31A-knr,knr,Kanuri,31A,Sex-based and Non-sex-based Gender Systems,No gender,"Hutchison-1981[11, 45]",
31A-kay,kay,Kayardild,31A,Sex-based and Non-sex-based Gender Systems,No gender,Evans-1995,
31A-map,map,Mapudungun,31A,Sex-based and Non-sex-based Gender Systems,No gender,Smeets-1989,
31A-yor,yor,Yoruba,31A,Sex-based and Non-sex-based Gender Systems,No gender,Ogunbowale-1970[38-39],
31A-yko,yko,Yukaghir (Kolyma),31A,Sex-based and Non-sex-based Gender Systems,No gender,Maslova-1999,
31A-may,may,Maybrat,31A,Sex-based and Non-sex-based Gender Systems,Sex-based,"Dol-1999[68-70, 98]",
31A-tuk,tuk,Tukang Besi,31A,Sex-based and Non-sex-based Gender Systems,No gender,Donohue-1999a,
31A-bur,bur,Burushaski,31A,Sex-based and Non-sex-based Gender Systems,Sex-based,"Berger-1998[(I) 14-25, (I) 33-38];Lorimer-1935",
31A-cha,cha,Chamorro,31A,Sex-based and Non-sex-based Gender Systems,No gender,Topping-1973,
31A-chk,chk,Chukchi,31A,Sex-based and Non-sex-based Gender Systems,No gender,Dunn-1999,
31A-fij,fij,Fijian,31A,Sex-based and Non-sex-based Gender Systems,No gender,Dixon-1988,
31A-heb,heb,Hebrew (Modern),31A,Sex-based and Non-sex-based Gender Systems,Sex-based,"Glinert-1994[4, 14-16]",
31A-lan,lan,Lango,31A,Sex-based and Non-sex-based Gender Systems,No gender,Noonan-1992,
31A-orh,orh,Oromo (Harar),31A,Sex-based and Non-sex-based Gender Systems,Sex-based,"Owens-1985[87-88, 94-96]",
31A-tha,tha,Thai,31A,Sex-based and Non-sex-based Gender Systems,No gender,Campbell-and-Shaweevongse-1962,
31A-yaq,yaq,Yaqui,31A,Sex-based and Non-sex-based Gender Systems,No gender,Lindenfeld-1973,
31A-zul,zul,Zulu,31A,Sex-based and Non-sex-based Gender Systems,Non-sex-based,Ziervogel-et-al-1981[2-4],
31A-aeg,aeg,Arabic (Egyptian),31A,Sex-based and Non-sex-based Gender Systems,Sex-based,Mitchell-1956[19-20],
31A-grw,grw,Greenlandic (West),31A,Sex-based and Non-sex-based Gender Systems,No gender,Fortescue-1984,
31A-hix,hix,Hixkaryana,31A,Sex-based and Non-sex-based Gender Systems,Non-sex-based,Derbyshire-1979[127],
31A-swa,swa,Swahili,31A,Sex-based and Non-sex-based Gender Systems,Non-sex-based,"Wald-1975[272-273];Gregersen-1967[12-13, 17-19];Corbett-1991[43-49]",
31A-vie,vie,Vietnamese,31A,Sex-based and Non-sex-based Gender Systems,No gender,Thompson-1965,
31A-hin,hin,Hindi,31A,Sex-based and Non-sex-based Gender Systems,Sex-based,McGregor-1995[1-3],
31A-ckr,ckr,Canela-Krahô,31A,Sex-based and Non-sex-based Gender Systems,No gender,Popjes-and-Popjes-1986,
31A-tag,tag,Tagalog,31A,Sex-based and Non-sex-based Gender Systems,Sex-based,Schachter-and-Otanes-1972[197-198],
31A-geo,geo,Georgian,31A,Sex-based and Non-sex-based Gender Systems,No gender,Hewitt-1995,
31A-knd,knd,Kannada,31A,Sex-based and Non-sex-based Gender Systems,Sex-based,Sridhar-1990[198],
31A-kha,kha,Khalkha,31A,Sex-based and Non-sex-based Gender Systems,No gender,Orlovskaja-1961[12],
31A-mal,mal,Malagasy,31A,Sex-based and Non-sex-based Gender Systems,No gender,,
31A-sup,sup,Supyire,31A,Sex-based and Non-sex-based Gender Systems,Non-sex-based,Carlson-1994[75-116],
31A-hau,hau,Hausa,31A,Sex-based and Non-sex-based Gender Systems,Sex-based,Newman-2000[200-215];Newman-1979,
31A-mao,mao,Maori,31A,Sex-based and Non-sex-based Gender Systems,No gender,Bauer-1993[354],
31A-bsq,bsq,Basque,31A,Sex-based and Non-sex-based Gender Systems,No gender,Trask-1995,
31A-abk,abk,Abkhaz,31A,Sex-based and Non-sex-based Gender Systems,Sex-based,"Hewitt-1979[101-103, 152, 157]",
31A-eve,eve,Evenki,31A,Sex-based and Non-sex-based Gender Systems,No gender,Nedjalkov-1997[191],
31A-prs,prs,Persian,31A,Sex-based and Non-sex-based Gender Systems,No gender,Lambton-1974[4n3],
31A-ame,ame,Amele,31A,Sex-based and Non-sex-based Gender Systems,No gender,Roberts-1987[203],
31A-ger,ger,German,31A,Sex-based and Non-sex-based Gender Systems,Sex-based,,
31A-grk,grk,Greek (Modern),31A,Sex-based and Non-sex-based Gender Systems,Sex-based,Mackridge-1985[43-54],
31A-lez,lez,Lezgian,31A,Sex-based and Non-sex-based Gender Systems,No gender,Haspelmath-1993,
31A-mnd,mnd,Mandarin,31A,Sex-based and Non-sex-based Gender Systems,No gender,Li-and-Thompson-1981,
31A-hun,hun,Hungarian,31A,Sex-based and Non-sex-based Gender Systems,No gender,,
31A-ind,ind,Indonesian,31A,Sex-based and Non-sex-based Gender Systems,No gender,Sneddon-1996,
31A-fin,fin,Finnish,31A,Sex-based and Non-sex-based Gender Systems,No gender,Karlsson-1999,
31A-rus,rus,Russian,31A,Sex-based and Non-sex-based Gender Systems,Sex-based,Corbett-1991[34-43];Fraser-and-Corbett-1995,
31A-spa,spa,Spanish,31A,Sex-based and Non-sex-based Gender Systems,Sex-based,,
31A-tur,tur,Turkish,31A,Sex-based and Non-sex-based Gender Systems,No gender,"Kornfilt-1997[291, 322, 383]",
31A-fre,fre,French,31A,Sex-based and Non-sex-based Gender Systems,Sex-based,,
31A-eng,eng,English,31A,Sex-based and Non-sex-based Gender Systems,Sex-based,,
31A-ndy,ndy,Ndyuka,31A,Sex-based and Non-sex-based Gender Systems,No gender,"Huttar-and-Huttar-1994[452, 521]",
