ID,Language_ID,Language_name,Parameter_ID,Parameter_name,Value,Source,Comment
72A-kgm,kgm,Kagoma,72A,Imperative-Hortative Systems,Neither type of system,"Hagen-1988[149, 170]",
72A-mkn,mkn,Mankanya,72A,Imperative-Hortative Systems,Neither type of system,"Trifkovic-1969[129-133, 135-138]",
72A-dyu,dyu,Dyula,72A,Imperative-Hortative Systems,Minimal system,,
72A-lgt,lgt,Logoti,72A,Imperative-Hortative Systems,Maximal system,Madragule-1986[75-76],
72A-anu,anu,Anufo,72A,Imperative-Hortative Systems,Minimal system,"Stanford-and-Stanford-1970[29, 31]",
72A-anl,anl,Arabic (North Levantine Spoken),72A,Imperative-Hortative Systems,Maximal system,Mitchell-and-Al-Hassan-1994[29-34],
72A-ark,ark,Araki,72A,Imperative-Hortative Systems,Maximal system,Francois-2002,
72A-buk,buk,Bukusu,72A,Imperative-Hortative Systems,Both types of system,Austen-1974[183-184],
72A-kow,kow,Ko (Winye),72A,Imperative-Hortative Systems,Minimal system,,
72A-nub,nub,Nubi,72A,Imperative-Hortative Systems,Maximal system,Heine-1982[43],
72A-nng,nng,Nyanga,72A,Imperative-Hortative Systems,Both types of system,Kadima-1965[105-109],
72A-ykm,ykm,Yakoma,72A,Imperative-Hortative Systems,Both types of system,"Boyeldieu-1995[114-115, 120-121, 131-132]",
72A-ysi,ysi,Yupik (Sirenik),72A,Imperative-Hortative Systems,Maximal system,Vaxtin-2001[130-134],
72A-coi,coi,Chortí,72A,Imperative-Hortative Systems,Neither type of system,"Lubeck-and-Cowie-1989[120, 152-154, 160-163]",
72A-dbd,dbd,Dabida,72A,Imperative-Hortative Systems,Maximal system,"Rjabova-2000[80, 86]",
72A-krt,krt,Karata,72A,Imperative-Hortative Systems,Neither type of system,"Magomedbekova-1971[134-135, 150]",
72A-ksm,ksm,Kasem,72A,Imperative-Hortative Systems,Neither type of system,"Bonvini-1988[83-84, 92-94]",
72A-lno,lno,Ladino,72A,Imperative-Hortative Systems,Neither type of system,,
72A-rav,rav,Romani (Ajia Varvara),72A,Imperative-Hortative Systems,Maximal system,"Igla-1989[65, 130, 136, 164]",
72A-her,her,Herero,72A,Imperative-Hortative Systems,Maximal system,"Viehe-1897[33-34, 40-41, 45]",
72A-krq,krq,Kerek,72A,Imperative-Hortative Systems,Maximal system,Volodin-2001[146-149],
72A-mop,mop,Mopan,72A,Imperative-Hortative Systems,Neither type of system,Ulrich-et-al-1986[371],
72A-pta,pta,Paita,72A,Imperative-Hortative Systems,Neither type of system,Paita-and-Shintani-1990[97-98],
72A-tet,tet,Tetela,72A,Imperative-Hortative Systems,Both types of system,Labaere-1984[63-64],
72A-hmd,hmd,Hmong Daw,72A,Imperative-Hortative Systems,Neither type of system,Mottin-1978[86],
72A-crg,crg,Chiriguano,72A,Imperative-Hortative Systems,Neither type of system,Dietrich-1986[93-94],
72A-loz,loz,Lozi,72A,Imperative-Hortative Systems,Maximal system,"Gowlett-1967[143-144, 176-178]",
72A-tem,tem,Tem,72A,Imperative-Hortative Systems,Maximal system,Tchagbale-1998[135-136],
72A-vag,vag,Vagla,72A,Imperative-Hortative Systems,Minimal system,Crouch-and-Naden-1998[85-87],
72A-mul,mul,Mulao,72A,Imperative-Hortative Systems,Neither type of system,Jung-and-Guoqiao-1993[100-101],
72A-oix,oix,Otomí (Ixtenco),72A,Imperative-Hortative Systems,Neither type of system,"Lastra-1998[12-13, 28-29]",
72A-sug,sug,Sungor,72A,Imperative-Hortative Systems,Neither type of system,Lukas-1938[199-200],
72A-ayr,ayr,Ayoreo,72A,Imperative-Hortative Systems,Neither type of system,"Susnik-1963[71-72, 140-141]",
72A-csh,csh,Cashinahua,72A,Imperative-Hortative Systems,Neither type of system,"Camargo-Bigot-1992[210-211, 259-260, 271]",
72A-tal,tal,Talinga,72A,Imperative-Hortative Systems,Minimal system,Paluku-1998[250],
72A-kui,kui,Kui (in India),72A,Imperative-Hortative Systems,Maximal system,"Winfield-1928[64, 94-96]",
72A-far,far,Faroese,72A,Imperative-Hortative Systems,Neither type of system,Barnes-and-Weyhe-1994[204-205],
72A-mdk,mdk,Mandinka,72A,Imperative-Hortative Systems,Maximal system,"Creissels-1983[17, 19, 111-114]",
72A-ido,ido,Idoma,72A,Imperative-Hortative Systems,Minimal system,Abraham-1951[47-49],
72A-tsa,tsa,Tsakhur,72A,Imperative-Hortative Systems,Neither type of system,"Kibrik-1999[76-77, 279-283, 285]",
72A-laz,laz,Laz,72A,Imperative-Hortative Systems,Neither type of system,"Kutscher-et-al-1995[52, 54]",
72A-uma,uma,Uma,72A,Imperative-Hortative Systems,Neither type of system,Esser-1964[11-12],
72A-wai,wai,Wai Wai,72A,Imperative-Hortative Systems,Maximal system,"Hawkins-1998[61-65, 122, 176-177]",
72A-aea,aea,Aleut (Eastern),72A,Imperative-Hortative Systems,Maximal system,Golovko-2001[301-305],
72A-bem,bem,Bemba,72A,Imperative-Hortative Systems,Neither type of system,Sharman-1963[208-212];Sims-1959[81-84],
72A-kil,kil,Kiluba,72A,Imperative-Hortative Systems,Maximal system,"Beckett-1951[68-69, 122];Munyarugero-1975[88-90]",
72A-snn,snn,Soninke,72A,Imperative-Hortative Systems,Minimal system,Diagana-1995[239-240],
72A-wau,wau,Waunana,72A,Imperative-Hortative Systems,Neither type of system,Sanchez-et-al-1977[passim],
72A-kek,kek,K'ekchí,72A,Imperative-Hortative Systems,Neither type of system,Eachus-and-Carlson-1966[169-170],
72A-kte,kte,Kete,72A,Imperative-Hortative Systems,Maximal system,"Kamba-Muzenga-1980[130, 156-161]",
72A-cld,cld,Chaldean (Modern),72A,Imperative-Hortative Systems,Neither type of system,"Sara-1974[67, 92-93]",
72A-mle,mle,Maale,72A,Imperative-Hortative Systems,Neither type of system,Amha-2001[126-128],
72A-mgo,mgo,Mongo,72A,Imperative-Hortative Systems,Maximal system,"Hulstaert-1965[432-433, 441-444, 452]",
72A-mdg,mdg,Mundang,72A,Imperative-Hortative Systems,Neither type of system,"Elders-2000[157-159, 171, 384-386, 549-550]",
72A-stn,stn,Sotho (Northern),72A,Imperative-Hortative Systems,Neither type of system,Louwrens-et-al-1995[36-37],
72A-yah,yah,Yahgan,72A,Imperative-Hortative Systems,Neither type of system,"Adam-1885[162-163, 167-168]",
72A-kkn,kkn,Konkani,72A,Imperative-Hortative Systems,Neither type of system,Gruere-and-Sardessai-1998[100-108],
72A-vot,vot,Votic,72A,Imperative-Hortative Systems,Maximal system,"Ariste-1997[73-74, ]",
72A-ong,ong,Onge,72A,Imperative-Hortative Systems,Neither type of system,Dasgupta-and-Sharma-1982[28-29],
72A-sus,sus,Susu,72A,Imperative-Hortative Systems,Both types of system,Friedlander-1974[54-55],
72A-gam,gam,Gamo,72A,Imperative-Hortative Systems,Maximal system,Taylor-1994[308],
72A-gbk,gbk,Gbaya Kara,72A,Imperative-Hortative Systems,Maximal system,Roulon-1975[98-101];Roulon-Doko-1995[34-35],
72A-nim,nim,Nimboran,72A,Imperative-Hortative Systems,Neither type of system,Anceaux-1965[111-114],
72A-mwe,mwe,Mwera,72A,Imperative-Hortative Systems,Maximal system,Harries-1950[86-89],
72A-tnc,tnc,Tanacross,72A,Imperative-Hortative Systems,Maximal system,Holton-2000[229],
72A-thk,thk,Thakali,72A,Imperative-Hortative Systems,Neither type of system,"Georg-1995[123-125, 139]",
72A-awn,awn,Awngi,72A,Imperative-Hortative Systems,Maximal system,"Hetzron-1969[14, 32-33]",
72A-kim,kim,Kimaghama,72A,Imperative-Hortative Systems,Maximal system,Drabbe-1949[10],
72A-mwo,mwo,Mwotlap,72A,Imperative-Hortative Systems,Both types of system,Francois-2001,
72A-see,see,Seediq,72A,Imperative-Hortative Systems,Neither type of system,"Asai-1953[28-29, 56-57]",
72A-cak,cak,Cakchiquel,72A,Imperative-Hortative Systems,Maximal system,"Townsend-1961[18, 29-30, 45]",
72A-man,man,Mano,72A,Imperative-Hortative Systems,Minimal system,"Becker-Donner-1965[34, 37, 45]",
72A-pnn,pnn,Pangasinan,72A,Imperative-Hortative Systems,Maximal system,Benton-1971a[201-205],
72A-sdw,sdw,Sandawe,72A,Imperative-Hortative Systems,Neither type of system,Dempwolff-1916[24-25],
72A-kok,kok,Kokborok,72A,Imperative-Hortative Systems,Neither type of system,"Pai-1976[68-69, 71-73]",
72A-kuv,kuv,Kuvi,72A,Imperative-Hortative Systems,Neither type of system,"Krishnamurti-1969[290-292, 328]",
72A-msg,msg,Mising,72A,Imperative-Hortative Systems,Neither type of system,"Prasad-1991[92-95, 98-102]",
72A-mcd,mcd,Macedonian,72A,Imperative-Hortative Systems,Maximal system,Friedman-1993[279],
72A-mik,mik,Mikir,72A,Imperative-Hortative Systems,Neither type of system,Konwar-2001[159-160];Jeyapaul-1987[116-118],
72A-tir,tir,Tiriyo,72A,Imperative-Hortative Systems,Neither type of system,"Meira-1999[318-319, 325]",
72A-tsf,tsf,Tsafiki,72A,Imperative-Hortative Systems,Neither type of system,Moore-1979[24-26],
72A-tzo,tzo,Tzotzil,72A,Imperative-Hortative Systems,Maximal system,Haviland-2001[passim];Haviland-1988[109-110],
72A-gmz,gmz,Gumuz,72A,Imperative-Hortative Systems,Maximal system,"Bender-1979[47-48, 49]",
72A-wlo,wlo,Wolio,72A,Imperative-Hortative Systems,Neither type of system,"Anceaux-1952[47, 54]",
72A-ath,ath,Athpare,72A,Imperative-Hortative Systems,Maximal system,Ebert-1997b[65],
72A-fua,fua,Fula (Cameroonian),72A,Imperative-Hortative Systems,Maximal system,"Arnott-1970[248-252, 300-302]",
72A-iqu,iqu,Iquito,72A,Imperative-Hortative Systems,Minimal system,"Eastman-and-Eastman-1963[152, 161, 165, 190]",
72A-jav,jav,Javanese,72A,Imperative-Hortative Systems,Neither type of system,"Oglobin-2001[226-229, 232-233]",
72A-mon,mon,Mon,72A,Imperative-Hortative Systems,Neither type of system,Haswell-1901[23-25],
72A-shl,shl,Shilluk,72A,Imperative-Hortative Systems,Neither type of system,"Westermann-1974[24-25, 45, 49]",
72A-url,url,Urak Lawoi',72A,Imperative-Hortative Systems,Neither type of system,,
72A-dig,dig,Digaro,72A,Imperative-Hortative Systems,Neither type of system,Sastry-1984[146-149],
72A-emb,emb,Emberá (Northern),72A,Imperative-Hortative Systems,Neither type of system,"Mortensen-1999[84, 95-96]",
72A-krn,krn,Korana,72A,Imperative-Hortative Systems,Maximal system,"Maingard-1962[19-20, 29-30, 33-34, 38]",
72A-kpe,kpe,Kpelle,72A,Imperative-Hortative Systems,Both types of system,Westermann-1969[19-20],
72A-moo,moo,Mooré,72A,Imperative-Hortative Systems,Both types of system,,
72A-pec,pec,Pech,72A,Imperative-Hortative Systems,Neither type of system,Conzemius-1928[74-77],
72A-slo,slo,Slovene,72A,Imperative-Hortative Systems,Neither type of system,Derbyshire-1993[80-82],
72A-tot,tot,Totonac (Misantla),72A,Imperative-Hortative Systems,Maximal system,MacKay-1999[144],
72A-kmp,kmp,Kunimaipa,72A,Imperative-Hortative Systems,Neither type of system,Geary-1977[26-27],
72A-lin,lin,Lingala,72A,Imperative-Hortative Systems,Both types of system,"Meeuwis-1998[28, 49, p.c.]",
72A-ceb,ceb,Cebuano,72A,Imperative-Hortative Systems,Both types of system,"Wolff-1966[143, 439-441]",
72A-cor,cor,Cora,72A,Imperative-Hortative Systems,Maximal system,Casad-1984[201-206],
72A-hay,hay,Hayu,72A,Imperative-Hortative Systems,Neither type of system,Michailovsky-1988[200-201],
72A-txj,txj,Totonac (Xicotepec de Juárez),72A,Imperative-Hortative Systems,Maximal system,Reid-1991[11-12],
72A-kmk,kmk,Kalmyk,72A,Imperative-Hortative Systems,Maximal system,"Benzing-1985[18, 38, 61, 66, 103, 131-132]",
72A-mnm,mnm,Manam,72A,Imperative-Hortative Systems,Maximal system,"Lichtenberk-1983[188, 418-421, 423-425]",
72A-obo,obo,Obolo,72A,Imperative-Hortative Systems,Neither type of system,"Faraclas-1984[58, 59, 82]",
72A-cay,cay,Cayapa,72A,Imperative-Hortative Systems,Neither type of system,"Vittadello-1988[59, 70]",
72A-ppi,ppi,Pitta Pitta,72A,Imperative-Hortative Systems,Neither type of system,"Blake-1979c[193, 202-203]",
72A-tbu,tbu,Tubu,72A,Imperative-Hortative Systems,Maximal system,Le-Coeur-and-Le-Coeur-1956[68-69],
72A-hum,hum,Huitoto (Murui),72A,Imperative-Hortative Systems,Neither type of system,Minor-et-al-1982[69-70];Burtch-and-Wise-1968[25-26],
72A-lnd,lnd,Linda,72A,Imperative-Hortative Systems,Neither type of system,Tisserant-1930[81],
72A-mai,mai,Maithili,72A,Imperative-Hortative Systems,Maximal system,"Jha-1958[484-490, 604-606]",
72A-msl,msl,Masalit,72A,Imperative-Hortative Systems,Neither type of system,Edgar-1989[23],
72A-shn,shn,Shona,72A,Imperative-Hortative Systems,Maximal system,"Fortune-1955[267-269, 311-315, 317]",
72A-vai,vai,Vai,72A,Imperative-Hortative Systems,Minimal system,Welmers-1976[82-94],
72A-gum,gum,Gumbaynggir,72A,Imperative-Hortative Systems,Neither type of system,"Eades-1979[300, 310-312, 321-322, 330]",
72A-gwa,gwa,Gwari,72A,Imperative-Hortative Systems,Minimal system,"Hyman-and-Magaji-1970[61, 107-108]",
72A-mde,mde,Mende,72A,Imperative-Hortative Systems,Both types of system,"Aginsky-1935[21-22, 65]",
72A-noo,noo,Noon,72A,Imperative-Hortative Systems,Maximal system,"Soukka-2000[187-188, 265]",
72A-kiw,kiw,Kiwai,72A,Imperative-Hortative Systems,Neither type of system,Ray-1933[57-59],
72A-ber,ber,Berta,72A,Imperative-Hortative Systems,Neither type of system,Triulzi-et-al-1976b[17],
72A-mlt,mlt,Maltese,72A,Imperative-Hortative Systems,Neither type of system,"Borg-and-Azzopardi-Alexander-1997[27, 29, 238, 242]",
72A-wrk,wrk,Warekena,72A,Imperative-Hortative Systems,Neither type of system,"Aikhenvald-1998[263, 341]",
72A-err,err,Erromangan,72A,Imperative-Hortative Systems,Neither type of system,"Crowley-1998a[87-89, 94, 99]",
72A-jeb,jeb,Jebero,72A,Imperative-Hortative Systems,Maximal system,Bendor-Samuel-1961b[77],
72A-mme,mme,Mari (Meadow),72A,Imperative-Hortative Systems,Neither type of system,Sebeok-and-Ingemann-1961[21-22],
72A-sno,sno,Saami (Northern),72A,Imperative-Hortative Systems,Maximal system,"Itkonen-1969[58-65, 68-69]",
72A-ukr,ukr,Ukrainian,72A,Imperative-Hortative Systems,Neither type of system,,
72A-apl,apl,Apalaí,72A,Imperative-Hortative Systems,Neither type of system,"Koehn-and-Koehn-1986[61-62, 106-107]",
72A-fye,fye,Fyem,72A,Imperative-Hortative Systems,Neither type of system,Nettle-1998[51-52],
72A-mro,mro,Moro,72A,Imperative-Hortative Systems,Neither type of system,"Black-and-Black-1971[1-2, 70-71, 99-101]",
72A-tvo,tvo,Tatar,72A,Imperative-Hortative Systems,Maximal system,Poppe-1968[62-64];Berta-1998[294],
72A-udh,udh,Udihe,72A,Imperative-Hortative Systems,Maximal system,"Nikolaeva-and-Tolskaya-2001[221-222, 265-266, 270-2]",
72A-cop,cop,Coptic,72A,Imperative-Hortative Systems,Neither type of system,Shisha-Halevy-1988[53-60],
72A-oss,oss,Ossetic,72A,Imperative-Hortative Systems,Maximal system,"Abaev-1964[50, 52-53, 60-61, 65-66]",
72A-snh,snh,Sinhala,72A,Imperative-Hortative Systems,Neither type of system,Gair-1998[202],
72A-tja,tja,Tiipay (Jamul),72A,Imperative-Hortative Systems,Neither type of system,Miller-2001[135-136],
72A-amr,amr,Arabic (Moroccan),72A,Imperative-Hortative Systems,Neither type of system,Caubet-1993[33-57],
72A-bir,bir,Birom,72A,Imperative-Hortative Systems,Both types of system,Bouquiaux-1970[300-301],
72A-evn,evn,Even,72A,Imperative-Hortative Systems,Maximal system,Malchukov-2001[161-169],
72A-cze,cze,Czech,72A,Imperative-Hortative Systems,Neither type of system,Short-1993a[484],
72A-dsh,dsh,Danish,72A,Imperative-Hortative Systems,Neither type of system,,
72A-kwa,kwa,Kwaio,72A,Imperative-Hortative Systems,Minimal system,Keesing-1985[187],
72A-shu,shu,Shuswap,72A,Imperative-Hortative Systems,Neither type of system,"Kuipers-1974[45, 47-48, 84-85]",
72A-so,so,So,72A,Imperative-Hortative Systems,Neither type of system,"Carlin-1993[35, 38, 131]",
72A-ctl,ctl,Catalan,72A,Imperative-Hortative Systems,Neither type of system,,
72A-por,por,Portuguese,72A,Imperative-Hortative Systems,Neither type of system,,
72A-chr,chr,Chrau,72A,Imperative-Hortative Systems,Neither type of system,Thomas-1971[182-183],
72A-est,est,Estonian,72A,Imperative-Hortative Systems,Maximal system,"Oinas-1966[125, 161-162, 196, 307-308]",
72A-mum,mum,Mumuye,72A,Imperative-Hortative Systems,Both types of system,Shimuzu-1983[118-120],
72A-brr,brr,Bororo,72A,Imperative-Hortative Systems,Neither type of system,"Crowell-1979[68, 73]",
72A-mam,mam,Mam,72A,Imperative-Hortative Systems,Neither type of system,"Dudley-and-Peck-1966[247, 259];England-1983[173, 175]",
72A-nca,nca,Nicobarese (Car),72A,Imperative-Hortative Systems,Maximal system,Braine-1970[150-151],
72A-nun,nun,Nung (in Vietnam),72A,Imperative-Hortative Systems,Neither type of system,"Saul-and-Wilson-1980[48-50, 119-120]",
72A-bsk,bsk,Bashkir,72A,Imperative-Hortative Systems,Maximal system,Poppe-1964[46-47],
72A-mna,mna,Muna,72A,Imperative-Hortative Systems,Neither type of system,"van-den-Berg-1989a[225, 229, 278, ]",
72A-ngl,ngl,Ngalakan,72A,Imperative-Hortative Systems,Neither type of system,"Merlan-1983[101-104, 106]",
72A-scr,scr,Serbian-Croatian,72A,Imperative-Hortative Systems,Neither type of system,Browne-1993[350-351],
72A-ava,ava,Avar,72A,Imperative-Hortative Systems,Neither type of system,"Charachidze-1981[99, 105-106, 108-109]",
72A-miy,miy,Miya,72A,Imperative-Hortative Systems,Neither type of system,"Schuh-1998[122, 139]",
72A-uzb,uzb,Uzbek,72A,Imperative-Hortative Systems,Maximal system,"Raun-1969[10, 80-81, 194]",
72A-mym,mym,Malayalam,72A,Imperative-Hortative Systems,Neither type of system,"George-1971[160-161, 175-176, 188-189]",
72A-klm,klm,Klamath,72A,Imperative-Hortative Systems,Maximal system,Stegnij-2001[81-88],
72A-nep,nep,Nepali,72A,Imperative-Hortative Systems,Maximal system,"Turnbull-1982[87, 89, 107]",
72A-tgr,tgr,Tigré,72A,Imperative-Hortative Systems,Neither type of system,"Raz-1983[55-56, 68-69]",
72A-mok,mok,Mokilese,72A,Imperative-Hortative Systems,Maximal system,"Harrison-1976[176-177, 183-184]",
72A-nor,nor,Norwegian,72A,Imperative-Hortative Systems,Neither type of system,,
72A-ret,ret,Retuarã,72A,Imperative-Hortative Systems,Maximal system,Strom-1992[135-139],
72A-ijo,ijo,Ijo (Kolokuma),72A,Imperative-Hortative Systems,Minimal system,Williamson-1965[75-76],
72A-luo,luo,Luo,72A,Imperative-Hortative Systems,Neither type of system,"Stafford-1967[22-24, 37-38]",
72A-pal,pal,Palauan,72A,Imperative-Hortative Systems,Maximal system,"Josephs-1975[110-111, 393-400]",
72A-win,win,Wintu,72A,Imperative-Hortative Systems,Maximal system,"Pitkin-1984[79-80, 114-115, 118-121, 187-188]",
72A-kon,kon,Kongo,72A,Imperative-Hortative Systems,Maximal system,Lumwamu-1973[209-210];Bentley-1887[652],
72A-lug,lug,Lugbara,72A,Imperative-Hortative Systems,Maximal system,Crazzolara-1960[87-92],
72A-wel,wel,Welsh,72A,Imperative-Hortative Systems,Neither type of system,"King-1993a[224, 228-230]",
72A-iaa,iaa,Iaai,72A,Imperative-Hortative Systems,Neither type of system,"Tryon-1968[47, 49, 55]",
72A-jaq,jaq,Jaqaru,72A,Imperative-Hortative Systems,Maximal system,Hardman-1966[62],
72A-mhi,mhi,Marathi,72A,Imperative-Hortative Systems,Maximal system,"Berntsen-1975[74-75, 80-82]",
72A-pip,pip,Pipil,72A,Imperative-Hortative Systems,Neither type of system,Campbell-1985[84],
72A-tzu,tzu,Tzutujil,72A,Imperative-Hortative Systems,Maximal system,"Dayley-1985[80-83, 320-324]",
72A-die,die,Diegueño (Mesa Grande),72A,Imperative-Hortative Systems,Neither type of system,Langdon-1970[181],
72A-ice,ice,Icelandic,72A,Imperative-Hortative Systems,Neither type of system,"Petursson-1978[124-125, 138]",
72A-lak,lak,Lak,72A,Imperative-Hortative Systems,Maximal system,Zhirkov-1955[117-121],
72A-eka,eka,Ekari,72A,Imperative-Hortative Systems,Neither type of system,"Drabbe-1952[42-45, 51, 55, 73]",
72A-ham,ham,Hamtai,72A,Imperative-Hortative Systems,Maximal system,Oates-and-Oates-1968[47-50],
72A-mrg,mrg,Margi,72A,Imperative-Hortative Systems,Maximal system,"Hoffmann-1975[171-173, 200-209]",
72A-nan,nan,Nandi,72A,Imperative-Hortative Systems,Maximal system,Creider-and-Creider-1989[108],
72A-mac,mac,Macushi,72A,Imperative-Hortative Systems,Neither type of system,Abbott-1991[49-57],
72A-mrd,mrd,Marind,72A,Imperative-Hortative Systems,Neither type of system,Drabbe-1955[130-132],
72A-mab,mab,Maba,72A,Imperative-Hortative Systems,Neither type of system,"Trenga-1947[85, 91-93, 107]",
72A-swe,swe,Swedish,72A,Imperative-Hortative Systems,Neither type of system,,
72A-wlf,wlf,Wolof,72A,Imperative-Hortative Systems,Maximal system,Sauvageot-1965[111-122];Church-1981[162-183],
72A-chv,chv,Chuvash,72A,Imperative-Hortative Systems,Neither type of system,Krueger-1961[159-160];Andreev-1992[67],
72A-dut,dut,Dutch,72A,Imperative-Hortative Systems,Neither type of system,,
72A-pur,pur,Purépecha,72A,Imperative-Hortative Systems,Neither type of system,Foster-1969[56-58],
72A-haw,haw,Hawaiian,72A,Imperative-Hortative Systems,Maximal system,Elbert-and-Pukui-1979[61],
72A-ita,ita,Italian,72A,Imperative-Hortative Systems,Neither type of system,,
72A-lit,lit,Lithuanian,72A,Imperative-Hortative Systems,Neither type of system,"Dambriunas-et-al-1966[63, 131, 271]",
72A-rom,rom,Romanian,72A,Imperative-Hortative Systems,Maximal system,"Mallinson-1986[23-28, 286-287, 289]",
72A-bul,bul,Bulgarian,72A,Imperative-Hortative Systems,Maximal system,"Beaulieux-and-Mladenov-1933[193, 329]",
72A-pso,pso,Pomo (Southeastern),72A,Imperative-Hortative Systems,Neither type of system,"Moshinsky-1974[66-67, 115, 120]",
72A-zun,zun,Zuni,72A,Imperative-Hortative Systems,Maximal system,"Newman-1965[37-39, 73-74]",
72A-snt,snt,Sentani,72A,Imperative-Hortative Systems,Maximal system,"Cowan-1965[21-22, 41]",
72A-krb,krb,Kiribati,72A,Imperative-Hortative Systems,Neither type of system,Groves-et-al-1985[73-80],
72A-ypk,ypk,Yup'ik (Central),72A,Imperative-Hortative Systems,Maximal system,"Reed-et-al-1977[86-88, 211-215, 220-226]",
72A-fur,fur,Fur,72A,Imperative-Hortative Systems,Neither type of system,Jakobi-1990[101],
72A-pol,pol,Polish,72A,Imperative-Hortative Systems,Neither type of system,,
72A-ker,ker,Kera,72A,Imperative-Hortative Systems,Both types of system,"Ebert-1979[62, 88-92]",
72A-lad,lad,Ladakhi,72A,Imperative-Hortative Systems,Neither type of system,"Koshal-1979[225-226, 229-231, 234-236]",
72A-lep,lep,Lepcha,72A,Imperative-Hortative Systems,Maximal system,Mainwaring-1876[46-48],
72A-alb,alb,Albanian,72A,Imperative-Hortative Systems,Maximal system,"Newmark-et-al-1982[56-57, 81, 318]",
72A-bam,bam,Bambara,72A,Imperative-Hortative Systems,Both types of system,Brauner-1974[79-80],
72A-kyl,kyl,Kayah Li (Eastern),72A,Imperative-Hortative Systems,Maximal system,"Solnit-1997[106, 233-234]",
72A-nti,nti,Ngiti,72A,Imperative-Hortative Systems,Maximal system,"Kutsch-Lojenga-1994[256, 264-266]",
72A-car,car,Carib,72A,Imperative-Hortative Systems,Neither type of system,"Hoff-1968[186, 188, 193]",
72A-mak,mak,Makah,72A,Imperative-Hortative Systems,Neither type of system,,
72A-sue,sue,Suena,72A,Imperative-Hortative Systems,Neither type of system,"Wilson-1974[39, 71, 106-108]",
72A-mku,mku,Maranungku,72A,Imperative-Hortative Systems,Neither type of system,"Tryon-1970b[47, 54, 56-57]",
72A-mrl,mrl,Murle,72A,Imperative-Hortative Systems,Neither type of system,"Arensen-1982[60, 70-71, 74, 111-112]",
72A-psm,psm,Passamaquoddy-Maliseet,72A,Imperative-Hortative Systems,Maximal system,Leavitt-1996[41-43],
72A-pit,pit,Pitjantjatjara,72A,Imperative-Hortative Systems,Neither type of system,Eckert-and-Hudson-1988[211-214],
72A-amh,amh,Amharic,72A,Imperative-Hortative Systems,Neither type of system,Bentolila-and-Shimelis-1998[173],
72A-ana,ana,Araona,72A,Imperative-Hortative Systems,Neither type of system,"Pitman-1980[25-26, 30, 36-37]",
72A-dio,dio,Diola-Fogny,72A,Imperative-Hortative Systems,Maximal system,Sapir-1965[43],
72A-arm,arm,Armenian (Eastern),72A,Imperative-Hortative Systems,Neither type of system,Kozintseva-2001[246-249],
72A-aym,aym,Aymara (Central),72A,Imperative-Hortative Systems,Maximal system,"Hardman-de-Bautista-1974[139-140, 226-227]",
72A-baw,baw,Bawm,72A,Imperative-Hortative Systems,Minimal system,Reichle-1981[75-78],
72A-nbd,nbd,Nubian (Dongolese),72A,Imperative-Hortative Systems,Neither type of system,"Armbruster-1960[194, 369-370]",
72A-hai,hai,Haida,72A,Imperative-Hortative Systems,Neither type of system,"Swanton-1911b[250-251];Levine-1977[137, 206-207]",
72A-kmu,kmu,Khmu',72A,Imperative-Hortative Systems,Neither type of system,"Premsrirat-1987[63, 100]",
72A-pai,pai,Paiwan,72A,Imperative-Hortative Systems,Neither type of system,"Egli-1990[116-118, 282-285]",
72A-dre,dre,Drehu,72A,Imperative-Hortative Systems,Neither type of system,Moyse-Faurie-1983,
72A-gar,gar,Garo,72A,Imperative-Hortative Systems,Neither type of system,"Burling-1961[27, 66]",
72A-pms,pms,Paamese,72A,Imperative-Hortative Systems,Neither type of system,Crowley-1982[130-137],
72A-mss,mss,Miwok (Southern Sierra),72A,Imperative-Hortative Systems,Maximal system,"Broadbent-1964[43-48, 57-61]",
72A-sml,sml,Semelai,72A,Imperative-Hortative Systems,Neither type of system,Kruspe-1999[531-535],
72A-yur,yur,Yurok,72A,Imperative-Hortative Systems,Neither type of system,"Robins-1958[44, 46, 73]",
72A-dag,dag,Daga,72A,Imperative-Hortative Systems,Maximal system,Murane-1974[56],
72A-otm,otm,Otomí (Mezquital),72A,Imperative-Hortative Systems,Neither type of system,Hekking-and-Andres-de-Jesus-1984[153-163],
72A-igb,igb,Igbo,72A,Imperative-Hortative Systems,Neither type of system,"Green-and-Igwe-1963[68-73, 85]",
72A-nez,nez,Nez Perce,72A,Imperative-Hortative Systems,Maximal system,"Aoki-1973[113, 117-118, 127, 140]",
72A-brh,brh,Brahui,72A,Imperative-Hortative Systems,Neither type of system,Andronov-1980[64-65];Bray-1909[186-187],
72A-cah,cah,Cahuilla,72A,Imperative-Hortative Systems,Neither type of system,"Sauvel-and-Munro-1981[84-85, 89-94]",
72A-cle,cle,Chinantec (Lealao),72A,Imperative-Hortative Systems,Minimal system,Rupp-1989[91-94],
72A-knm,knm,Kunama,72A,Imperative-Hortative Systems,Maximal system,Bender-1996[35],
72A-nav,nav,Navajo,72A,Imperative-Hortative Systems,Neither type of system,Young-and-Morgan-1987[204-205],
72A-zqc,zqc,Zoque (Copainalá),72A,Imperative-Hortative Systems,Neither type of system,Harrison-et-al-1981[445-446],
72A-bkr,bkr,Batak (Karo),72A,Imperative-Hortative Systems,Maximal system,Woollams-1996[234-240],
72A-cmn,cmn,Comanche,72A,Imperative-Hortative Systems,Neither type of system,Robinson-and-Armagost-1990[261-263],
72A-iri,iri,Irish,72A,Imperative-Hortative Systems,Maximal system,"Doyle-2001[47-48, 99]",
72A-nko,nko,Nkore-Kiga,72A,Imperative-Hortative Systems,Both types of system,"Taylor-1985[12, 163-164]",
72A-squ,squ,Squamish,72A,Imperative-Hortative Systems,Neither type of system,"Kuipers-1967[163, 212]",
72A-dni,dni,Dani (Lower Grand Valley),72A,Imperative-Hortative Systems,Maximal system,Bromley-1981[49],
72A-nen,nen,Nenets,72A,Imperative-Hortative Systems,Maximal system,"Salminen-1998[530, 534-535, 544]",
72A-urk,urk,Urubú-Kaapor,72A,Imperative-Hortative Systems,Neither type of system,Kakumasu-1986[356-357],
72A-coo,coo,Coos (Hanis),72A,Imperative-Hortative Systems,Minimal system,"Frachtenberg-1922a[347-349, 393, 414]",
72A-cre,cre,Cree (Plains),72A,Imperative-Hortative Systems,Neither type of system,"Wolfart-1973[41, 43, 46, 58]",
72A-nht,nht,Nahuatl (Tetelcingo),72A,Imperative-Hortative Systems,Maximal system,"Pittman-1954[24-25, 37-38]",
72A-yim,yim,Yimas,72A,Imperative-Hortative Systems,Maximal system,Foley-1991[268-276],
72A-ika,ika,Ika,72A,Imperative-Hortative Systems,Neither type of system,Frank-1990[87-89],
72A-kse,kse,Koyraboro Senni,72A,Imperative-Hortative Systems,Both types of system,"Prost-1956[88, 90-92];Heath-1999a[212-213, 332-333]",
72A-yid,yid,Yidiny,72A,Imperative-Hortative Systems,Maximal system,"Dixon-1977a[213, 290-291, 370-371, 373-374]",
72A-krk,krk,Karok,72A,Imperative-Hortative Systems,Maximal system,"Bright-1957[60-61, 65]",
72A-brs,brs,Barasano,72A,Imperative-Hortative Systems,Maximal system,Jones-and-Jones-1991[76-82],
72A-aco,aco,Acoma,72A,Imperative-Hortative Systems,Neither type of system,Miller-1965[123],
72A-pau,pau,Paumarí,72A,Imperative-Hortative Systems,Neither type of system,"Chapman-and-Derbyshire-1991[217-220, 285-286]",
72A-arp,arp,Arapesh (Mountain),72A,Imperative-Hortative Systems,Neither type of system,Conrad-and-Wogiga-1991[95-96],
72A-ond,ond,Oneida,72A,Imperative-Hortative Systems,Maximal system,,
72A-asm,asm,Asmat,72A,Imperative-Hortative Systems,Neither type of system,Voorhoeve-1965[76-83],
72A-ewe,ewe,Ewe,72A,Imperative-Hortative Systems,Neither type of system,Agbodjo-and-Litvinov-2001[394-397],
72A-grb,grb,Grebo,72A,Imperative-Hortative Systems,Minimal system,"Innes-1966[61, 110]",
72A-hmo,hmo,Hmong Njua,72A,Imperative-Hortative Systems,Neither type of system,"Harriehausen-1990[182, 218]",
72A-kio,kio,Kiowa,72A,Imperative-Hortative Systems,Neither type of system,"Watkins-1984[167-169, 183, 222]",
72A-juh,juh,Ju|'hoan,72A,Imperative-Hortative Systems,Maximal system,Dickens-nd[24-25];Snyman-1970[140-142],
72A-klv,klv,Kilivila,72A,Imperative-Hortative Systems,Maximal system,Senft-1986[115-116],
72A-nug,nug,Nunggubuyu,72A,Imperative-Hortative Systems,Maximal system,Heath-1984[343-344],
72A-irq,irq,Iraqw,72A,Imperative-Hortative Systems,Maximal system,"Mous-1992[162-165, 272-273]",
72A-kew,kew,Kewa,72A,Imperative-Hortative Systems,Neither type of system,"Franklin-1971[31, 53];Franklin-and-Franklin-1978[54]",
72A-snm,snm,Sanuma,72A,Imperative-Hortative Systems,Neither type of system,Borgman-1990[73-81],
72A-shk,shk,Shipibo-Konibo,72A,Imperative-Hortative Systems,Neither type of system,"Faust-1973[6, 10, 19, 119-120]",
72A-epe,epe,Epena Pedee,72A,Imperative-Hortative Systems,Neither type of system,"Harms-1994[115-117, 130]",
72A-ket,ket,Ket,72A,Imperative-Hortative Systems,Neither type of system,"Werner-1997a[226, 287-288, 318]",
72A-koa,koa,Koasati,72A,Imperative-Hortative Systems,Maximal system,"Kimball-1991[262-263, 269]",
72A-luv,luv,Luvale,72A,Imperative-Hortative Systems,Maximal system,"Horton-1949[114-115, 128-130]",
72A-san,san,Sango,72A,Imperative-Hortative Systems,Both types of system,Didi-Kidiri-1995[147-148],
72A-bag,bag,Bagirmi,72A,Imperative-Hortative Systems,Neither type of system,"Stevenson-1969[79, 85, 125]",
72A-hzb,hzb,Hunzib,72A,Imperative-Hortative Systems,Maximal system,van-den-Berg-1995[87-88],
72A-ing,ing,Ingush,72A,Imperative-Hortative Systems,Maximal system,Nichols-1994b[106],
72A-kfe,kfe,Koromfe,72A,Imperative-Hortative Systems,Both types of system,"Rennison-1997[36-40, p.c.]",
72A-qim,qim,Quechua (Imbabura),72A,Imperative-Hortative Systems,Neither type of system,Cole-1982[30-32],
72A-ram,ram,Rama,72A,Imperative-Hortative Systems,Minimal system,Grinevald-nd[175-179],
72A-wch,wch,Wichí,72A,Imperative-Hortative Systems,Neither type of system,"Vinas-Urquiza-1974[73, 150-2]",
72A-niv,niv,Nivkh,72A,Imperative-Hortative Systems,Maximal system,Gruzdeva-2001[64-66],
72A-apu,apu,Apurinã,72A,Imperative-Hortative Systems,Neither type of system,Facundes-2000[545-546],
72A-bma,bma,Berber (Middle Atlas),72A,Imperative-Hortative Systems,Neither type of system,,
72A-imo,imo,Imonda,72A,Imperative-Hortative Systems,Neither type of system,"Seiler-1985[91, 97-8]",
72A-awp,awp,Awa Pit,72A,Imperative-Hortative Systems,Neither type of system,Curnow-1997[244-249],
72A-kob,kob,Kobon,72A,Imperative-Hortative Systems,Maximal system,"Davies-1981b[23-24, 151]",
72A-lat,lat,Latvian,72A,Imperative-Hortative Systems,Neither type of system,"Holst-2001[137, 178]",
72A-mar,mar,Maricopa,72A,Imperative-Hortative Systems,Neither type of system,"Gordon-1986[18, 22, 184]",
72A-ala,ala,Alamblak,72A,Imperative-Hortative Systems,Maximal system,Bruce-1984[137-139],
72A-goo,goo,Gooniyandi,72A,Imperative-Hortative Systems,Maximal system,"McGregor-1990[522, 530-531]",
72A-kut,kut,Kutenai,72A,Imperative-Hortative Systems,Neither type of system,"Canestrelli-and-Boas-1927[6-7, 64-66]",
72A-mxc,mxc,Mixtec (Chalcatongo),72A,Imperative-Hortative Systems,Neither type of system,Macaulay-1996[134-138],
72A-lav,lav,Lavukaleve,72A,Imperative-Hortative Systems,Neither type of system,"Terrill-1999[308, 310-313, 420-421]",
72A-rap,rap,Rapanui,72A,Imperative-Hortative Systems,Maximal system,"Du-Feu-1996[36-37, 40]",
72A-ain,ain,Ainu,72A,Imperative-Hortative Systems,Neither type of system,"Tamura-2000[241-248];Refsing-1986[138-139, 202]",
72A-jak,jak,Jakaltek,72A,Imperative-Hortative Systems,Maximal system,Day-1973[38],
72A-lkt,lkt,Lakhota,72A,Imperative-Hortative Systems,Neither type of system,Boas-and-Deloria-1941[111-112],
72A-mrt,mrt,Martuthunira,72A,Imperative-Hortative Systems,Neither type of system,"Dench-1995[132, 139, 149, 186]",
72A-prh,prh,Pirahã,72A,Imperative-Hortative Systems,Maximal system,"Everett-1986[247-250, 295]",
72A-gua,gua,Guaraní,72A,Imperative-Hortative Systems,Maximal system,"Krivoshein-de-Canese-1983[86];Guasch-1976[128, 131]",
72A-kho,kho,Khoekhoe,72A,Imperative-Hortative Systems,Maximal system,"Hagman-1973[83, 272-273]",
72A-mei,mei,Meithei,72A,Imperative-Hortative Systems,Maximal system,Chelliah-1997[134-137];Bhat-and-Ningomba-1997[332-333],
72A-ngi,ngi,Ngiyambaa,72A,Imperative-Hortative Systems,Maximal system,"Donaldson-1980[158, 161-162]",
72A-brm,brm,Burmese,72A,Imperative-Hortative Systems,Neither type of system,"Okell-1969[119, 173, 403-408, 442, 458, 479-480]",
72A-kro,kro,Krongo,72A,Imperative-Hortative Systems,Maximal system,Reh-1985[195-198],
72A-myi,myi,Mangarrayi,72A,Imperative-Hortative Systems,Neither type of system,"Merlan-1982[141-143, 157]",
72A-tiw,tiw,Tiwi,72A,Imperative-Hortative Systems,Neither type of system,"Osborne-1974[38-39, 43]",
72A-knr,knr,Kanuri,72A,Imperative-Hortative Systems,Neither type of system,Hutchison-1976[53];Cyffer-1998[40-41],
72A-kay,kay,Kayardild,72A,Imperative-Hortative Systems,Neither type of system,"Evans-1995[256-257, 263-265, 438-439, 509-511]",
72A-map,map,Mapudungun,72A,Imperative-Hortative Systems,Neither type of system,Smeets-1989[233-236],
72A-yko,yko,Yukaghir (Kolyma),72A,Imperative-Hortative Systems,Maximal system,"Maslova-1999[172, 568]",
72A-may,may,Maybrat,72A,Imperative-Hortative Systems,Neither type of system,"Dol-1999[207, p.c.]",
72A-tuk,tuk,Tukang Besi,72A,Imperative-Hortative Systems,Neither type of system,"Donohue-1999a[453-454, 456, 458]",
72A-bur,bur,Burushaski,72A,Imperative-Hortative Systems,Neither type of system,"Lorimer-1935[246, 289, 315, 324-324]",
72A-cha,cha,Chamorro,72A,Imperative-Hortative Systems,Neither type of system,Topping-1973[264],
72A-chk,chk,Chukchi,72A,Imperative-Hortative Systems,Maximal system,"Nedjalkov-1994a[322-326, 353];Dunn-1999[188, p.c.]",
72A-fij,fij,Fijian,72A,Imperative-Hortative Systems,Both types of system,Dixon-1988[293],
72A-heb,heb,Hebrew (Modern),72A,Imperative-Hortative Systems,Maximal system,Malygina-2001[269-274],
72A-lan,lan,Lango,72A,Imperative-Hortative Systems,Neither type of system,"Noonan-1992[93, 143, p.c.]",
72A-orh,orh,Oromo (Harar),72A,Imperative-Hortative Systems,Neither type of system,"Owens-1985[67, 79, p.c.]",
72A-tha,tha,Thai,72A,Imperative-Hortative Systems,Neither type of system,"Noss-1964[40, 143, 207, 210-211]",
72A-yaq,yaq,Yaqui,72A,Imperative-Hortative Systems,Neither type of system,Dedrick-and-Casad-1999[97-99],
72A-zul,zul,Zulu,72A,Imperative-Hortative Systems,Maximal system,"Canonici-1995[71-72, 81];Doke-1927[164-166]",
72A-sla,sla,Slave,72A,Imperative-Hortative Systems,Maximal system,Rice-1989[548-560],
72A-aeg,aeg,Arabic (Egyptian),72A,Imperative-Hortative Systems,Neither type of system,"Gary-and-Gamal-Eldin-1982[15, 97]",
72A-grw,grw,Greenlandic (West),72A,Imperative-Hortative Systems,Neither type of system,"Fortescue-1984[24-27, 291-292]",
72A-hix,hix,Hixkaryana,72A,Imperative-Hortative Systems,Maximal system,Derbyshire-1979[16],
72A-swa,swa,Swahili,72A,Imperative-Hortative Systems,Maximal system,"Wilson-1970[8-13, 118-119];Ashton-1947[25-26, 118]",
72A-vie,vie,Vietnamese,72A,Imperative-Hortative Systems,Neither type of system,Thompson-1965[220-221];Nguyen-1974b[242],
72A-hin,hin,Hindi,72A,Imperative-Hortative Systems,Neither type of system,"McGregor-1992a[39-41, 130-132];Kachru-1980[119]",
72A-ckr,ckr,Canela-Krahô,72A,Imperative-Hortative Systems,Neither type of system,Popjes-and-Popjes-1986[158-163],
72A-tag,tag,Tagalog,72A,Imperative-Hortative Systems,Neither type of system,Schachter-and-Otanes-1983[402-408],
72A-geo,geo,Georgian,72A,Imperative-Hortative Systems,Neither type of system,Hewitt-1995[571-572],
72A-knd,knd,Kannada,72A,Imperative-Hortative Systems,Maximal system,"Sridhar-1990[31-34, 36-37, 238, 242]",
72A-kha,kha,Khalkha,72A,Imperative-Hortative Systems,Maximal system,Poppe-1970[128-129],
72A-mal,mal,Malagasy,72A,Imperative-Hortative Systems,Maximal system,"Manaster-Ramer-1995[205-206];Dez-1980b[51-54, 64]",
72A-sup,sup,Supyire,72A,Imperative-Hortative Systems,Minimal system,"Carlson-1994[520-522, 525]",
72A-hau,hau,Hausa,72A,Imperative-Hortative Systems,Both types of system,"Cowan-and-Schuh-1976[122, 147-148]",
72A-mao,mao,Maori,72A,Imperative-Hortative Systems,Maximal system,"Bauer-1993[30-33, 464-465]",
72A-bsq,bsq,Basque,72A,Imperative-Hortative Systems,Neither type of system,King-1993b[362-381],
72A-abk,abk,Abkhaz,72A,Imperative-Hortative Systems,Neither type of system,"Hewitt-1979[176, 189, 198]",
72A-eve,eve,Evenki,72A,Imperative-Hortative Systems,Maximal system,"Nedjalkov-1997[18, 262, 266]",
72A-kor,kor,Korean,72A,Imperative-Hortative Systems,Neither type of system,"Sohn-1994[40, 42, 45, 344, p.c.]",
72A-prs,prs,Persian,72A,Imperative-Hortative Systems,Minimal system,"Mahootian-1997[27, 247-251]",
72A-ame,ame,Amele,72A,Imperative-Hortative Systems,Maximal system,"Roberts-1987[39, 267, p.c.]",
72A-ger,ger,German,72A,Imperative-Hortative Systems,Neither type of system,,
72A-grk,grk,Greek (Modern),72A,Imperative-Hortative Systems,Maximal system,"Joseph-and-Philippaki-Warburton-1987[15-17, 180-183]",
72A-lez,lez,Lezgian,72A,Imperative-Hortative Systems,Neither type of system,"Haspelmath-1993[128-129, 150-151]",
72A-jpn,jpn,Japanese,72A,Imperative-Hortative Systems,Neither type of system,Alpatov-2001[107-114],
72A-mnd,mnd,Mandarin,72A,Imperative-Hortative Systems,Neither type of system,"Li-and-Thompson-1981[451-452, 455-462]",
72A-hun,hun,Hungarian,72A,Imperative-Hortative Systems,Maximal system,Kenesei-et-al-1998[311],
72A-ind,ind,Indonesian,72A,Imperative-Hortative Systems,Neither type of system,"Sneddon-1996b[324, 332-4]",
72A-fin,fin,Finnish,72A,Imperative-Hortative Systems,Maximal system,"Karlsson-2000[180, 183]",
72A-rus,rus,Russian,72A,Imperative-Hortative Systems,Neither type of system,,
72A-spa,spa,Spanish,72A,Imperative-Hortative Systems,Neither type of system,,
72A-tur,tur,Turkish,72A,Imperative-Hortative Systems,Maximal system,"Kornfilt-1997[40-44, 371-372]",
72A-fre,fre,French,72A,Imperative-Hortative Systems,Neither type of system,,
72A-eng,eng,English,72A,Imperative-Hortative Systems,Neither type of system,,
72A-hlu,hlu,Halkomelem (Upriver),72A,Imperative-Hortative Systems,Neither type of system,Galloway-1993[308-309],
72A-tms,tms,Tommo So,72A,Imperative-Hortative Systems,Neither type of system,Plungian-1995[27],
72A-acu,acu,Achuar,72A,Imperative-Hortative Systems,Maximal system,"Fast-and-Fast-1981[18, 75, 87]",
