ID,Language_ID,Language_name,Parameter_ID,Parameter_name,Value,Source,Comment
102A-klk,klk,Koh (Lakka),102A,Verbal Person Marking,No person marking,Glidden-1985[231-33],
102A-bro,bro,Broken,102A,Verbal Person Marking,No person marking,Shnukal-1988[41-52],
102A-kna,kna,Karitiâna,102A,Verbal Person Marking,Only the P argument,Storto-1999[157],
102A-zsq,zsq,Zapotec (San Lucas Quiaviní),102A,Verbal Person Marking,Both the A and P arguments,"Munro-and-Lopez-1999[15, 19]",
102A-jur,jur,Jurchen,102A,Verbal Person Marking,Only the A argument,Hang-et-al-1989[59-60],
102A-mcr,mcr,Mauritian Creole,102A,Verbal Person Marking,No person marking,Baker-1972[98-102],
102A-cri,cri,Crimean Tatar,102A,Verbal Person Marking,Only the A argument,Jankowski-1992[196-220],
102A-hmu,hmu,Huitoto (Muinane),102A,Verbal Person Marking,Only the A argument,"Minor-et-al-1982[56, 19]",
102A-kjo,kjo,Konjo,102A,Verbal Person Marking,Both the A and P arguments,Friberg-1996[141],
102A-kuk,kuk,Kukú,102A,Verbal Person Marking,No person marking,Cohen-2000[54-94],
102A-lrk,lrk,Larike,102A,Verbal Person Marking,Both the A and P arguments,Laidig-1993[321],
102A-srm,srm,Saramaccan,102A,Verbal Person Marking,No person marking,Byrne-1987[44],
102A-tap,tap,Taiap,102A,Verbal Person Marking,Both the A and P arguments,"Kulick-and-Stroud-1992[9-10, 13]",
102A-kwz,kwz,Kwaza,102A,Verbal Person Marking,Both the A and P arguments,van-der-Voort-2000[161],
102A-psj,psj,Popoloca (San Juan Atzingo),102A,Verbal Person Marking,Both the A and P arguments,Kalstrom-Dolson-et-al-1995[370],
102A-uma,uma,Uma,102A,Verbal Person Marking,Both the A and P arguments,Martens-1988b[169-72],
102A-cap,cap,Capanahua,102A,Verbal Person Marking,Only the A argument,"Lous-1969[42, 98]",
102A-xok,xok,Xokleng,102A,Verbal Person Marking,No person marking,Urban-1985[167],
102A-cmx,cmx,Comox,102A,Verbal Person Marking,Both the A and P arguments,Harris-1981b[58],
102A-adz,adz,Adzera,102A,Verbal Person Marking,No person marking,Holzknecht-1986[95],
102A-cav,cav,Cavineña,102A,Verbal Person Marking,Only the P argument,Camp-1985[40],
102A-nad,nad,Nadëb,102A,Verbal Person Marking,Only the A argument,"Martins-and-Martins-1999[260, 263]",
102A-yaw,yaw,Yawa,102A,Verbal Person Marking,Only the P argument,Jones-1986a[40],
102A-can,can,Candoshi,102A,Verbal Person Marking,Both the A and P arguments,Anderson-and-Wise-1963[130-131],
102A-cku,cku,Chinook (Upper),102A,Verbal Person Marking,Both the A and P arguments,Boas-1911b[581];Silverstein-1976,
102A-saw,saw,Sawu,102A,Verbal Person Marking,No person marking,Walker-1982[23],
102A-mlm,mlm,Mlabri (Minor),102A,Verbal Person Marking,No person marking,Rischel-1995[99],
102A-ura,ura,Ura,102A,Verbal Person Marking,Both the A and P arguments,Crowley-1999[174],
102A-ktl,ktl,Katla,102A,Verbal Person Marking,Both the A and P arguments,Tucker-and-Bryan-1956[266-267],
102A-tso,tso,Tsou,102A,Verbal Person Marking,Only the A argument,Szakos-1994[130],
102A-moa,moa,Mono-Alu,102A,Verbal Person Marking,Both the A and P arguments,Fagan-1986[79],
102A-hmr,hmr,Hamer,102A,Verbal Person Marking,No person marking,Lydall-1976[416],
102A-atk,atk,Atakapa,102A,Verbal Person Marking,Both the A and P arguments,Swanton-1929[125],
102A-cpn,cpn,Chepang,102A,Verbal Person Marking,A or P argument,Caughley-1982[53],
102A-tir,tir,Tiriyo,102A,Verbal Person Marking,A or P argument,Meira-1999[243],
102A-ane,ane,Anêm,102A,Verbal Person Marking,Both the A and P arguments,Thurston-1982[41-2],
102A-abn,abn,Arabana,102A,Verbal Person Marking,No person marking,"Hercus-1994[130, 264]",
102A-bnj,bnj,Bandjalang,102A,Verbal Person Marking,No person marking,Crowley-1978[82-104],
102A-dga,dga,Dagaare,102A,Verbal Person Marking,No person marking,Bodomo-1997[92],
102A-kpm,kpm,Kapampangan,102A,Verbal Person Marking,Both the A and P arguments,Mithun-1994[63],
102A-nyu,nyu,Nyulnyul,102A,Verbal Person Marking,Both the A and P arguments,"McGregor-1996[40, 47]",
102A-fua,fua,Fula (Cameroonian),102A,Verbal Person Marking,Both the A and P arguments,Arnott-1970[212],
102A-iqu,iqu,Iquito,102A,Verbal Person Marking,A or P argument,Eastman-and-Eastman-1963[186],
102A-msn,msn,Maisin,102A,Verbal Person Marking,Both the A and P arguments,Ross-1984[57],
102A-pny,pny,Panyjima,102A,Verbal Person Marking,Only the P argument,Dench-1991[159],
102A-amu,amu,Yanesha',102A,Verbal Person Marking,Both the A and P arguments,Wise-1986[570],
102A-bln,bln,Bilin,102A,Verbal Person Marking,Both the A and P arguments,Hetzron-1976[23],
102A-ngk,ngk,Ngankikurungkurr,102A,Verbal Person Marking,Both the A and P arguments,Hoddinott-and-Kofod-1988[88-95],
102A-cba,cba,Chumash (Barbareño),102A,Verbal Person Marking,Both the A and P arguments,Wash-2001[42-3],
102A-god,god,Godoberi,102A,Verbal Person Marking,No person marking,Kibrik-1996[45-46],
102A-sem,sem,Sema,102A,Verbal Person Marking,Only the P argument,"Sreedhar-1980[109, 130]",
102A-au,au,Au,102A,Verbal Person Marking,Both the A and P arguments,Scorza-1985[223],
102A-nup,nup,Nupe,102A,Verbal Person Marking,No person marking,Smith-1967a[22],
102A-pec,pec,Pech,102A,Verbal Person Marking,Both the A and P arguments,"Holt-1999b[49, 41]",
102A-tmr,tmr,Temiar,102A,Verbal Person Marking,Only the A argument,Benjamin-1976[158],
102A-tot,tot,Totonac (Misantla),102A,Verbal Person Marking,Both the A and P arguments,MacKay-1991[192],
102A-wik,wik,Wikchamni,102A,Verbal Person Marking,No person marking,Gamble-1978[47],
102A-kom,kom,Komo,102A,Verbal Person Marking,Both the A and P arguments,Tucker-and-Bryan-1956[360],
102A-ndo,ndo,Ndonga,102A,Verbal Person Marking,Both the A and P arguments,Fivaz-1986[142],
102A-par,par,Päri,102A,Verbal Person Marking,Both the A and P arguments,Andersen-1988[297],
102A-yes,yes,Yessan-Mayo,102A,Verbal Person Marking,No person marking,"Foreman-1974[34, 41]",
102A-baa,baa,Barai,102A,Verbal Person Marking,Both the A and P arguments,Olson-1975[509-10],
102A-cor,cor,Cora,102A,Verbal Person Marking,Both the A and P arguments,Casad-1984[329],
102A-nak,nak,Nakanai,102A,Verbal Person Marking,Only the P argument,"Johnston-1980[27-28, 76]",
102A-plk,plk,Palikur,102A,Verbal Person Marking,Only the P argument,Green-and-Green-1972[6],
102A-tri,tri,Trique (Copala),102A,Verbal Person Marking,Only the A argument,Hollenbach-1992[349],
102A-anj,anj,Anejom,102A,Verbal Person Marking,Only the P argument,Lynch-1982a[117],
102A-brn,brn,Burunge,102A,Verbal Person Marking,Only the A argument,"Kiessling-1994[87, 124]",
102A-gmw,gmw,Gumawana,102A,Verbal Person Marking,Both the A and P arguments,Olson-1992[298],
102A-wbn,wbn,Wambon,102A,Verbal Person Marking,Only the A argument,de-Vries-1989[22],
102A-bya,bya,Byansi,102A,Verbal Person Marking,Only the A argument,Trivedi-1991[81-96],
102A-moh,moh,Mohawk,102A,Verbal Person Marking,Both the A and P arguments,Bonvillain-1973[117],
102A-acm,acm,Achumawi,102A,Verbal Person Marking,Both the A and P arguments,de-Angulo-and-Freeland-1931[91],
102A-diz,diz,Dizi,102A,Verbal Person Marking,Only the A argument,Allan-1976b[384],
102A-gud,gud,Gude,102A,Verbal Person Marking,No person marking,Hoskison-1983[83-93],
102A-rem,rem,Remo,102A,Verbal Person Marking,Only the A argument,Fernandez-1967[123],
102A-slp,slp,Selepet,102A,Verbal Person Marking,Both the A and P arguments,"McElhanon-1972[70, 38]",
102A-tol,tol,Tol,102A,Verbal Person Marking,Both the A and P arguments,"Holt-1999a[24, 28]",
102A-ani,ani,//Ani,102A,Verbal Person Marking,Only the P argument,Heine-1999a[27],
102A-msl,msl,Masalit,102A,Verbal Person Marking,Both the A and P arguments,"Edgar-1989[62, 73]",
102A-syu,syu,Salt-Yui,102A,Verbal Person Marking,Only the A argument,Irwin-1974[15],
102A-kws,kws,Kawaiisu,102A,Verbal Person Marking,Both the A and P arguments,Zigmond-et-al-1990-1991[87],
102A-mde,mde,Mende,102A,Verbal Person Marking,No person marking,Innes-1971[149-50],
102A-nbr,nbr,Ngäbere,102A,Verbal Person Marking,No person marking,Alphonse-1956[24-37],
102A-noo,noo,Noon,102A,Verbal Person Marking,Only the P argument,Soukka-2000[117],
102A-sal,sal,Salinan,102A,Verbal Person Marking,Both the A and P arguments,Turner-1987[129],
102A-cbo,cbo,Chácobo,102A,Verbal Person Marking,Both the A and P arguments,Prost-1962[117],
102A-taw,taw,Tawala,102A,Verbal Person Marking,Both the A and P arguments,"Ezard-1997[74, 95, 112]",
102A-ber,ber,Berta,102A,Verbal Person Marking,Both the A and P arguments,"Triulzi-et-al-1976a[522, 525]",
102A-miz,miz,Mizo,102A,Verbal Person Marking,Both the A and P arguments,Murthy-and-Subbarao-2000[785],
102A-wrk,wrk,Warekena,102A,Verbal Person Marking,Both the A and P arguments,Aikhenvald-1998[357],
102A-ata,ata,Atayal,102A,Verbal Person Marking,Only the A argument,"Rau-1992[35, 125-6]",
102A-bar,bar,Bari,102A,Verbal Person Marking,No person marking,Spagnolo-1933[98-189],
102A-err,err,Erromangan,102A,Verbal Person Marking,Both the A and P arguments,"Crowley-1998a[77, 94, 120]",
102A-hua,hua,Hua,102A,Verbal Person Marking,Both the A and P arguments,Haiman-1980[363],
102A-mby,mby,Mbay,102A,Verbal Person Marking,Both the A and P arguments,Keegan-1997[24-25],
102A-was,was,Washo,102A,Verbal Person Marking,Both the A and P arguments,Jacobsen-1964[448-64],
102A-yuk,yuk,Yukulta,102A,Verbal Person Marking,Both the A and P arguments,Keen-1983[218-19],
102A-kkv,kkv,Lusi,102A,Verbal Person Marking,Both the A and P arguments,Counts-1969[69],
102A-sah,sah,Sahu,102A,Verbal Person Marking,Both the A and P arguments,Visser-and-Voorhoeve-1987[27],
102A-wsk,wsk,Waskia,102A,Verbal Person Marking,Only the A argument,Ross-and-Paol-1978[67-8],
102A-kgu,kgu,Kalkatungu,102A,Verbal Person Marking,A or P argument,"Blake-1969[39, 62]",
102A-tpn,tpn,Tepehuan (Northern),102A,Verbal Person Marking,Both the A and P arguments,Bascom-1982[274],
102A-udh,udh,Udihe,102A,Verbal Person Marking,Only the A argument,"Nikolaeva-and-Tolskaya-2001[212, 477]",
102A-zan,zan,Zande,102A,Verbal Person Marking,Both the A and P arguments,Tucker-and-Bryan-1956[147],
102A-cop,cop,Coptic,102A,Verbal Person Marking,Only the A argument,Layton-2000[65-68],
102A-dum,dum,Dumo,102A,Verbal Person Marking,Only the A argument,Ross-1980[93-95],
102A-kos,kos,Kosraean,102A,Verbal Person Marking,Both the A and P arguments,"Lee-1975[100, 103]",
102A-nuu,nuu,Nuuchahnulth,102A,Verbal Person Marking,Only the A argument,Nahayama-1997[30],
102A-oss,oss,Ossetic,102A,Verbal Person Marking,Both the A and P arguments,Abaev-1964[23],
102A-trb,trb,Teribe,102A,Verbal Person Marking,Only the A argument,Quesada-2000[83-84],
102A-tja,tja,Tiipay (Jamul),102A,Verbal Person Marking,Both the A and P arguments,Miller-2001[140],
102A-tla,tla,Tolai,102A,Verbal Person Marking,Only the A argument,Mosel-1984[93],
102A-yel,yel,Yelî Dnye,102A,Verbal Person Marking,Both the A and P arguments,Henderson-1995[14],
102A-ara,ara,Arawak,102A,Verbal Person Marking,Both the A and P arguments,Pet-1987[24],
102A-tkl,tkl,Takelma,102A,Verbal Person Marking,Both the A and P arguments,Sapir-1922b[170],
102A-uhi,uhi,Uradhi,102A,Verbal Person Marking,No person marking,Crowley-1983[363-68],
102A-lel,lel,Lele,102A,Verbal Person Marking,Both the A and P arguments,"Frajzyngier-2001[100, 109]",
102A-so,so,So,102A,Verbal Person Marking,Only the A argument,"Carlin-1993[79, 83]",
102A-nmb,nmb,Nambikuára (Southern),102A,Verbal Person Marking,Both the A and P arguments,"Lowe-1999[274, 283]",
102A-nas,nas,Nasioi,102A,Verbal Person Marking,Both the A and P arguments,Hurd-and-Hurd-1970[41],
102A-siu,siu,Siuslaw,102A,Verbal Person Marking,Both the A and P arguments,"Frachtenberg-1922b[474, 480]",
102A-sun,sun,Sundanese,102A,Verbal Person Marking,No person marking,Hardjadibrata-1985[48-54],
102A-chr,chr,Chrau,102A,Verbal Person Marking,No person marking,Thomas-1971[67-73],
102A-guu,guu,Guugu Yimidhirr,102A,Verbal Person Marking,No person marking,"Haviland-1979[27, 78]",
102A-mis,mis,Miskito,102A,Verbal Person Marking,Only the A argument,Adam-1891[28-32],
102A-mum,mum,Mumuye,102A,Verbal Person Marking,No person marking,Shimizu-1983[121-23],
102A-wma,wma,West Makian,102A,Verbal Person Marking,Only the A argument,"Voorhoeve-1982[12-13, 12]",
102A-abu,abu,Abun,102A,Verbal Person Marking,No person marking,Berry-and-Berry-1999[48],
102A-bab,bab,Babungo,102A,Verbal Person Marking,No person marking,Schaub-1985[232],
102A-brr,brr,Bororo,102A,Verbal Person Marking,Both the A and P arguments,Crowell-1979[206],
102A-doy,doy,Doyayo,102A,Verbal Person Marking,Both the A and P arguments,"Wiering-1994[216, 74]",
102A-krd,krd,Kurdish (Central),102A,Verbal Person Marking,Both the A and P arguments,Fattah-1997[302],
102A-qaw,qaw,Qawasqar,102A,Verbal Person Marking,No person marking,Clairis-1985[455-6],
102A-tid,tid,Tidore,102A,Verbal Person Marking,Only the A argument,van-Staden-2000[79-89],
102A-cub,cub,Cubeo,102A,Verbal Person Marking,Only the A argument,"Morse-and-Maxwell-1999b[20, 39-40]",
102A-dgr,dgr,Dagur,102A,Verbal Person Marking,Only the A argument,Wu-1996[27],
102A-mlk,mlk,Malakmalak,102A,Verbal Person Marking,Both the A and P arguments,"Birk-1976[66, 31]",
102A-mna,mna,Muna,102A,Verbal Person Marking,Both the A and P arguments,"van-den-Berg-1989b[49, 53, 64]",
102A-mup,mup,Mupun,102A,Verbal Person Marking,Only the P argument,"Frajzyngier-1993[87, 177, 181]",
102A-ngl,ngl,Ngalakan,102A,Verbal Person Marking,Both the A and P arguments,Merlan-1983[84-88],
102A-tin,tin,Tinrin,102A,Verbal Person Marking,Only the A argument,Osumi-1995[40],
102A-lim,lim,Limbu,102A,Verbal Person Marking,Both the A and P arguments,van-Driem-1987[77],
102A-tna,tna,Turkana,102A,Verbal Person Marking,Both the A and P arguments,"Dimmendaal-1983a[120, 122]",
102A-awt,awt,Awtuw,102A,Verbal Person Marking,No person marking,Feldman-1986[53],
102A-hat,hat,Hatam,102A,Verbal Person Marking,Only the A argument,Reesink-1999[40-41],
102A-qui,qui,Quileute,102A,Verbal Person Marking,Both the A and P arguments,Andrade-1933[204],
102A-ret,ret,Retuarã,102A,Verbal Person Marking,Both the A and P arguments,Strom-1992[69],
102A-tau,tau,Tauya,102A,Verbal Person Marking,Both the A and P arguments,"MacDonald-1990[206, 216, 319]",
102A-ijo,ijo,Ijo (Kolokuma),102A,Verbal Person Marking,Only the P argument,"Williamson-1965[88, 114]",
102A-pal,pal,Palauan,102A,Verbal Person Marking,Both the A and P arguments,Georgopoulos-1991[24-30],
102A-sam,sam,Samoan,102A,Verbal Person Marking,No person marking,"Mosel-and-Hovdhaugen-1992[330, 374, 697]",
102A-sel,sel,Selknam,102A,Verbal Person Marking,Only the P argument,Najlis-1973[11],
102A-wao,wao,Waorani,102A,Verbal Person Marking,Only the A argument,"Peeke-1973[40, 128]",
102A-wap,wap,Wappo,102A,Verbal Person Marking,No person marking,Radin-1929[134],
102A-win,win,Wintu,102A,Verbal Person Marking,Only the A argument,Pitkin-1984[154],
102A-bri,bri,Bribri,102A,Verbal Person Marking,No person marking,Constenla-Umana-et-al-1979[34-38],
102A-kis,kis,Kisi,102A,Verbal Person Marking,Only the P argument,Childs-1995[71-114],
102A-cax,cax,Campa (Axininca),102A,Verbal Person Marking,Both the A and P arguments,Payne-1981[14],
102A-kon,kon,Kongo,102A,Verbal Person Marking,Both the A and P arguments,Carter-1973[55],
102A-wel,wel,Welsh,102A,Verbal Person Marking,Only the A argument,King-1993a[180],
102A-yap,yap,Yapese,102A,Verbal Person Marking,Only the P argument,"Jensen-et-al-1977a[140, 199]",
102A-jaq,jaq,Jaqaru,102A,Verbal Person Marking,Both the A and P arguments,Hardman-2000[55],
102A-tgk,tgk,Tigak,102A,Verbal Person Marking,Only the P argument,Beaumont-1979[39],
102A-ton,ton,Tonkawa,102A,Verbal Person Marking,Both the A and P arguments,Hoijer-1933-1938[68],
102A-pip,pip,Pipil,102A,Verbal Person Marking,Both the A and P arguments,Campbell-1985[65],
102A-tzu,tzu,Tzutujil,102A,Verbal Person Marking,Both the A and P arguments,Dayley-1985[68],
102A-lak,lak,Lak,102A,Verbal Person Marking,Only the P argument,"Zhirkov-1955[92, 94]",
102A-mne,mne,Maidu (Northeast),102A,Verbal Person Marking,Only the A argument,Shipley-1964[45],
102A-eka,eka,Ekari,102A,Verbal Person Marking,Both the A and P arguments,"Doble-1987[89, 94, 82]",
102A-ham,ham,Hamtai,102A,Verbal Person Marking,Both the A and P arguments,"Oates-and-Oates-1968[27, 45]",
102A-nan,nan,Nandi,102A,Verbal Person Marking,Both the A and P arguments,Creider-1989[97-8],
102A-mac,mac,Macushi,102A,Verbal Person Marking,Both the A and P arguments,"Abbott-1991[24, 101]",
102A-mrd,mrd,Marind,102A,Verbal Person Marking,Both the A and P arguments,Drabbe-1955[28-31],
102A-abi,abi,Abipón,102A,Verbal Person Marking,Both the A and P arguments,"Najlis-1966[28-42, 86]",
102A-mab,mab,Maba,102A,Verbal Person Marking,Both the A and P arguments,Tucker-and-Bryan-1966[201],
102A-ace,ace,Acehnese,102A,Verbal Person Marking,Both the A and P arguments,Durie-1985[202-3],
102A-dut,dut,Dutch,102A,Verbal Person Marking,Only the A argument,Donaldson-1997b[132-134],
102A-kas,kas,Kashmiri,102A,Verbal Person Marking,Both the A and P arguments,"Wali-and-Koul-1997[196, 250]",
102A-pur,pur,Purépecha,102A,Verbal Person Marking,Both the A and P arguments,Foster-1969[43-48],
102A-una,una,Una,102A,Verbal Person Marking,Both the A and P arguments,Louwerse-1988[60],
102A-ita,ita,Italian,102A,Verbal Person Marking,Only the A argument,Lepschy-and-Lepschy-1988[133-39],
102A-kch,kch,Koyra Chiini,102A,Verbal Person Marking,No person marking,Heath-1999b[11],
102A-lah,lah,Lahu,102A,Verbal Person Marking,No person marking,Matisoff-1973[passim],
102A-yuc,yuc,Yuchi,102A,Verbal Person Marking,Both the A and P arguments,"Wagner-1933-1938[314, 330]",
102A-pso,pso,Pomo (Southeastern),102A,Verbal Person Marking,No person marking,Moshinsky-1974[42-3],
102A-zun,zun,Zuni,102A,Verbal Person Marking,No person marking,"Bunzel-1933-1938[450, 455]",
102A-snt,snt,Sentani,102A,Verbal Person Marking,Both the A and P arguments,Cowan-1965[30],
102A-krb,krb,Kiribati,102A,Verbal Person Marking,Both the A and P arguments,Groves-et-al-1985[57],
102A-ypk,ypk,Yup'ik (Central),102A,Verbal Person Marking,Both the A and P arguments,Jacobson-1995[113],
102A-fur,fur,Fur,102A,Verbal Person Marking,Only the A argument,Jakobi-1990[92],
102A-pol,pol,Polish,102A,Verbal Person Marking,Only the A argument,Szober-1957[272-283],
102A-ker,ker,Kera,102A,Verbal Person Marking,Only the P argument,Ebert-1979[130],
102A-lad,lad,Ladakhi,102A,Verbal Person Marking,No person marking,Koshal-1979[179],
102A-lep,lep,Lepcha,102A,Verbal Person Marking,No person marking,Mainwaring-1876[44-48],
102A-tli,tli,Tlingit,102A,Verbal Person Marking,Both the A and P arguments,Leer-1991b[58],
102A-wam,wam,Wambaya,102A,Verbal Person Marking,Both the A and P arguments,Nordlinger-1998[137],
102A-alb,alb,Albanian,102A,Verbal Person Marking,Both the A and P arguments,"Camaj-1984[180, 188, 94-95]",
102A-bam,bam,Bambara,102A,Verbal Person Marking,No person marking,Bird-and-Kante-1976[141-150],
102A-kyl,kyl,Kayah Li (Eastern),102A,Verbal Person Marking,No person marking,Solnit-1997[8],
102A-nti,nti,Ngiti,102A,Verbal Person Marking,Both the A and P arguments,Kutsch-Lojenga-1994[192],
102A-car,car,Carib,102A,Verbal Person Marking,Both the A and P arguments,Hoff-1968[134],
102A-mak,mak,Makah,102A,Verbal Person Marking,Both the A and P arguments,,
102A-tsi,tsi,Tsimshian (Coast),102A,Verbal Person Marking,Both the A and P arguments,Boas-1911c[66],
102A-tun,tun,Tunica,102A,Verbal Person Marking,Both the A and P arguments,Swanton-1921[6-7],
102A-sue,sue,Suena,102A,Verbal Person Marking,Only the A argument,Wilson-1974[59],
102A-mku,mku,Maranungku,102A,Verbal Person Marking,Both the A and P arguments,"Tryon-1970b[18-42, 48]",
102A-mrl,mrl,Murle,102A,Verbal Person Marking,Both the A and P arguments,Arensen-1982[73-91],
102A-psm,psm,Passamaquoddy-Maliseet,102A,Verbal Person Marking,Both the A and P arguments,Leavitt-1996[6-11],
102A-pit,pit,Pitjantjatjara,102A,Verbal Person Marking,Both the A and P arguments,"Eckert-and-Hudson-1988[145, 148]",
102A-amh,amh,Amharic,102A,Verbal Person Marking,Both the A and P arguments,"Hudson-1997[470-3, 461-2]",
102A-ana,ana,Araona,102A,Verbal Person Marking,No person marking,Pitman-1980[43-44],
102A-cyv,cyv,Cayuvava,102A,Verbal Person Marking,Both the A and P arguments,"Key-1967[28-9, 32]",
102A-dio,dio,Diola-Fogny,102A,Verbal Person Marking,Both the A and P arguments,"Sapir-1965[90, 91]",
102A-arm,arm,Armenian (Eastern),102A,Verbal Person Marking,Only the A argument,"Kozintseva-1999[21, 24, 36]",
102A-aym,aym,Aymara (Central),102A,Verbal Person Marking,Both the A and P arguments,Hardman-de-Bautista-et-al-1988[384],
102A-baw,baw,Bawm,102A,Verbal Person Marking,Both the A and P arguments,Reichle-1981[145-47],
102A-nbd,nbd,Nubian (Dongolese),102A,Verbal Person Marking,Only the A argument,Armbruster-1960[195-7],
102A-wrd,wrd,Wardaman,102A,Verbal Person Marking,Both the A and P arguments,Merlan-1994[125-26],
102A-hai,hai,Haida,102A,Verbal Person Marking,No person marking,Swanton-1911b[218-256],
102A-kmu,kmu,Khmu',102A,Verbal Person Marking,No person marking,Premsrirat-1987[39-45],
102A-usa,usa,Usan,102A,Verbal Person Marking,Both the A and P arguments,"Reesink-1987[83-87, 94]",
102A-pai,pai,Paiwan,102A,Verbal Person Marking,No person marking,Egli-1990[60],
102A-ung,ung,Ungarinjin,102A,Verbal Person Marking,Both the A and P arguments,Rumsey-1982[75],
102A-bej,bej,Beja,102A,Verbal Person Marking,Both the A and P arguments,"Hudson-1976b[115, 120]",
102A-dre,dre,Drehu,102A,Verbal Person Marking,No person marking,Tryon-1967a[37],
102A-gar,gar,Garo,102A,Verbal Person Marking,No person marking,"Burling-1961[10, 25]",
102A-pms,pms,Paamese,102A,Verbal Person Marking,Both the A and P arguments,Crowley-1982[129],
102A-mss,mss,Miwok (Southern Sierra),102A,Verbal Person Marking,Both the A and P arguments,Broadbent-1964[44],
102A-sml,sml,Semelai,102A,Verbal Person Marking,Only the A argument,"Kruspe-2004[253-254, 410]",
102A-yur,yur,Yurok,102A,Verbal Person Marking,Both the A and P arguments,Robins-1958[70-1],
102A-dag,dag,Daga,102A,Verbal Person Marking,Both the A and P arguments,Murane-1974[44],
102A-otm,otm,Otomí (Mezquital),102A,Verbal Person Marking,Both the A and P arguments,"Hess-1968[33-41, 41]",
102A-igb,igb,Igbo,102A,Verbal Person Marking,No person marking,Carrell-1970[4],
102A-nez,nez,Nez Perce,102A,Verbal Person Marking,Both the A and P arguments,Rude-1982[466],
102A-brh,brh,Brahui,102A,Verbal Person Marking,Only the A argument,Andronov-1980[57-77],
102A-cah,cah,Cahuilla,102A,Verbal Person Marking,Both the A and P arguments,Seiler-1977[126],
102A-cle,cle,Chinantec (Lealao),102A,Verbal Person Marking,Only the A argument,"Rupp-1989[6-7, 21, 21]",
102A-knm,knm,Kunama,102A,Verbal Person Marking,Both the A and P arguments,Bender-1996[19-21],
102A-nav,nav,Navajo,102A,Verbal Person Marking,Both the A and P arguments,Young-and-Morgan-1987[39],
102A-zqc,zqc,Zoque (Copainalá),102A,Verbal Person Marking,Both the A and P arguments,Harrison-et-al-1981[425-30],
102A-bkr,bkr,Batak (Karo),102A,Verbal Person Marking,Only the P argument,Woollams-1996[108],
102A-cmn,cmn,Comanche,102A,Verbal Person Marking,Both the A and P arguments,Wistrand-Robinson-and-Armagost-1990[302],
102A-iri,iri,Irish,102A,Verbal Person Marking,Only the A argument,MacEoin-1993[127],
102A-nko,nko,Nkore-Kiga,102A,Verbal Person Marking,Both the A and P arguments,Taylor-1985[170],
102A-squ,squ,Squamish,102A,Verbal Person Marking,Both the A and P arguments,Kuipers-1967[84],
102A-tru,tru,Trumai,102A,Verbal Person Marking,Only the P argument,"Guirardello-1999a[87, 98]",
102A-dni,dni,Dani (Lower Grand Valley),102A,Verbal Person Marking,Both the A and P arguments,"Bromley-1981[27, 191-2, 26]",
102A-nen,nen,Nenets,102A,Verbal Person Marking,Only the A argument,"Collinder-1957[354, 534]",
102A-urk,urk,Urubú-Kaapor,102A,Verbal Person Marking,Only the A argument,Kakumasu-1986[392],
102A-coo,coo,Coos (Hanis),102A,Verbal Person Marking,Both the A and P arguments,Frachtenberg-1922a[351],
102A-cre,cre,Cree (Plains),102A,Verbal Person Marking,Both the A and P arguments,Wolfart-1973[16],
102A-nht,nht,Nahuatl (Tetelcingo),102A,Verbal Person Marking,Both the A and P arguments,Tuggy-1979[93],
102A-yim,yim,Yimas,102A,Verbal Person Marking,Both the A and P arguments,Foley-1991[200],
102A-ika,ika,Ika,102A,Verbal Person Marking,Both the A and P arguments,Frank-1990[50-52],
102A-kse,kse,Koyraboro Senni,102A,Verbal Person Marking,No person marking,Heath-1999a[157-63],
102A-mun,mun,Mundari,102A,Verbal Person Marking,Both the A and P arguments,Cook-1965[168],
102A-yid,yid,Yidiny,102A,Verbal Person Marking,No person marking,Dixon-1977a[204],
102A-krk,krk,Karok,102A,Verbal Person Marking,Both the A and P arguments,Mithun-1999[184],
102A-brs,brs,Barasano,102A,Verbal Person Marking,Only the A argument,Jones-and-Jones-1991[73-4],
102A-tab,tab,Taba,102A,Verbal Person Marking,Only the A argument,Bowden-1997a[216],
102A-aco,aco,Acoma,102A,Verbal Person Marking,Both the A and P arguments,Miller-1965[100],
102A-pau,pau,Paumarí,102A,Verbal Person Marking,Only the A argument,Chapman-and-Derbyshire-1991[287],
102A-arp,arp,Arapesh (Mountain),102A,Verbal Person Marking,Both the A and P arguments,Conrad-and-Wogiga-1991[25],
102A-ond,ond,Oneida,102A,Verbal Person Marking,Both the A and P arguments,Lounsbury-1953[59],
102A-asm,asm,Asmat,102A,Verbal Person Marking,Both the A and P arguments,Voorhoeve-1965[85],
102A-ewe,ewe,Ewe,102A,Verbal Person Marking,Both the A and P arguments,Westermann-1907[68],
102A-grb,grb,Grebo,102A,Verbal Person Marking,No person marking,Innes-1966[54-80],
102A-hmo,hmo,Hmong Njua,102A,Verbal Person Marking,No person marking,Harriehausen-1990[143-150],
102A-khs,khs,Khasi,102A,Verbal Person Marking,Only the A argument,"Rabel-1961[58, 66]",
102A-khm,khm,Khmer,102A,Verbal Person Marking,No person marking,Jacob-1968[66-74],
102A-kio,kio,Kiowa,102A,Verbal Person Marking,A or P argument,Watkins-1984[115],
102A-wic,wic,Wichita,102A,Verbal Person Marking,Both the A and P arguments,"Rood-1976[19, 184-88]",
102A-juh,juh,Ju|'hoan,102A,Verbal Person Marking,No person marking,Snyman-1970[124],
102A-klv,klv,Kilivila,102A,Verbal Person Marking,Both the A and P arguments,"Senft-1986[31, 36]",
102A-nug,nug,Nunggubuyu,102A,Verbal Person Marking,Both the A and P arguments,"Heath-1984[362, 374]",
102A-irq,irq,Iraqw,102A,Verbal Person Marking,Only the A argument,Nordbustad-1988[129],
102A-kew,kew,Kewa,102A,Verbal Person Marking,Only the A argument,"Franklin-1971[39, 58]",
102A-snm,snm,Sanuma,102A,Verbal Person Marking,No person marking,Borgman-1990[197],
102A-shk,shk,Shipibo-Konibo,102A,Verbal Person Marking,No person marking,Valenzuela-1997[15],
102A-epe,epe,Epena Pedee,102A,Verbal Person Marking,No person marking,Harms-1994[9],
102A-ket,ket,Ket,102A,Verbal Person Marking,Both the A and P arguments,Werner-1997a[183-202],
102A-koa,koa,Koasati,102A,Verbal Person Marking,Both the A and P arguments,Kimball-1991[113],
102A-luv,luv,Luvale,102A,Verbal Person Marking,Both the A and P arguments,Horton-1949[115-16],
102A-san,san,Sango,102A,Verbal Person Marking,No person marking,Samarin-1967b[140],
102A-bag,bag,Bagirmi,102A,Verbal Person Marking,Both the A and P arguments,"Stevenson-1969[36-38, 33]",
102A-hzb,hzb,Hunzib,102A,Verbal Person Marking,Only the A argument,"van-den-Berg-1995[17, 83, 87]",
102A-ing,ing,Ingush,102A,Verbal Person Marking,No person marking,Nichols-1994b[103],
102A-mau,mau,Maung,102A,Verbal Person Marking,Both the A and P arguments,Capell-and-Hinch-1970[76],
102A-kfe,kfe,Koromfe,102A,Verbal Person Marking,Both the A and P arguments,"Rennison-1997[284, 312]",
102A-qim,qim,Quechua (Imbabura),102A,Verbal Person Marking,Both the A and P arguments,"Cole-1982[129, 159]",
102A-ram,ram,Rama,102A,Verbal Person Marking,Only the A argument,Grinevald-nd[34<ch.3>],
102A-wch,wch,Wichí,102A,Verbal Person Marking,Both the A and P arguments,Tovar-1981[21],
102A-yag,yag,Yagua,102A,Verbal Person Marking,Both the A and P arguments,"Payne-1990a[28, 29]",
102A-niv,niv,Nivkh,102A,Verbal Person Marking,No person marking,Gruzdeva-1998[34],
102A-apu,apu,Apurinã,102A,Verbal Person Marking,Both the A and P arguments,Facundes-2000[352],
102A-bma,bma,Berber (Middle Atlas),102A,Verbal Person Marking,Both the A and P arguments,"Penchoen-1973b[25, 56]",
102A-wra,wra,Warao,102A,Verbal Person Marking,Only the P argument,"Romero-Figueroa-1997[65-67, 93]",
102A-imo,imo,Imonda,102A,Verbal Person Marking,No person marking,"Seiler-1985[77, 138]",
102A-awp,awp,Awa Pit,102A,Verbal Person Marking,A or P argument,"Curnow-1997[193, 200]",
102A-kob,kob,Kobon,102A,Verbal Person Marking,Only the A argument,Davies-1981b[166-168],
102A-lat,lat,Latvian,102A,Verbal Person Marking,Only the A argument,Nau-1998[29],
102A-mar,mar,Maricopa,102A,Verbal Person Marking,Both the A and P arguments,Gordon-1986[20],
102A-ala,ala,Alamblak,102A,Verbal Person Marking,Both the A and P arguments,Bruce-1984[149],
102A-goo,goo,Gooniyandi,102A,Verbal Person Marking,Both the A and P arguments,McGregor-1990[203-15],
102A-kut,kut,Kutenai,102A,Verbal Person Marking,Both the A and P arguments,Garvin-1948c[180],
102A-mxc,mxc,Mixtec (Chalcatongo),102A,Verbal Person Marking,Only the A argument,Macaulay-1996[139],
102A-lav,lav,Lavukaleve,102A,Verbal Person Marking,Both the A and P arguments,Terrill-1999[225],
102A-rap,rap,Rapanui,102A,Verbal Person Marking,No person marking,"Du-Feu-1996[111, 150-168]",
102A-ain,ain,Ainu,102A,Verbal Person Marking,Both the A and P arguments,Shibatani-1990[29],
102A-jak,jak,Jakaltek,102A,Verbal Person Marking,Both the A and P arguments,"Craig-1977[109, 106]",
102A-lkt,lkt,Lakhota,102A,Verbal Person Marking,Both the A and P arguments,Buechel-1939[40],
102A-mrt,mrt,Martuthunira,102A,Verbal Person Marking,No person marking,Dench-1995[136-140],
102A-prh,prh,Pirahã,102A,Verbal Person Marking,Both the A and P arguments,"Everett-1986[281, 297]",
102A-war,war,Wari',102A,Verbal Person Marking,Both the A and P arguments,Everett-and-Kern-1997[334],
102A-gua,gua,Guaraní,102A,Verbal Person Marking,Both the A and P arguments,Gregores-and-Suarez-1967[131],
102A-kho,kho,Khoekhoe,102A,Verbal Person Marking,Only the P argument,"Hagman-1977[154, 204]",
102A-mei,mei,Meithei,102A,Verbal Person Marking,No person marking,Bhat-and-Ningomba-1997[219],
102A-ngi,ngi,Ngiyambaa,102A,Verbal Person Marking,Both the A and P arguments,Donaldson-1980[124-29],
102A-brm,brm,Burmese,102A,Verbal Person Marking,No person marking,Okell-1969[169-172],
102A-kro,kro,Krongo,102A,Verbal Person Marking,No person marking,Reh-1985[167],
102A-myi,myi,Mangarrayi,102A,Verbal Person Marking,Both the A and P arguments,Merlan-1982[161-63],
102A-tiw,tiw,Tiwi,102A,Verbal Person Marking,Both the A and P arguments,Osborne-1974[37],
102A-knr,knr,Kanuri,102A,Verbal Person Marking,Both the A and P arguments,Hutchison-1976[92-7],
102A-kay,kay,Kayardild,102A,Verbal Person Marking,No person marking,Evans-1995[201],
102A-map,map,Mapudungun,102A,Verbal Person Marking,Both the A and P arguments,Smeets-1989[190-4],
102A-yor,yor,Yoruba,102A,Verbal Person Marking,No person marking,Bamgbose-1966[67-69],
102A-yko,yko,Yukaghir (Kolyma),102A,Verbal Person Marking,Only the A argument,Maslova-1999[171],
102A-may,may,Maybrat,102A,Verbal Person Marking,Only the A argument,Dol-1999[68],
102A-tuk,tuk,Tukang Besi,102A,Verbal Person Marking,Both the A and P arguments,Donohue-1999a[113],
102A-bur,bur,Burushaski,102A,Verbal Person Marking,Both the A and P arguments,"Tiffou-and-Pesot-1989[39, 42]",
102A-cha,cha,Chamorro,102A,Verbal Person Marking,Only the A argument,"Topping-1973[106, 107]",
102A-chk,chk,Chukchi,102A,Verbal Person Marking,Both the A and P arguments,"Dunn-1999[180, 180-184]",
102A-fij,fij,Fijian,102A,Verbal Person Marking,Both the A and P arguments,Dixon-1988[54-5],
102A-heb,heb,Hebrew (Modern),102A,Verbal Person Marking,Only the A argument,Glinert-1989[468],
102A-lan,lan,Lango,102A,Verbal Person Marking,Both the A and P arguments,"Noonan-1992[91, 96]",
102A-orh,orh,Oromo (Harar),102A,Verbal Person Marking,Only the A argument,"Owens-1985[67, 66]",
102A-tha,tha,Thai,102A,Verbal Person Marking,No person marking,Noss-1964[123],
102A-yaq,yaq,Yaqui,102A,Verbal Person Marking,No person marking,Lindenfeld-1973[21],
102A-zul,zul,Zulu,102A,Verbal Person Marking,Both the A and P arguments,Ziervogel-et-al-1967[22],
102A-sla,sla,Slave,102A,Verbal Person Marking,Both the A and P arguments,Rice-1989[1005],
102A-aeg,aeg,Arabic (Egyptian),102A,Verbal Person Marking,Both the A and P arguments,"Gary-and-Gamal-Eldin-1982[100, 101]",
102A-grw,grw,Greenlandic (West),102A,Verbal Person Marking,Both the A and P arguments,Fortescue-1984[289],
102A-hix,hix,Hixkaryana,102A,Verbal Person Marking,Both the A and P arguments,Derbyshire-1979[146],
102A-swa,swa,Swahili,102A,Verbal Person Marking,Both the A and P arguments,Ashton-1947[42],
102A-vie,vie,Vietnamese,102A,Verbal Person Marking,No person marking,Thompson-1965[217-20],
102A-hin,hin,Hindi,102A,Verbal Person Marking,Only the A argument,McGregor-1977[16],
102A-ckr,ckr,Canela-Krahô,102A,Verbal Person Marking,Only the P argument,Popjes-and-Popjes-1986[175],
102A-tag,tag,Tagalog,102A,Verbal Person Marking,No person marking,Schachter-and-Otanes-1972[283],
102A-geo,geo,Georgian,102A,Verbal Person Marking,Both the A and P arguments,Hewitt-1995[128],
102A-knd,knd,Kannada,102A,Verbal Person Marking,Only the A argument,Sridhar-1990[221],
102A-kha,kha,Khalkha,102A,Verbal Person Marking,No person marking,Poppe-1970[156],
102A-mal,mal,Malagasy,102A,Verbal Person Marking,No person marking,Domenichini-Ramiaramanana-1977[88-89],
102A-sup,sup,Supyire,102A,Verbal Person Marking,No person marking,Carlson-1994[127],
102A-hau,hau,Hausa,102A,Verbal Person Marking,No person marking,Robinson-1942[485],
102A-mao,mao,Maori,102A,Verbal Person Marking,No person marking,Bauer-1993[470],
102A-bsq,bsq,Basque,102A,Verbal Person Marking,Both the A and P arguments,"Saltarelli-et-al-1988[240, 238]",
102A-abk,abk,Abkhaz,102A,Verbal Person Marking,Both the A and P arguments,Hewitt-1979[103],
102A-eve,eve,Evenki,102A,Verbal Person Marking,Only the A argument,Nedjalkov-1997[259-65],
102A-kor,kor,Korean,102A,Verbal Person Marking,No person marking,Sohn-1994[358],
102A-prs,prs,Persian,102A,Verbal Person Marking,Both the A and P arguments,Mahootian-1997[254],
102A-ame,ame,Amele,102A,Verbal Person Marking,Both the A and P arguments,"Roberts-1987[277-78, 277-8]",
102A-ger,ger,German,102A,Verbal Person Marking,Only the A argument,"Borgert-and-Nyhan-1975[367, 370]",
102A-grk,grk,Greek (Modern),102A,Verbal Person Marking,Both the A and P arguments,"Mackridge-1985[172-182, 145]",
102A-lez,lez,Lezgian,102A,Verbal Person Marking,No person marking,Haspelmath-1993[4],
102A-jpn,jpn,Japanese,102A,Verbal Person Marking,No person marking,Hinds-1986[323],
102A-mnd,mnd,Mandarin,102A,Verbal Person Marking,No person marking,Li-and-Thompson-1981[161-167],
102A-hun,hun,Hungarian,102A,Verbal Person Marking,Both the A and P arguments,Kenesei-et-al-1998[321-328],
102A-ind,ind,Indonesian,102A,Verbal Person Marking,Only the P argument,Sneddon-1996b[72],
102A-fin,fin,Finnish,102A,Verbal Person Marking,Only the A argument,Sulkala-and-Karjalainen-1992[321],
102A-rus,rus,Russian,102A,Verbal Person Marking,Only the A argument,Wade-1992[852-3],
102A-spa,spa,Spanish,102A,Verbal Person Marking,Both the A and P arguments,"Green-1988[98, 107-109]",
102A-tur,tur,Turkish,102A,Verbal Person Marking,Only the A argument,Lewis-1967[106-132],
102A-fre,fre,French,102A,Verbal Person Marking,Only the A argument,Harris-1988[223-4],
102A-eng,eng,English,102A,Verbal Person Marking,Only the A argument,Quirk-et-al-1972[71-73],
102A-hlu,hlu,Halkomelem (Upriver),102A,Verbal Person Marking,Both the A and P arguments,Galloway-1993[176],
102A-tms,tms,Tommo So,102A,Verbal Person Marking,Only the A argument,Plungian-1995[30],
102A-ndy,ndy,Ndyuka,102A,Verbal Person Marking,No person marking,Huttar-and-Huttar-1994[477-89],
