ID,Language_ID,Language_name,Parameter_ID,Parameter_name,Value,Source,Comment
11A-cve,cve,Chuave,11A,Front Rounded Vowels,None,Thurman-1970,
11A-nbk,nbk,Natügu,11A,Front Rounded Vowels,High and mid,Wurm-1972b,
11A-ach,ach,Aché,11A,Front Rounded Vowels,None,Susnik-1974,
11A-aiz,aiz,Aizi,11A,Front Rounded Vowels,None,Herault-1971,
11A-brb,brb,Bariba,11A,Front Rounded Vowels,None,Welmers-1952a,
11A-koh,koh,Kohumono,11A,Front Rounded Vowels,None,Cook-1969b,
11A-mrn,mrn,Maranao,11A,Front Rounded Vowels,None,McKaughan-1958;McKaughan-and-Macaraya-1967,
11A-mxm,mxm,Mixtec (Molinos),11A,Front Rounded Vowels,None,Hunter-and-Pike-1969,
11A-sab,sab,Sa'ban,11A,Front Rounded Vowels,None,Clayre-1973,
11A-tks,tks,Teke (Southern),11A,Front Rounded Vowels,None,Paulian-1975,
11A-wdo,wdo,Western Desert (Ooldea),11A,Front Rounded Vowels,None,Douglas-1955;Douglas-1964,
11A-wuc,wuc,Wu (Changzhou),11A,Front Rounded Vowels,High only,Chao-1970,
11A-ald,ald,Alladian,11A,Front Rounded Vowels,None,Dumestre-and-Duponchel-1971;Duponchel-1971,
11A-bki,bki,Bakairí,11A,Front Rounded Vowels,None,Wheatley-1969;Wheatley-1973,
11A-brd,brd,Bardi,11A,Front Rounded Vowels,None,Metcalfe-1971,
11A-bee,bee,Beembe,11A,Front Rounded Vowels,None,Jacquot-1962;Jacquot-1981,
11A-bbf,bbf,Bobo Madaré (Northern),11A,Front Rounded Vowels,None,Morse-1976;Bris-and-Prost-1981,
11A-brw,brw,Bru (Western),11A,Front Rounded Vowels,None,Thongkum-1979,
11A-cad,cad,Caddo,11A,Front Rounded Vowels,None,Chafe-1979;Chafe-1976,
11A-dad,dad,Dadibi,11A,Front Rounded Vowels,None,MacDonald-1973,
11A-ddf,ddf,Daju (Dar Fur),11A,Front Rounded Vowels,None,Thelwall-1981;Tucker-and-Bryan-1966,
11A-dnw,dnw,Dangaléat (Western),11A,Front Rounded Vowels,None,Fedry-1977,
11A-dar,dar,Darai,11A,Front Rounded Vowels,None,Kotapish-and-Kotapish-1973;Kotapish-and-Kotapish-1975,
11A-det,det,Deti,11A,Front Rounded Vowels,None,Vossen-1997,
11A-dts,dts,Toro So,11A,Front Rounded Vowels,None,Bendor-Samuel-et-al-1989;Plungian-1995,
11A-fuz,fuz,Fuzhou,11A,Front Rounded Vowels,High and mid,Chan-1985;Chen-and-Norman-1965;Hanyu-1960;Norman-1988,
11A-gla,gla,Gelao,11A,Front Rounded Vowels,None,He-1981;He-1983,
11A-had,had,Hadza,11A,Front Rounded Vowels,None,Sands-et-al-1996;Tucker-et-al-1977,
11A-hba,hba,Hebrew (Modern Ashkenazic),11A,Front Rounded Vowels,None,Bolozky-1978;Bolozky-1997,
11A-ird,ird,Irish (Donegal),11A,Front Rounded Vowels,None,Ni-Chasaide-1999;O-Dochartaigh-1992,
11A-iso,iso,Isoko,11A,Front Rounded Vowels,None,Donwa-1982,
11A-ivs,ivs,Ivatan (Southern),11A,Front Rounded Vowels,None,Cottle-and-Cottle-1958;Heye-and-Hidalgo-1967;Hidalgo-and-Hidalgo-1971,
11A-jpr,jpr,Japreria,11A,Front Rounded Vowels,None,Durbin-and-Seijas-1972,
11A-jom,jom,Jomang,11A,Front Rounded Vowels,None,Schadeberg-1981a,
11A-kzh,kzh,Kam (Zhanglu),11A,Front Rounded Vowels,None,Zheng-and-Quan-1988,
11A-ked,ked,Kedang,11A,Front Rounded Vowels,None,Korner-1985;Samely-1991,
11A-kss,kss,Kisi (Southern),11A,Front Rounded Vowels,None,Childs-1995,
11A-kpa,kpa,Kpan,11A,Front Rounded Vowels,None,Shimizu-1971,
11A-lkk,lkk,Lakkia,11A,Front Rounded Vowels,None,Haudricourt-1967;Solnit-1988,
11A-lam,lam,Lamé,11A,Front Rounded Vowels,None,Sachnine-1982,
11A-lua,lua,Lua,11A,Front Rounded Vowels,None,Boyeldieu-1985,
11A-mya,mya,Ma'ya,11A,Front Rounded Vowels,None,Remijsen-2001;van-der-Leeden-1993,
11A-nkt,nkt,Nyah Kur (Tha Pong),11A,Front Rounded Vowels,None,Thongkum-1982;Diffloth-1984;Thongkum-1984,
11A-nyg,nyg,Nyangi,11A,Front Rounded Vowels,None,Heine-1975a,
11A-ogb,ogb,Ogbia,11A,Front Rounded Vowels,None,Williamson-1972;Williamson-1970,
11A-puk,puk,Parauk,11A,Front Rounded Vowels,None,Diffloth-1980;Qiu-et-al-1980;Maddieson-and-Ladefoged-1985,
11A-phl,phl,Phlong,11A,Front Rounded Vowels,None,Cooke-et-al-1976,
11A-poa,poa,Po-Ai,11A,Front Rounded Vowels,None,,
11A-rsc,rsc,Romansch (Scharans),11A,Front Rounded Vowels,None,Soler-and-Ebneter-1988,
11A-rtk,rtk,Rotokas,11A,Front Rounded Vowels,None,Firchow-and-Firchow-1969;Firchow-et-al-1973,
11A-scs,scs,Saami (Central-South),11A,Front Rounded Vowels,None,Hasselbrink-1965;Kert-1971,
11A-svs,svs,Savosavo,11A,Front Rounded Vowels,None,Todd-1975,
11A-sui,sui,Sui,11A,Front Rounded Vowels,None,Li-1948,
11A-tmp,tmp,Tampulma,11A,Front Rounded Vowels,None,Bergman-et-al-1969,
11A-tok,tok,Tarok,11A,Front Rounded Vowels,None,Robinson-1976,
11A-tza,tza,Tzeltal (Aguacatenango),11A,Front Rounded Vowels,None,Kaufman-1971,
11A-umb,umb,UMbundu,11A,Front Rounded Vowels,None,Schadeberg-1990;Schadeberg-1982,
11A-wnt,wnt,Wantoat,11A,Front Rounded Vowels,None,Davis-1969,
11A-wps,wps,Wapishana,11A,Front Rounded Vowels,None,Tracy-1972,
11A-xia,xia,Xiamen,11A,Front Rounded Vowels,None,Norman-1988;Hanyu-1960;Ramsey-1987,
11A-aik,aik,Aikaná,11A,Front Rounded Vowels,High and mid,Hanke-1956;Aikhenvald-and-Dixon-1999[362-363],
11A-akw,akw,Akawaio,11A,Front Rounded Vowels,None,Edwards-1978,
11A-aea,aea,Aleut (Eastern),11A,Front Rounded Vowels,None,Cho-et-al-1997;Jacobson-1944;Menovshchikov-1968;Rozelle-1997;Bergsland-1994;Bergsland-1956;Bergsland-1959,
11A-chu,chu,Chulupí,11A,Front Rounded Vowels,None,Stell-1972,
11A-fef,fef,Fe'fe',11A,Front Rounded Vowels,None,Hyman-1972,
11A-kef,kef,Kefa,11A,Front Rounded Vowels,None,Fleming-1976,
11A-ktk,ktk,Kotoko,11A,Front Rounded Vowels,None,Bouny-1977,
11A-lu,lu,Lü,11A,Front Rounded Vowels,None,Li-1964;Morev-1978,
11A-nap,nap,Neo-Aramaic (Persian Azerbaijan),11A,Front Rounded Vowels,None,Garbell-1965,
11A-orm,orm,Ormuri,11A,Front Rounded Vowels,None,Efimov-1986,
11A-snd,snd,Senadi,11A,Front Rounded Vowels,None,Welmers-1950,
11A-wrs,wrs,Waris,11A,Front Rounded Vowels,None,Brown-1988b,
11A-byu,byu,Bandjalang (Yugumbir),11A,Front Rounded Vowels,None,Cunningham-1969,
11A-bno,bno,Waimaha,11A,Front Rounded Vowels,None,Stolte-and-Stolte-1971,
11A-bis,bis,Bisa,11A,Front Rounded Vowels,None,Naden-1973,
11A-cac,cac,Cacua,11A,Front Rounded Vowels,None,Cathcart-1979;Anderton-1989,
11A-iwm,iwm,Iwam,11A,Front Rounded Vowels,None,Laycock-1965b,
11A-jeh,jeh,Jeh,11A,Front Rounded Vowels,None,Gradin-1966;Gradin-and-Gradin-1979;Cohen-1966,
11A-kek,kek,K'ekchí,11A,Front Rounded Vowels,None,Freeze-1975;Haeseriju-1966,
11A-kul,kul,Kullo,11A,Front Rounded Vowels,None,Allan-1976a,
11A-max,max,Maxakalí,11A,Front Rounded Vowels,None,Gudschinsky-et-al-1970,
11A-mtp,mtp,Mixe (Totontepec),11A,Front Rounded Vowels,None,Crawford-1963;Schoenhals-and-Schoenhals-1965,
11A-toa,toa,Toaripi,11A,Front Rounded Vowels,None,Brown-1973,
11A-yey,yey,Yeyi,11A,Front Rounded Vowels,None,Gowlett-1997,
11A-agh,agh,Aghem,11A,Front Rounded Vowels,None,Hyman-1979,
11A-aht,aht,Ahtna,11A,Front Rounded Vowels,None,Kari-1990,
11A-eya,eya,Eyak,11A,Front Rounded Vowels,None,Krauss-1965,
11A-kly,kly,Kala Lagaw Ya,11A,Front Rounded Vowels,None,Kennedy-1981;Wurm-1972a,
11A-kot,kot,Kota,11A,Front Rounded Vowels,None,Emeneau-1944,
11A-lus,lus,Lushootseed,11A,Front Rounded Vowels,None,Bates-et-al-1994,
11A-nob,nob,Nobiin,11A,Front Rounded Vowels,None,Werner-1987;Bell-1971;Bell-1968,
11A-pac,pac,Pacoh,11A,Front Rounded Vowels,None,Watson-1964,
11A-qco,qco,Quechua (Cochabamba),11A,Front Rounded Vowels,None,Lastra-1968,
11A-ror,ror,Roro,11A,Front Rounded Vowels,None,Davis-1974;Bluhme-1970,
11A-soq,soq,Soqotri,11A,Front Rounded Vowels,None,Johnstone-1975;Leslau-1938,
11A-ant,ant,Angaatiha,11A,Front Rounded Vowels,None,Huisman-1973;Huisman-and-Lloyd-1981;Huisman-et-al-1981,
11A-bng,bng,Baining,11A,Front Rounded Vowels,None,Parker-and-Parker-1974,
11A-cck,cck,Chickasaw,11A,Front Rounded Vowels,None,Gordon-et-al-2000;Munro-et-al-2002,
11A-cof,cof,Cofán,11A,Front Rounded Vowels,None,Borman-1962,
11A-dah,dah,Dahalo,11A,Front Rounded Vowels,None,Maddieson-et-al-1993;Nurse-1986;Tucker-et-al-1977,
11A-eja,eja,Ejagham,11A,Front Rounded Vowels,High only,Watters-1981,
11A-ghb,ghb,Guahibo,11A,Front Rounded Vowels,None,Kondo-and-Kondo-1967,
11A-kal,kal,Kalami,11A,Front Rounded Vowels,None,Baart-1997,
11A-kkn,kkn,Konkani,11A,Front Rounded Vowels,None,Gajendragadkar-1970;Madtha-1984;Major-1979,
11A-kur,kur,Kurukh,11A,Front Rounded Vowels,None,Pfeiffer-1972;Pinnow-1964,
11A-sha,sha,Shan,11A,Front Rounded Vowels,None,Chan-1980;Cheng-1973b;Chao-1951,
11A-tsg,tsg,Tausug,11A,Front Rounded Vowels,None,Ashley-1963,
11A-try,try,Tiruray,11A,Front Rounded Vowels,None,Schlegel-1971;Post-1966,
11A-uzn,uzn,Uzbek (Northern),11A,Front Rounded Vowels,None,Sjoberg-1963;Sjoberg-1962,
11A-adz,adz,Adzera,11A,Front Rounded Vowels,None,Holzknecht-1973,
11A-amz,amz,Amuzgo,11A,Front Rounded Vowels,None,Bauernschmidt-1965;Longacre-1966,
11A-cil,cil,CiLuba,11A,Front Rounded Vowels,None,de-Schryver-1999,
11A-gmb,gmb,Guambiano,11A,Front Rounded Vowels,None,Branks-and-Branks-1973;Caudmont-1954,
11A-maz,maz,Mazahua,11A,Front Rounded Vowels,None,Spotts-1953,
11A-nax,nax,Naxi,11A,Front Rounded Vowels,High only,Jiang-1985;Jiang-1980;Bradley-1975,
11A-pnr,pnr,Panare,11A,Front Rounded Vowels,None,Cauty-1974a;Cauty-1978;Cauty-1974b;Payne-1990b,
11A-sdh,sdh,Sindhi,11A,Front Rounded Vowels,None,Nihalani-1999,
11A-bet,bet,Bété,11A,Front Rounded Vowels,None,Werle-and-Gbalehi-1976,
11A-mov,mov,Movima,11A,Front Rounded Vowels,None,Judy-and-Judy-1962b;Aikhenvald-and-Dixon-1999,
11A-nim,nim,Nimboran,11A,Front Rounded Vowels,None,Anceaux-1965,
11A-teh,teh,Tehuelche,11A,Front Rounded Vowels,None,Fernandez-Garay-1998,
11A-yan,yan,Yana,11A,Front Rounded Vowels,None,Sapir-and-Swadesh-1960,
11A-yaw,yaw,Yawa,11A,Front Rounded Vowels,None,Jones-1986b,
11A-khr,khr,Kharia,11A,Front Rounded Vowels,None,Biligiri-1965;Pinnow-1959,
11A-mla,mla,Mambila,11A,Front Rounded Vowels,None,Connell-2000;Perrin-and-Hill-1969,
11A-mbb,mbb,Mbabaram,11A,Front Rounded Vowels,None,Dixon-1966b;Dixon-1966a,
11A-arb,arb,Arabela,11A,Front Rounded Vowels,None,Rich-1963,
11A-awn,awn,Awngi,11A,Front Rounded Vowels,None,Hetzron-1969;Hetzron-1976,
11A-chl,chl,Chehalis (Upper),11A,Front Rounded Vowels,None,Kinkade-1963,
11A-kla,kla,Klao,11A,Front Rounded Vowels,None,Singler-1979,
11A-kun,kun,Kuna,11A,Front Rounded Vowels,None,Baptista-and-Wallin-1974;Sherzer-1983,
11A-oca,oca,Ocaina,11A,Front Rounded Vowels,None,Aschmann-1993;Agnew-and-Pike-1957,
11A-sba,sba,Sáliba (in Colombia),11A,Front Rounded Vowels,None,Benaissa-1979,
11A-irx,irx,Iranxe,11A,Front Rounded Vowels,None,Meader-1967,
11A-kad,kad,Kadugli,11A,Front Rounded Vowels,None,Abdalla-1973;Matsushita-1984,
11A-sor,sor,Sora,11A,Front Rounded Vowels,None,Ramamurti-1986,
11A-ycn,ycn,Yucuna,11A,Front Rounded Vowels,None,Schauer-and-Schauer-1967,
11A-shs,shs,Shasta,11A,Front Rounded Vowels,None,Silver-1964;Silver-1966,
11A-tso,tso,Tsou,11A,Front Rounded Vowels,None,Wright-and-Ladefoged-1994;Tung-1964,
11A-yct,yct,Yucatec,11A,Front Rounded Vowels,None,Straight-1976,
11A-der,der,Dla (Proper),11A,Front Rounded Vowels,None,Voorhoeve-1971,
11A-gan,gan,Great Andamanese,11A,Front Rounded Vowels,None,Yadav-nd,
11A-sdw,sdw,Sandawe,11A,Front Rounded Vowels,None,Dempwolff-1916;Kagaya-1993;Maddieson-et-al-1999;Tucker-et-al-1977;Elderkin-1982,
11A-tug,tug,Tuareg (Ahaggar),11A,Front Rounded Vowels,None,Prasse-1972;Louali-Reynal-et-al-1997,
11A-abm,abm,Alabama,11A,Front Rounded Vowels,None,Rand-1968,
11A-cam,cam,Camsá,11A,Front Rounded Vowels,None,Howard-1967;Howard-1972;Mongui-Sanchez-1981,
11A-hmr,hmr,Hamer,11A,Front Rounded Vowels,None,Lydall-1976,
11A-seb,seb,Sebei,11A,Front Rounded Vowels,None,Montgomery-1970,
11A-yay,yay,Yay,11A,Front Rounded Vowels,None,Gedney-1965,
11A-bra,bra,Brao,11A,Front Rounded Vowels,None,Keller-1976,
11A-hak,hak,Hakka,11A,Front Rounded Vowels,None,Hashimoto-1973,
11A-mui,mui,Muinane,11A,Front Rounded Vowels,None,Walton-and-Walton-1967;Aschmann-1993,
11A-nai,nai,Nanai,11A,Front Rounded Vowels,None,Avrorin-1968,
11A-tma,tma,Tama,11A,Front Rounded Vowels,None,Tucker-and-Bryan-1966,
11A-tmn,tmn,Temein,11A,Front Rounded Vowels,None,Tucker-and-Bryan-1966,
11A-yny,yny,Yanyuwa,11A,Front Rounded Vowels,None,Kirton-and-Charlie-1978;Huttar-and-Kirton-1981;Kirton-1967,
11A-efi,efi,Efik,11A,Front Rounded Vowels,None,Cook-1969a,
11A-ga,ga,Gã,11A,Front Rounded Vowels,None,Berry-nd;Kropp-1987,
11A-ign,ign,Ignaciano,11A,Front Rounded Vowels,None,Ott-and-Ott-1967a,
11A-mog,mog,Moghol,11A,Front Rounded Vowels,None,Weiers-1971,
11A-mor,mor,Mor,11A,Front Rounded Vowels,None,Laycock-1978,
11A-woi,woi,Woisika,11A,Front Rounded Vowels,None,Stokhof-1979,
11A-adk,adk,Andoke,11A,Front Rounded Vowels,None,Landaburu-1979,
11A-ful,ful,Fulniô,11A,Front Rounded Vowels,None,Lapenda-1968,
11A-ito,ito,Itonama,11A,Front Rounded Vowels,None,Liccardi-and-Grimes-1968,
11A-jav,jav,Javanese,11A,Front Rounded Vowels,None,Fagan-1988;Herrfurth-1964;Horne-1961;Uhlenbeck-1963,
11A-koi,koi,Koiari,11A,Front Rounded Vowels,None,Dutton-1969;Dutton-1996,
11A-mzc,mzc,Mazatec (Chiquihuitlán),11A,Front Rounded Vowels,None,Jamieson-1976b;Jamieson-1976a,
11A-mba,mba,Mba,11A,Front Rounded Vowels,None,Pasch-1986,
11A-nnc,nnc,Nancowry,11A,Front Rounded Vowels,None,Radhakrishnan-1981;Das-1977,
11A-amo,amo,Amo,11A,Front Rounded Vowels,None,Di-Luzio-1972;Anderson-1980,
11A-amu,amu,Yanesha',11A,Front Rounded Vowels,None,Wise-1958;Fast-1953,
11A-bua,bua,Burarra,11A,Front Rounded Vowels,None,Glasgow-and-Glasgow-1967,
11A-chw,chw,Cham (Western),11A,Front Rounded Vowels,None,Blood-1967;Edmondson-and-Gregerson-1993,
11A-fas,fas,Fasu,11A,Front Rounded Vowels,None,Loeweke-and-May-1964,
11A-nyi,nyi,Nyimang,11A,Front Rounded Vowels,None,Tucker-and-Bryan-1966;Stevenson-1957,
11A-sin,sin,Siona,11A,Front Rounded Vowels,None,Wheeler-and-Wheeler-1962,
11A-tul,tul,Tulu,11A,Front Rounded Vowels,None,Bhat-1967,
11A-baj,baj,Bajau (Sama),11A,Front Rounded Vowels,None,Verheijen-1986,
11A-gds,gds,Gadsup,11A,Front Rounded Vowels,None,Frantz-and-Frantz-1966,
11A-igs,igs,Ingessana,11A,Front Rounded Vowels,None,Crewe-1975;Tucker-and-Bryan-1966,
11A-kpe,kpe,Kpelle,11A,Front Rounded Vowels,None,Hyman-1973;Welmers-1962;Welmers-1973,
11A-tic,tic,Ticuna,11A,Front Rounded Vowels,None,Anderson-1959;Anderson-1962,
11A-wry,wry,Waray (in Australia),11A,Front Rounded Vowels,None,Harvey-1986,
11A-wmu,wmu,Wik Munkan,11A,Front Rounded Vowels,None,Sayers-and-Godfrey-1964;McConnel-1945,
11A-paw,paw,Pawaian,11A,Front Rounded Vowels,None,Trefry-1972;MacDonald-1973,
11A-pec,pec,Pech,11A,Front Rounded Vowels,None,Holt-1999b;Holt-1986,
11A-twn,twn,Tiwa (Northern),11A,Front Rounded Vowels,None,Hoijer-and-Dozier-1949;Trager-1971,
11A-kom,kom,Komo,11A,Front Rounded Vowels,None,Tucker-and-Bryan-1966,
11A-kmp,kmp,Kunimaipa,11A,Front Rounded Vowels,None,Pence-1966,
11A-llm,llm,Lelemi,11A,Front Rounded Vowels,None,Hoftmann-1971,
11A-nis,nis,Nyishi,11A,Front Rounded Vowels,None,Namkung-1996;Ray-1967,
11A-rut,rut,Rutul,11A,Front Rounded Vowels,None,Dzhejranishvili-1967;Kodzasov-1990b;Ibragimov-1978,
11A-yar,yar,Yareba,11A,Front Rounded Vowels,None,Weimer-and-Weimer-1972,
11A-yes,yes,Yessan-Mayo,11A,Front Rounded Vowels,None,Foreman-and-Marten-1973,
11A-yus,yus,Yupik (Siberian),11A,Front Rounded Vowels,None,Krauss-1975,
11A-cti,cti,Chin (Tiddim),11A,Front Rounded Vowels,None,Henderson-1965,
11A-xoo,xoo,!Xóõ,11A,Front Rounded Vowels,None,Traill-1985;Traill-1994,
11A-yul,yul,Yulu,11A,Front Rounded Vowels,None,Boyeldieu-1987,
11A-kng,kng,Kaingang,11A,Front Rounded Vowels,None,Henry-1935;Wiesemann-1972;Kindell-1972,
11A-ndt,ndt,Ndut,11A,Front Rounded Vowels,None,Gueye-1986,
11A-nga,nga,Nganasan,11A,Front Rounded Vowels,High only,Castren-1966;Tereshchenko-1966c;Tereshchenko-1979,
11A-ytu,ytu,Yukaghir (Tundra),11A,Front Rounded Vowels,Mid only,Krejnovich-1958;Krejnovich-1968c,
11A-amc,amc,Amahuaca,11A,Front Rounded Vowels,None,Osborn-1948,
11A-bai,bai,Bai,11A,Front Rounded Vowels,None,Dell-1981,
11A-cay,cay,Cayapa,11A,Front Rounded Vowels,None,Lindskoog-and-Brend-1962,
11A-chp,chp,Chipewyan,11A,Front Rounded Vowels,None,Li-1932;Li-1933;Li-1946,
11A-kry,kry,Koryak,11A,Front Rounded Vowels,None,Zhukova-1980,
11A-acm,acm,Achumawi,11A,Front Rounded Vowels,None,Olmsted-1964;Olmsted-1966,
11A-anc,anc,Angas,11A,Front Rounded Vowels,None,Burquest-1971,
11A-api,api,Apinayé,11A,Front Rounded Vowels,None,Burgess-and-Ham-1968,
11A-bod,bod,Bodo,11A,Front Rounded Vowels,None,Bhat-1968,
11A-chq,chq,Chinantec (Quiotepec),11A,Front Rounded Vowels,High and mid,Robbins-1961;Robbins-1968,
11A-dan,dan,Dan,11A,Front Rounded Vowels,None,Bearth-and-Zemp-1967,
11A-diz,diz,Dizi,11A,Front Rounded Vowels,None,Allan-1976b,
11A-irr,irr,Irarutu,11A,Front Rounded Vowels,None,Voorhoeve-1989,
11A-koy,koy,Koya,11A,Front Rounded Vowels,None,Tyler-1969,
11A-mie,mie,Mien,11A,Front Rounded Vowels,None,Purnell-1965;Mao-et-al-1982,
11A-slp,slp,Selepet,11A,Front Rounded Vowels,None,McElhanon-1970b;McElhanon-1970c,
11A-shi,shi,Shiriana,11A,Front Rounded Vowels,None,Migliazza-and-Grimes-1961,
11A-tol,tol,Tol,11A,Front Rounded Vowels,None,Holt-1999a;Fleming-and-Dennis-1977,
11A-ani,ani,//Ani,11A,Front Rounded Vowels,None,Vossen-1986;Vossen-1997,
11A-ccp,ccp,Cocopa,11A,Front Rounded Vowels,None,Crawford-1966[13],
11A-hum,hum,Huitoto (Murui),11A,Front Rounded Vowels,None,Burtch-1983;Aschmann-1993;Minor-et-al-1982;Petersen-de-Pineros-1994,
11A-jiv,jiv,Jivaro,11A,Front Rounded Vowels,None,Beasley-and-Pike-1957,
11A-kzy,kzy,Komi-Zyrian,11A,Front Rounded Vowels,None,Lytkin-1966b;Bubrix-1949,
11A-nhn,nhn,Nahuatl (North Puebla),11A,Front Rounded Vowels,None,Brockway-1963,
11A-sre,sre,Sre,11A,Front Rounded Vowels,None,Manley-1972,
11A-gwa,gwa,Gwari,11A,Front Rounded Vowels,None,Hyman-and-Magaji-1970,
11A-kws,kws,Kawaiisu,11A,Front Rounded Vowels,None,Zigmond-et-al-1990-1991,
11A-kgz,kgz,Kirghiz,11A,Front Rounded Vowels,High and mid,Herbert-and-Poppe-1963;Junusaliev-1966,
11A-kiw,kiw,Kiwai,11A,Front Rounded Vowels,None,Wurm-1977,
11A-kwo,kwo,Kwoma,11A,Front Rounded Vowels,None,Kooyers-et-al-1971,
11A-mnc,mnc,Manchu,11A,Front Rounded Vowels,Mid only,Austin-1962,
11A-non,non,Noni,11A,Front Rounded Vowels,None,Hyman-1981b,
11A-bco,bco,Bella Coola,11A,Front Rounded Vowels,None,Nater-1984;Newman-1947,
11A-ber,ber,Berta,11A,Front Rounded Vowels,None,Triulzi-et-al-1976a,
11A-cso,cso,Chatino (Sierra Occidental),11A,Front Rounded Vowels,None,Pride-1965,
11A-ewo,ewo,Ewondo,11A,Front Rounded Vowels,None,Redden-1979;Nnomo-and-Mbezele-1982;Abega-1970,
11A-ksg,ksg,Karen (Sgaw),11A,Front Rounded Vowels,None,Jones-1961,
11A-kwk,kwk,Kwakw'ala,11A,Front Rounded Vowels,None,Newman-1950;Boas-1911a;Boas-1947;Grubb-1977,
11A-ruk,ruk,Rukai (Tanan),11A,Front Rounded Vowels,None,Li-1977b;Li-1973,
11A-wah,wah,Wahgi,11A,Front Rounded Vowels,None,Phillips-1976;Ladefoged-et-al-1977,
11A-ata,ata,Atayal,11A,Front Rounded Vowels,None,Egerod-1966b,
11A-aze,aze,Azerbaijani,11A,Front Rounded Vowels,High and mid,Householder-and-Lofti-1965,
11A-ben,ben,Bengali,11A,Front Rounded Vowels,None,Ferguson-and-Chowdhury-1960;Klaiman-1990,
11A-iba,iba,Iban,11A,Front Rounded Vowels,None,Omar-1981;Scott-1957,
11A-jeb,jeb,Jebero,11A,Front Rounded Vowels,None,Bendor-Samuel-1961b,
11A-jng,jng,Jingpho,11A,Front Rounded Vowels,None,Liu-1964,
11A-mme,mme,Mari (Meadow),11A,Front Rounded Vowels,High and mid,Kovedjaeva-1966;Ristinen-1960,
11A-mpa,mpa,Murrinh-Patha,11A,Front Rounded Vowels,None,Street-and-Mollinjin-1981,
11A-new,new,Newari (Kathmandu),11A,Front Rounded Vowels,None,Hale-and-Hale-1969;Manandhar-1986,
11A-kkv,kkv,Lusi,11A,Front Rounded Vowels,None,Counts-1969,
11A-kya,kya,Kuku-Yalanji,11A,Front Rounded Vowels,None,Oates-1964b;Oates-and-Oates-1964;Wurm-1972a,
11A-skp,skp,Selkup,11A,Front Rounded Vowels,High and mid,Katz-1975b;Prokofjeva-1966,
11A-ttu,ttu,Tsova-Tush,11A,Front Rounded Vowels,None,Desheriev-1953,
11A-alw,alw,Alawa,11A,Front Rounded Vowels,None,Sharpe-1972,
11A-ao,ao,Ao,11A,Front Rounded Vowels,None,Gowda-1972;Gowda-1975,
11A-fye,fye,Fyem,11A,Front Rounded Vowels,None,Nettle-1998,
11A-grr,grr,Garrwa,11A,Front Rounded Vowels,None,Furby-1974,
11A-kgu,kgu,Kalkatungu,11A,Front Rounded Vowels,None,Blake-1979b,
11A-mro,mro,Moro,11A,Front Rounded Vowels,None,Schadeberg-1981b;Black-and-Black-1971,
11A-nar,nar,Nara (in Ethiopia),11A,Front Rounded Vowels,None,Bender-1968;Thompson-1976a,
11A-tam,tam,Tamang (Eastern),11A,Front Rounded Vowels,None,Mazaudon-1973,
11A-tib,tib,Tibetan (Standard Spoken),11A,Front Rounded Vowels,High and mid,Denwood-1999,
11A-zan,zan,Zande,11A,Front Rounded Vowels,None,Tucker-and-Hackett-1959,
11A-dgb,dgb,Dagbani,11A,Front Rounded Vowels,None,Olawsky-1999;Wilson-and-Bendor-Samuel-1969,
11A-dum,dum,Dumo,11A,Front Rounded Vowels,None,Ross-1980,
11A-nuu,nuu,Nuuchahnulth,11A,Front Rounded Vowels,None,Carlson-et-al-2001;Stonham-1999,
11A-snh,snh,Sinhala,11A,Front Rounded Vowels,None,Coates-and-da-Silva-1960,
11A-tas,tas,Tashlhiyt,11A,Front Rounded Vowels,None,Applegate-1958,
11A-yel,yel,Yelî Dnye,11A,Front Rounded Vowels,None,,
11A-bto,bto,Batak (Toba),11A,Front Rounded Vowels,None,van-der-Tuuk-1971,
11A-bir,bir,Birom,11A,Front Rounded Vowels,None,Bouquiaux-1970;Wolff-1959,
11A-din,din,Dinka,11A,Front Rounded Vowels,None,Andersen-1987;Malou-1988,
11A-evn,evn,Even,11A,Front Rounded Vowels,None,Novikova-1966;Novikova-1960,
11A-goa,goa,Goajiro,11A,Front Rounded Vowels,None,Holmer-1949d;Mansen-1967,
11A-mgg,mgg,Mangghuer,11A,Front Rounded Vowels,None,Todaeva-1973,
11A-oji,oji,Ojibwa (Eastern),11A,Front Rounded Vowels,None,Bloomfield-1957,
11A-res,res,Resígaro,11A,Front Rounded Vowels,None,Allin-1976,
11A-snc,snc,Seneca,11A,Front Rounded Vowels,None,Chafe-1967,
11A-srn,srn,Sirionó,11A,Front Rounded Vowels,None,Firestone-1965,
11A-che,che,Cherokee,11A,Front Rounded Vowels,None,Bender-and-Harris-1946;Cook-1979;Walker-1975b,
11A-hup,hup,Hupa,11A,Front Rounded Vowels,None,Golla-1970;Gordon-1996;Woodward-1964,
11A-ite,ite,Itelmen,11A,Front Rounded Vowels,None,Volodin-1976,
11A-kab,kab,Kabardian,11A,Front Rounded Vowels,None,Kuipers-1960,
11A-knk,knk,Kanakuru,11A,Front Rounded Vowels,None,Newman-1974,
11A-kwa,kwa,Kwaio,11A,Front Rounded Vowels,None,Keesing-1985,
11A-shu,shu,Shuswap,11A,Front Rounded Vowels,None,Kuipers-1974,
11A-tne,tne,Temne,11A,Front Rounded Vowels,None,Dalby-1966;Wilson-1961a,
11A-ctl,ctl,Catalan,11A,Front Rounded Vowels,None,Carbonell-and-Llisteri-1999,
11A-lui,lui,Luiseño,11A,Front Rounded Vowels,None,Bright-1965a;Bright-1968;Hyde-1971;Kroeber-and-Grace-1960;Malecot-1963b,
11A-nmb,nmb,Nambikuára (Southern),11A,Front Rounded Vowels,None,Kroeker-1972;Price-1976,
11A-nas,nas,Nasioi,11A,Front Rounded Vowels,None,Hurd-and-Hurd-1966,
11A-hop,hop,Hopi,11A,Front Rounded Vowels,Mid only,Kluckhohn-and-MacLeish-1955;Voegelin-1956;Whorf-1946a,
11A-mum,mum,Mumuye,11A,Front Rounded Vowels,None,Shimizu-1983,
11A-tac,tac,Tacana,11A,Front Rounded Vowels,None,Van-Wynen-and-Van-Wynen-1962;Key-1968,
11A-ter,ter,Tera,11A,Front Rounded Vowels,None,Newman-1970,
11A-wma,wma,West Makian,11A,Front Rounded Vowels,None,Voorhoeve-1982;Watuseke-1976,
11A-wiy,wiy,Wiyot,11A,Front Rounded Vowels,None,Teeter-1964,
11A-brr,brr,Bororo,11A,Front Rounded Vowels,None,Crowell-1979,
11A-djp,djp,Djapu,11A,Front Rounded Vowels,None,Morphy-1983;Rose-et-al-1982,
11A-doy,doy,Doyayo,11A,Front Rounded Vowels,None,Wiering-1974,
11A-krd,krd,Kurdish (Central),11A,Front Rounded Vowels,None,Abdulla-and-McCarus-1967;McCarus-1958,
11A-len,len,Lenakel,11A,Front Rounded Vowels,None,Lynch-1978,
11A-qaw,qaw,Qawasqar,11A,Front Rounded Vowels,None,Clairis-1977;Clairis-1985,
11A-ttn,ttn,Tetun,11A,Front Rounded Vowels,None,Morris-1984,
11A-ygr,ygr,Yagaria,11A,Front Rounded Vowels,None,Haiman-1980;Renck-1967;Renck-1975,
11A-cub,cub,Cubeo,11A,Front Rounded Vowels,None,Morse-and-Maxwell-1999b;Salser-1971,
11A-dgr,dgr,Dagur,11A,Front Rounded Vowels,High only,Bao-1982,
11A-htc,htc,Huastec,11A,Front Rounded Vowels,None,Larsen-and-Pike-1949;McQuown-1984;Peralta-1984,
11A-ik,ik,Ik,11A,Front Rounded Vowels,None,Heine-1975b;Tucker-1971,
11A-nun,nun,Nung (in Vietnam),11A,Front Rounded Vowels,None,Li-1977a,
11A-pae,pae,Páez,11A,Front Rounded Vowels,None,Gerdel-1985;Gerdel-1973;Jung-1989,
11A-sed,sed,Sedang,11A,Front Rounded Vowels,None,Smith-1968;Smith-1979,
11A-bsk,bsk,Bashkir,11A,Front Rounded Vowels,High and mid,Poppe-1964,
11A-mlk,mlk,Malakmalak,11A,Front Rounded Vowels,Mid only,Tryon-1974;Birk-1975,
11A-arc,arc,Archi,11A,Front Rounded Vowels,None,Kodzasov-1977,
11A-ava,ava,Avar,11A,Front Rounded Vowels,None,Charachidze-1981;Zhirkov-1936,
11A-gbb,gbb,Gbeya Bossangoa,11A,Front Rounded Vowels,None,Monino-and-Roulon-1972;Samarin-1966,
11A-ngz,ngz,Ngizim,11A,Front Rounded Vowels,None,Schuh-1981,
11A-poh,poh,Pohnpeian,11A,Front Rounded Vowels,None,Rehg-1984a;Rehg-1984b;Rehg-1981,
11A-hve,hve,Huave (San Mateo del Mar),11A,Front Rounded Vowels,None,Stairs-Kreger-and-Scharfe-de-Stairs-1981;Suarez-1975,
11A-kty,kty,Khanty,11A,Front Rounded Vowels,None,Gulya-1966;Nikolaeva-1999,
11A-tel,tel,Telugu,11A,Front Rounded Vowels,None,Krishnamurti-1961;Sastry-1972;Lisker-1963;Kelley-1963;Kostic-et-al-1977,
11A-ykt,ykt,Yakut,11A,Front Rounded Vowels,High and mid,Bohtlingk-1964;Ubrjatova-1966;Krueger-1962,
11A-klm,klm,Klamath,11A,Front Rounded Vowels,None,Barker-1963a;Barker-1964,
11A-nep,nep,Nepali,11A,Front Rounded Vowels,None,Bandhu-et-al-1971,
11A-tgr,tgr,Tigré,11A,Front Rounded Vowels,None,Klingenheben-1966;Palmer-1962,
11A-tuv,tuv,Tuvan,11A,Front Rounded Vowels,High and mid,Anderson-and-Harrison-1999;Sat-1966;Seglenmej-1979;Song-1982,
11A-nor,nor,Norwegian,11A,Front Rounded Vowels,High and mid,Vanvik-1972,
11A-qui,qui,Quileute,11A,Front Rounded Vowels,None,Hoard-1993;Powell-1975,
11A-bre,bre,Breton,11A,Front Rounded Vowels,High and mid,Ternes-1970;Bothorel-1982,
11A-ijo,ijo,Ijo (Kolokuma),11A,Front Rounded Vowels,None,Williamson-1965,
11A-luo,luo,Luo,11A,Front Rounded Vowels,None,Gregersen-1961,
11A-psh,psh,Pashto,11A,Front Rounded Vowels,None,Penzl-1955;Shafeev-1964;Grjunberg-1987,
11A-wao,wao,Waorani,11A,Front Rounded Vowels,None,Saint-and-Pike-1962,
11A-wap,wap,Wappo,11A,Front Rounded Vowels,None,Sawyer-1965,
11A-win,win,Wintu,11A,Front Rounded Vowels,None,Pitkin-1984;Schlichter-1981,
11A-akn,akn,Akan,11A,Front Rounded Vowels,None,Ladefoged-1964;Dolphyne-1988;Schachter-and-Fromkin-1968;Stewart-1967;Welmers-1946,
11A-bri,bri,Bribri,11A,Front Rounded Vowels,None,Arroyo-1972,
11A-cax,cax,Campa (Axininca),11A,Front Rounded Vowels,None,Dirks-1953;Payne-1981,
11A-lug,lug,Lugbara,11A,Front Rounded Vowels,None,Anderson-1986;Tucker-and-Bryan-1966;Crazzolara-1960,
11A-maa,maa,Maasai,11A,Front Rounded Vowels,None,Tucker-and-Bryan-1966;Tucker-and-Mpaayei-1955,
11A-yap,yap,Yapese,11A,Front Rounded Vowels,None,Jensen-et-al-1977a;Hsu-1969,
11A-iaa,iaa,Iaai,11A,Front Rounded Vowels,High and mid,Haudricourt-1971;Maddieson-and-Anderson-1995;Ozanne-Rivierre-1976,
11A-jaq,jaq,Jaqaru,11A,Front Rounded Vowels,None,Hardman-2000,
11A-tgk,tgk,Tigak,11A,Front Rounded Vowels,None,Beaumont-1979,
11A-ton,ton,Tonkawa,11A,Front Rounded Vowels,None,Hoijer-1946b;Hoijer-1972;Hoijer-1949,
11A-amp,amp,Arrernte (Mparntwe),11A,Front Rounded Vowels,None,Henderson-1994,
11A-die,die,Diegueño (Mesa Grande),11A,Front Rounded Vowels,None,Langdon-1970,
11A-diy,diy,Diyari,11A,Front Rounded Vowels,None,Austin-1981,
11A-lak,lak,Lak,11A,Front Rounded Vowels,None,Khajdakov-1966b;Murkelinskij-1967;Zhirkov-1955,
11A-mne,mne,Maidu (Northeast),11A,Front Rounded Vowels,None,Shipley-1956;Shipley-1964,
11A-eka,eka,Ekari,11A,Front Rounded Vowels,None,Doble-1987;Steltenpool-1969,
11A-ham,ham,Hamtai,11A,Front Rounded Vowels,None,Healey-1981;Oates-and-Oates-1968,
11A-mrg,mrg,Margi,11A,Front Rounded Vowels,None,Maddieson-1987;Hoffmann-1963,
11A-nan,nan,Nandi,11A,Front Rounded Vowels,None,Creider-and-Creider-1989,
11A-mrd,mrd,Marind,11A,Front Rounded Vowels,None,Drabbe-1955,
11A-abi,abi,Abipón,11A,Front Rounded Vowels,None,Najlis-1966,
11A-mab,mab,Maba,11A,Front Rounded Vowels,None,Tucker-and-Bryan-1966,
11A-wlf,wlf,Wolof,11A,Front Rounded Vowels,None,Sauvageot-1965;Manessy-and-Sauvageot-1963;Ward-1963;Ka-1994,
11A-chv,chv,Chuvash,11A,Front Rounded Vowels,High and mid,Andreev-1966;Krueger-1961,
11A-kas,kas,Kashmiri,11A,Front Rounded Vowels,None,Bhat-1987;Kelkar-and-Trisal-1964;Zakharin-1974;Zakharin-and-Edelman-1971,
11A-pur,pur,Purépecha,11A,Front Rounded Vowels,None,Chamereau-2000;Foster-1969;de-Paul-1989,
11A-una,una,Una,11A,Front Rounded Vowels,None,Louwerse-1988,
11A-dyi,dyi,Dyirbal,11A,Front Rounded Vowels,None,Dixon-1972,
11A-haw,haw,Hawaiian,11A,Front Rounded Vowels,None,Elbert-and-Pukui-1979;Pukui-and-Elbert-1965;Schutz-1981,
11A-kch,kch,Koyra Chiini,11A,Front Rounded Vowels,None,Heath-1999b,
11A-lit,lit,Lithuanian,11A,Front Rounded Vowels,None,Ambrazas-et-al-1966;Senn-1966;Augustitis-1964,
11A-ood,ood,O'odham,11A,Front Rounded Vowels,None,Saxton-and-Saxton-1969;Hale-1959;Saxton-1963,
11A-rom,rom,Romanian,11A,Front Rounded Vowels,None,Agard-1958;Tataru-1978;Ruhlen-1973,
11A-bul,bul,Bulgarian,11A,Front Rounded Vowels,None,Bidwell-1968;Aronson-1968;Klagstad-1958;Scatton-1984;Ternes-and-Vladimirova-Buhtz-1999,
11A-lah,lah,Lahu,11A,Front Rounded Vowels,None,Matisoff-1988;Matisoff-1973,
11A-yuc,yuc,Yuchi,11A,Front Rounded Vowels,None,Ballard-1975;Crawford-1973,
11A-pso,pso,Pomo (Southeastern),11A,Front Rounded Vowels,None,Moshinsky-1974,
11A-zun,zun,Zuni,11A,Front Rounded Vowels,None,Walker-1972;Newman-1965,
11A-snt,snt,Sentani,11A,Front Rounded Vowels,None,Cowan-1965,
11A-krb,krb,Kiribati,11A,Front Rounded Vowels,None,Groves-et-al-1985,
11A-som,som,Somali,11A,Front Rounded Vowels,None,Andrzejewsky-1955;Andrzejewsky-1956;Armstrong-1964;Farnetani-1981;Hyman-1981a;Cardona-1981,
11A-cnt,cnt,Cantonese,11A,Front Rounded Vowels,High and mid,Zee-1999,
11A-fur,fur,Fur,11A,Front Rounded Vowels,None,Jakobi-1990;Tucker-and-Bryan-1966;Beaton-1968,
11A-pol,pol,Polish,11A,Front Rounded Vowels,None,,
11A-ker,ker,Kera,11A,Front Rounded Vowels,None,Ebert-1976;Ebert-1979,
11A-lad,lad,Ladakhi,11A,Front Rounded Vowels,None,Koshal-1979,
11A-lep,lep,Lepcha,11A,Front Rounded Vowels,Mid only,Ju-1996;Mainwaring-1876;Mainwaring-1898,
11A-tli,tli,Tlingit,11A,Front Rounded Vowels,None,Maddieson-et-al-2001,
11A-wam,wam,Wambaya,11A,Front Rounded Vowels,None,Nordlinger-1998,
11A-alb,alb,Albanian,11A,Front Rounded Vowels,High only,Newmark-1957,
11A-bam,bam,Bambara,11A,Front Rounded Vowels,None,Bird-et-al-1977,
11A-kyl,kyl,Kayah Li (Eastern),11A,Front Rounded Vowels,None,Solnit-1997,
11A-nti,nti,Ngiti,11A,Front Rounded Vowels,None,Kutsch-Lojenga-1994,
11A-car,car,Carib,11A,Front Rounded Vowels,None,Hoff-1968;Peasgood-1972,
11A-mak,mak,Makah,11A,Front Rounded Vowels,None,Jacobsen-1999,
11A-tsi,tsi,Tsimshian (Coast),11A,Front Rounded Vowels,None,Mulder-1988;Hoard-1978;Dunn-1979;Dunn-1970;Dunn-1995,
11A-tun,tun,Tunica,11A,Front Rounded Vowels,None,Haas-1940,
11A-sue,sue,Suena,11A,Front Rounded Vowels,None,Wilson-1969;Wilson-1974,
11A-mku,mku,Maranungku,11A,Front Rounded Vowels,None,Tryon-1970b,
11A-mrl,mrl,Murle,11A,Front Rounded Vowels,None,Yigezu-2001;Arensen-1982,
11A-psm,psm,Passamaquoddy-Maliseet,11A,Front Rounded Vowels,None,LeSourd-1993;Leavitt-1996;Sherwood-1986,
11A-pit,pit,Pitjantjatjara,11A,Front Rounded Vowels,None,Glass-and-Hackett-1970;Eckert-and-Hudson-1988,
11A-amh,amh,Amharic,11A,Front Rounded Vowels,None,Hayward-and-Hayward-1999,
11A-ana,ana,Araona,11A,Front Rounded Vowels,None,de-Pitman-1981,
11A-cyv,cyv,Cayuvava,11A,Front Rounded Vowels,None,Key-1961;Key-1967,
11A-dio,dio,Diola-Fogny,11A,Front Rounded Vowels,None,Sapir-1965,
11A-arm,arm,Armenian (Eastern),11A,Front Rounded Vowels,None,Allen-1950,
11A-aym,aym,Aymara (Central),11A,Front Rounded Vowels,None,Martin-1969,
11A-baw,baw,Bawm,11A,Front Rounded Vowels,None,Reichle-1981,
11A-wrd,wrd,Wardaman,11A,Front Rounded Vowels,None,Merlan-1994,
11A-hai,hai,Haida,11A,Front Rounded Vowels,None,Sapir-1923,
11A-kmu,kmu,Khmu',11A,Front Rounded Vowels,None,Svantesson-1983,
11A-usa,usa,Usan,11A,Front Rounded Vowels,None,Reesink-1987,
11A-pai,pai,Paiwan,11A,Front Rounded Vowels,None,Ho-1977;Ferrel-1982,
11A-ung,ung,Ungarinjin,11A,Front Rounded Vowels,None,Rumsey-1982;Coate-and-Elkin-1974;Coate-and-Oates-1970,
11A-bej,bej,Beja,11A,Front Rounded Vowels,None,Hudson-1974;Hudson-1976b,
11A-dre,dre,Drehu,11A,Front Rounded Vowels,None,Moyse-Faurie-1983,
11A-gar,gar,Garo,11A,Front Rounded Vowels,None,Burling-1961,
11A-pms,pms,Paamese,11A,Front Rounded Vowels,None,Crowley-1982,
11A-mss,mss,Miwok (Southern Sierra),11A,Front Rounded Vowels,None,Broadbent-1964;Freeland-1951,
11A-sml,sml,Semelai,11A,Front Rounded Vowels,None,Kruspe-1999,
11A-yur,yur,Yurok,11A,Front Rounded Vowels,None,Robins-1958,
11A-dag,dag,Daga,11A,Front Rounded Vowels,None,Murane-1974,
11A-otm,otm,Otomí (Mezquital),11A,Front Rounded Vowels,None,Wallis-1968;Hess-1968;Sinclair-and-Pike-1948,
11A-igb,igb,Igbo,11A,Front Rounded Vowels,None,Ikekeonwu-1999,
11A-nez,nez,Nez Perce,11A,Front Rounded Vowels,None,Aoki-1994,
11A-brh,brh,Brahui,11A,Front Rounded Vowels,None,De-Armond-1975;Emeneau-1937;Emeneau-1962,
11A-cah,cah,Cahuilla,11A,Front Rounded Vowels,None,Sauvel-and-Munro-1981;Bright-1965b;Seiler-1977,
11A-cle,cle,Chinantec (Lealao),11A,Front Rounded Vowels,None,Rupp-1989;Rupp-1990,
11A-knm,knm,Kunama,11A,Front Rounded Vowels,None,Bender-1996,
11A-nav,nav,Navajo,11A,Front Rounded Vowels,None,Young-and-Morgan-1972;Sapir-and-Hoijer-1967,
11A-zqc,zqc,Zoque (Copainalá),11A,Front Rounded Vowels,None,Wonderly-1951a,
11A-bkr,bkr,Batak (Karo),11A,Front Rounded Vowels,None,Woollams-1996,
11A-cmn,cmn,Comanche,11A,Front Rounded Vowels,None,Charney-1993;Wistrand-Robinson-and-Armagost-1990,
11A-nko,nko,Nkore-Kiga,11A,Front Rounded Vowels,None,Taylor-1985,
11A-squ,squ,Squamish,11A,Front Rounded Vowels,None,Kuipers-1967,
11A-tru,tru,Trumai,11A,Front Rounded Vowels,None,Guirardello-1999b;Monod-Becquelin-1975;Guirardello-1992,
11A-dni,dni,Dani (Lower Grand Valley),11A,Front Rounded Vowels,None,Bromley-1961;van-der-Stap-1966,
11A-nen,nen,Nenets,11A,Front Rounded Vowels,None,Ristinen-1965;Katz-1975a;Ristinen-1968;Hajdu-1963;Decsy-1966;Tereshchenko-1966a,
11A-urk,urk,Urubú-Kaapor,11A,Front Rounded Vowels,None,Kakumasu-1986,
11A-coo,coo,Coos (Hanis),11A,Front Rounded Vowels,None,Zenk-1990,
11A-cre,cre,Cree (Plains),11A,Front Rounded Vowels,None,Dahlstrom-1991;Vinay-1992,
11A-nht,nht,Nahuatl (Tetelcingo),11A,Front Rounded Vowels,None,Tuggy-1979,
11A-yim,yim,Yimas,11A,Front Rounded Vowels,None,Foley-1991,
11A-ika,ika,Ika,11A,Front Rounded Vowels,None,Frank-1990;Tracy-and-Tracy-1973,
11A-kse,kse,Koyraboro Senni,11A,Front Rounded Vowels,None,Prost-1956;Williamson-1967,
11A-mun,mun,Mundari,11A,Front Rounded Vowels,None,Gumperz-and-Bilibiri-1957;Pinnow-1959;Sinha-1975,
11A-yid,yid,Yidiny,11A,Front Rounded Vowels,None,Dixon-1977a,
11A-krk,krk,Karok,11A,Front Rounded Vowels,None,Bright-1957,
11A-tab,tab,Taba,11A,Front Rounded Vowels,None,Bowden-1997a;Bowden-and-Hajek-1999,
11A-aco,aco,Acoma,11A,Front Rounded Vowels,None,Miller-1966,
11A-pau,pau,Paumarí,11A,Front Rounded Vowels,None,Chapman-and-Derbyshire-1991;Chapman-1981,
11A-arp,arp,Arapesh (Mountain),11A,Front Rounded Vowels,None,Conrad-and-Wogiga-1991,
11A-ond,ond,Oneida,11A,Front Rounded Vowels,None,Michelson-1988;Abbott-2000,
11A-asm,asm,Asmat,11A,Front Rounded Vowels,None,Voorhoeve-1965,
11A-ewe,ewe,Ewe,11A,Front Rounded Vowels,None,Pasch-1995,
11A-grb,grb,Grebo,11A,Front Rounded Vowels,None,Innes-1966,
11A-hmo,hmo,Hmong Njua,11A,Front Rounded Vowels,None,Harriehausen-1990;Lyman-1974;Purnell-1972;Smalley-1976;Wang-1983;Wang-1985,
11A-khs,khs,Khasi,11A,Front Rounded Vowels,None,Rabel-1961,
11A-khm,khm,Khmer,11A,Front Rounded Vowels,None,Ehrman-1972b;Huffman-1970a;Huffman-1970b;Jacob-1968,
11A-kio,kio,Kiowa,11A,Front Rounded Vowels,None,Sivertsen-1956;Watkins-1984,
11A-wic,wic,Wichita,11A,Front Rounded Vowels,None,Rood-1976,
11A-juh,juh,Ju|'hoan,11A,Front Rounded Vowels,None,Dickens-1994;Snyman-1970;Snyman-1975,
11A-klv,klv,Kilivila,11A,Front Rounded Vowels,None,Senft-1986,
11A-nug,nug,Nunggubuyu,11A,Front Rounded Vowels,None,Hughes-and-Leeding-1971;Heath-1984,
11A-irq,irq,Iraqw,11A,Front Rounded Vowels,None,Maghway-1995;Mous-1993;Nordbustad-1988;Whiteley-1958,
11A-kew,kew,Kewa,11A,Front Rounded Vowels,None,Franklin-and-Franklin-1962,
11A-snm,snm,Sanuma,11A,Front Rounded Vowels,None,Aikhenvald-and-Dixon-1999;Borgman-1990,
11A-shk,shk,Shipibo-Konibo,11A,Front Rounded Vowels,None,Valenzuela-et-al-2001;Loriot-et-al-1993,
11A-epe,epe,Epena Pedee,11A,Front Rounded Vowels,None,Harms-1994;Harms-1984;Harms-1985,
11A-ket,ket,Ket,11A,Front Rounded Vowels,None,Dulzon-1968;Feev-1998;Krejnovich-1968a;Vajda-2000,
11A-koa,koa,Koasati,11A,Front Rounded Vowels,None,Haas-1944;Rising-1992,
11A-luv,luv,Luvale,11A,Front Rounded Vowels,None,Horton-1949,
11A-san,san,Sango,11A,Front Rounded Vowels,None,Samarin-1967b;Samarin-1967a,
11A-bag,bag,Bagirmi,11A,Front Rounded Vowels,None,Stevenson-1969,
11A-hzb,hzb,Hunzib,11A,Front Rounded Vowels,None,van-den-Berg-1995,
11A-ing,ing,Ingush,11A,Front Rounded Vowels,None,Nichols-1994b,
11A-mau,mau,Maung,11A,Front Rounded Vowels,None,Capell-and-Hinch-1970,
11A-kfe,kfe,Koromfe,11A,Front Rounded Vowels,None,Rennison-1997,
11A-ram,ram,Rama,11A,Front Rounded Vowels,None,Grinevald-1988,
11A-wch,wch,Wichí,11A,Front Rounded Vowels,None,Hunt-1940;Tovar-1981;Vinas-Urquiza-1974,
11A-yag,yag,Yagua,11A,Front Rounded Vowels,None,Payne-1985,
11A-niv,niv,Nivkh,11A,Front Rounded Vowels,None,Krejnovich-1937;Gruzdeva-1998,
11A-apu,apu,Apurinã,11A,Front Rounded Vowels,None,Facundes-2000,
11A-bma,bma,Berber (Middle Atlas),11A,Front Rounded Vowels,None,Abdel-Massih-1971;Penchoen-1973b,
11A-wra,wra,Warao,11A,Front Rounded Vowels,None,de-Goeje-1930;Vaquero-1965;Osborn-1966;Romero-Figueroa-1997,
11A-imo,imo,Imonda,11A,Front Rounded Vowels,None,Seiler-1985,
11A-awp,awp,Awa Pit,11A,Front Rounded Vowels,None,Curnow-1997,
11A-kob,kob,Kobon,11A,Front Rounded Vowels,None,Davies-1980;Davies-1981b,
11A-lat,lat,Latvian,11A,Front Rounded Vowels,None,Mathiassen-1997,
11A-mar,mar,Maricopa,11A,Front Rounded Vowels,None,Gordon-1986,
11A-ala,ala,Alamblak,11A,Front Rounded Vowels,None,Bruce-1984,
11A-goo,goo,Gooniyandi,11A,Front Rounded Vowels,None,McGregor-1990,
11A-kut,kut,Kutenai,11A,Front Rounded Vowels,None,Morgan-1991;Garvin-1948a,
11A-mxc,mxc,Mixtec (Chalcatongo),11A,Front Rounded Vowels,None,Macaulay-1996,
11A-lav,lav,Lavukaleve,11A,Front Rounded Vowels,None,Terrill-1999,
11A-rap,rap,Rapanui,11A,Front Rounded Vowels,None,Du-Feu-1996,
11A-ain,ain,Ainu,11A,Front Rounded Vowels,None,Patrie-1982;Simeon-1969,
11A-jak,jak,Jakaltek,11A,Front Rounded Vowels,None,Craig-1977;Day-1973,
11A-lkt,lkt,Lakhota,11A,Front Rounded Vowels,None,Carter-1974,
11A-mrt,mrt,Martuthunira,11A,Front Rounded Vowels,None,Dench-1995,
11A-prh,prh,Pirahã,11A,Front Rounded Vowels,None,Everett-1986,
11A-war,war,Wari',11A,Front Rounded Vowels,High and mid,MacEachern-et-al-1997;Everett-and-Kern-1997,
11A-gua,gua,Guaraní,11A,Front Rounded Vowels,None,Gregores-and-Suarez-1967;Uldall-1956;Lunt-1973,
11A-kho,kho,Khoekhoe,11A,Front Rounded Vowels,None,Vossen-1997;Hagman-1977;Ladefoged-and-Traill-1984,
11A-mei,mei,Meithei,11A,Front Rounded Vowels,None,Bhat-and-Ningomba-1997;Chelliah-1997,
11A-ngi,ngi,Ngiyambaa,11A,Front Rounded Vowels,None,Donaldson-1980,
11A-brm,brm,Burmese,11A,Front Rounded Vowels,None,Watkins-2001;Okell-1969,
11A-kro,kro,Krongo,11A,Front Rounded Vowels,None,Reh-1985,
11A-myi,myi,Mangarrayi,11A,Front Rounded Vowels,None,Merlan-1982,
11A-tiw,tiw,Tiwi,11A,Front Rounded Vowels,None,Anderson-and-Maddieson-1994;Osborne-1974;Lee-1984;Lee-1983,
11A-knr,knr,Kanuri,11A,Front Rounded Vowels,None,Awobuluyi-1971;Hutchison-1981;Lukas-1937,
11A-kay,kay,Kayardild,11A,Front Rounded Vowels,None,Evans-1995,
11A-map,map,Mapudungun,11A,Front Rounded Vowels,None,Smeets-1989,
11A-yor,yor,Yoruba,11A,Front Rounded Vowels,None,Bamgbose-1966,
11A-yko,yko,Yukaghir (Kolyma),11A,Front Rounded Vowels,Mid only,Maslova-1999,
11A-may,may,Maybrat,11A,Front Rounded Vowels,None,Dol-1999,
11A-tuk,tuk,Tukang Besi,11A,Front Rounded Vowels,None,Donohue-1999a;Donohue-1999c,
11A-bur,bur,Burushaski,11A,Front Rounded Vowels,None,Anderson-1997b;Morgenstierne-1945,
11A-cha,cha,Chamorro,11A,Front Rounded Vowels,None,Seiden-1960;Topping-1973,
11A-chk,chk,Chukchi,11A,Front Rounded Vowels,None,Krause-1980;Skorik-1961;Skorik-1968,
11A-fij,fij,Fijian,11A,Front Rounded Vowels,None,Dixon-1988,
11A-lan,lan,Lango,11A,Front Rounded Vowels,None,Okello-1975,
11A-orh,orh,Oromo (Harar),11A,Front Rounded Vowels,None,Owens-1985,
11A-tha,tha,Thai,11A,Front Rounded Vowels,None,Noss-1954;Abramson-1962;Kalaya-and-Abramson-1999;Noss-1964;Haas-1964;Kruatrachue-1960,
11A-yaq,yaq,Yaqui,11A,Front Rounded Vowels,None,Dedrick-and-Casad-1999;Kurath-and-Spicer-1947,
11A-zul,zul,Zulu,11A,Front Rounded Vowels,None,Canonici-1989;Doke-1926;Doke-1961;Poulos-and-Bosch-1997;Ziervogel-et-al-1981;Poulos-and-Msimang-1998,
11A-sla,sla,Slave,11A,Front Rounded Vowels,None,Rice-1976;Rice-1989;Rice-1978,
11A-aeg,aeg,Arabic (Egyptian),11A,Front Rounded Vowels,None,Kennedy-1960;Mitchell-1962;Tomiche-1964,
11A-grw,grw,Greenlandic (West),11A,Front Rounded Vowels,None,Rischel-1974,
11A-hix,hix,Hixkaryana,11A,Front Rounded Vowels,None,Derbyshire-1985,
11A-swa,swa,Swahili,11A,Front Rounded Vowels,None,Polome-nd,
11A-vie,vie,Vietnamese,11A,Front Rounded Vowels,None,Thompson-1965;Emeneau-1951;Nguyen-1990;Nguyen-1974a,
11A-hin,hin,Hindi,11A,Front Rounded Vowels,None,Kelkar-1968;Ohala-1983;Ohala-1999,
11A-ckr,ckr,Canela-Krahô,11A,Front Rounded Vowels,None,Popjes-and-Popjes-1986,
11A-tag,tag,Tagalog,11A,Front Rounded Vowels,None,Schachter-and-Otanes-1972;Bloomfield-1917,
11A-geo,geo,Georgian,11A,Front Rounded Vowels,None,Vogt-1958;Tschenkeli-1958;Hewitt-1995;Robins-and-Waterson-1952;Selmer-1935;Vogt-1938;Neisser-1953;Vogt-1971,
11A-knd,knd,Kannada,11A,Front Rounded Vowels,None,Upadhyaya-1972;Sridhar-1990;Steever-1998b,
11A-kha,kha,Khalkha,11A,Front Rounded Vowels,None,Street-1963;Hangin-1968;Luvsanvandan-1964;Svantesson-1985,
11A-mal,mal,Malagasy,11A,Front Rounded Vowels,None,Dyen-1971b;Dahl-1952,
11A-sup,sup,Supyire,11A,Front Rounded Vowels,None,Carlson-1994,
11A-hau,hau,Hausa,11A,Front Rounded Vowels,None,Newman-2000;Schuh-and-Bagari-1999,
11A-mao,mao,Maori,11A,Front Rounded Vowels,None,Bauer-1993,
11A-bsq,bsq,Basque,11A,Front Rounded Vowels,None,Saltarelli-et-al-1988,
11A-abk,abk,Abkhaz,11A,Front Rounded Vowels,None,Hewitt-1979,
11A-eve,eve,Evenki,11A,Front Rounded Vowels,None,Bulatova-and-Grenoble-1999;Nedjalkov-1997,
11A-kor,kor,Korean,11A,Front Rounded Vowels,None,Kim-1972;Martin-1954;Kim-1986;Lee-1999;Martin-1951;Martin-and-Lee-1969;Cho-1967,
11A-prs,prs,Persian,11A,Front Rounded Vowels,None,Obolensky-et-al-1963;Majidi-and-Ternes-1999,
11A-ame,ame,Amele,11A,Front Rounded Vowels,None,Roberts-1987,
11A-ger,ger,German,11A,Front Rounded Vowels,High and mid,Kohler-1999;Moulton-1962;Wangler-1972,
11A-grk,grk,Greek (Modern),11A,Front Rounded Vowels,None,Householder-et-al-1964,
11A-lez,lez,Lezgian,11A,Front Rounded Vowels,High only,Kodzasov-1990a;Haspelmath-1993,
11A-jpn,jpn,Japanese,11A,Front Rounded Vowels,None,Jorden-1963;Bloch-1950;Martin-1952;Shibatani-1990,
11A-mnd,mnd,Mandarin,11A,Front Rounded Vowels,High only,Hanyu-1960;Chao-1968;Cheng-1973a;Dow-1972,
11A-hun,hun,Hungarian,11A,Front Rounded Vowels,High and mid,Hall-1944;Banhidi-et-al-1965;Szende-1999,
11A-ind,ind,Indonesian,11A,Front Rounded Vowels,None,Alwi-et-al-1998,
11A-fin,fin,Finnish,11A,Front Rounded Vowels,High and mid,Harms-1964;Lehtinen-1970;Wiik-1965,
11A-rus,rus,Russian,11A,Front Rounded Vowels,None,Jones-and-Ward-1969;Halle-1959,
11A-spa,spa,Spanish,11A,Front Rounded Vowels,None,Harris-1969a;Saporta-and-Contreras-1962;Navarro-1961,
11A-tur,tur,Turkish,11A,Front Rounded Vowels,High and mid,Zimmer-and-Orgun-1999,
11A-fre,fre,French,11A,Front Rounded Vowels,High and mid,Sten-1963;Fougeron-and-Smith-1999,
11A-eng,eng,English,11A,Front Rounded Vowels,None,Gimson-1970,
11A-ndy,ndy,Ndyuka,11A,Front Rounded Vowels,None,Huttar-and-Huttar-1994;Huttar-and-Huttar-1972,
