ID,Language_ID,Language_name,Parameter_ID,Parameter_name,Value,Source,Comment
7A-kgi,kgi,Konyagi,7A,Glottalized Consonants,Implosives only,Santos-1977,
7A-cve,cve,Chuave,7A,Glottalized Consonants,No glottalized consonants,Thurman-1970,
7A-nbk,nbk,Natügu,7A,Glottalized Consonants,No glottalized consonants,Wurm-1972b,
7A-ach,ach,Aché,7A,Glottalized Consonants,No glottalized consonants,Susnik-1974,
7A-aiz,aiz,Aizi,7A,Glottalized Consonants,Implosives only,Herault-1971,
7A-brb,brb,Bariba,7A,Glottalized Consonants,No glottalized consonants,Welmers-1952a,
7A-koh,koh,Kohumono,7A,Glottalized Consonants,Implosives only,Cook-1969b,
7A-mrn,mrn,Maranao,7A,Glottalized Consonants,No glottalized consonants,McKaughan-and-Macaraya-1967;McKaughan-1958,
7A-mxm,mxm,Mixtec (Molinos),7A,Glottalized Consonants,No glottalized consonants,Hunter-and-Pike-1969,
7A-sab,sab,Sa'ban,7A,Glottalized Consonants,No glottalized consonants,Clayre-1973,
7A-tks,tks,Teke (Southern),7A,Glottalized Consonants,No glottalized consonants,Paulian-1975,
7A-wdo,wdo,Western Desert (Ooldea),7A,Glottalized Consonants,No glottalized consonants,Douglas-1955;Douglas-1964,
7A-wuc,wuc,Wu (Changzhou),7A,Glottalized Consonants,No glottalized consonants,Chao-1970,
7A-ald,ald,Alladian,7A,Glottalized Consonants,No glottalized consonants,Dumestre-and-Duponchel-1971;Duponchel-1971,
7A-bki,bki,Bakairí,7A,Glottalized Consonants,No glottalized consonants,Wheatley-1969;Wheatley-1973,
7A-brd,brd,Bardi,7A,Glottalized Consonants,No glottalized consonants,Metcalfe-1971,
7A-bee,bee,Beembe,7A,Glottalized Consonants,No glottalized consonants,Jacquot-1962;Jacquot-1981,
7A-bbf,bbf,Bobo Madaré (Northern),7A,Glottalized Consonants,No glottalized consonants,Morse-1976;Bris-and-Prost-1981,
7A-brw,brw,Bru (Western),7A,Glottalized Consonants,No glottalized consonants,Thongkum-1979,
7A-cad,cad,Caddo,7A,Glottalized Consonants,Ejectives only,Chafe-1976;Chafe-1979,
7A-dad,dad,Dadibi,7A,Glottalized Consonants,No glottalized consonants,MacDonald-1973,
7A-ddf,ddf,Daju (Dar Fur),7A,Glottalized Consonants,Implosives only,Thelwall-1981;Tucker-and-Bryan-1966,
7A-dnw,dnw,Dangaléat (Western),7A,Glottalized Consonants,Implosives only,Fedry-1977,
7A-dar,dar,Darai,7A,Glottalized Consonants,No glottalized consonants,Kotapish-and-Kotapish-1973;Kotapish-and-Kotapish-1975,
7A-det,det,Deti,7A,Glottalized Consonants,Ejectives and implosives,Vossen-1997,
7A-dts,dts,Toro So,7A,Glottalized Consonants,No glottalized consonants,Bendor-Samuel-et-al-1989;Plungian-1995,
7A-fuz,fuz,Fuzhou,7A,Glottalized Consonants,No glottalized consonants,Chan-1985;Chen-and-Norman-1965;Hanyu-1960;Norman-1988,
7A-gla,gla,Gelao,7A,Glottalized Consonants,No glottalized consonants,He-1981;He-1983,
7A-had,had,Hadza,7A,Glottalized Consonants,Ejectives only,Sands-et-al-1996;Tucker-et-al-1977,
7A-hba,hba,Hebrew (Modern Ashkenazic),7A,Glottalized Consonants,No glottalized consonants,Bolozky-1978;Bolozky-1997,
7A-ird,ird,Irish (Donegal),7A,Glottalized Consonants,No glottalized consonants,Ni-Chasaide-1999;O-Dochartaigh-1992,
7A-iso,iso,Isoko,7A,Glottalized Consonants,No glottalized consonants,Donwa-1982,
7A-ivs,ivs,Ivatan (Southern),7A,Glottalized Consonants,No glottalized consonants,Cottle-and-Cottle-1958;Heye-and-Hidalgo-1967;Hidalgo-and-Hidalgo-1971,
7A-jpr,jpr,Japreria,7A,Glottalized Consonants,No glottalized consonants,Durbin-and-Seijas-1972,
7A-jom,jom,Jomang,7A,Glottalized Consonants,No glottalized consonants,Schadeberg-1981a,
7A-kzh,kzh,Kam (Zhanglu),7A,Glottalized Consonants,No glottalized consonants,Zheng-and-Quan-1988,
7A-ked,ked,Kedang,7A,Glottalized Consonants,No glottalized consonants,Korner-1985;Samely-1991,
7A-kss,kss,Kisi (Southern),7A,Glottalized Consonants,Implosives only,Childs-1995,
7A-kpa,kpa,Kpan,7A,Glottalized Consonants,No glottalized consonants,Shimizu-1971,
7A-lkk,lkk,Lakkia,7A,Glottalized Consonants,Implosives only,Haudricourt-1967;Solnit-1988,
7A-lam,lam,Lamé,7A,Glottalized Consonants,Implosives only,Sachnine-1982,
7A-lua,lua,Lua,7A,Glottalized Consonants,Implosives only,Boyeldieu-1985,
7A-mya,mya,Ma'ya,7A,Glottalized Consonants,No glottalized consonants,Remijsen-2001;van-der-Leeden-1993,
7A-nkt,nkt,Nyah Kur (Tha Pong),7A,Glottalized Consonants,No glottalized consonants,Thongkum-1984;Diffloth-1984;Thongkum-1982,
7A-nyg,nyg,Nyangi,7A,Glottalized Consonants,Implosives only,Heine-1975a,
7A-ogb,ogb,Ogbia,7A,Glottalized Consonants,Implosives only,Williamson-1970;Williamson-1972,
7A-puk,puk,Parauk,7A,Glottalized Consonants,No glottalized consonants,Qiu-et-al-1980;Maddieson-and-Ladefoged-1985;Diffloth-1980,
7A-phl,phl,Phlong,7A,Glottalized Consonants,Implosives only,Cooke-et-al-1976,
7A-poa,poa,Po-Ai,7A,Glottalized Consonants,No glottalized consonants,,
7A-rsc,rsc,Romansch (Scharans),7A,Glottalized Consonants,No glottalized consonants,Soler-and-Ebneter-1988,
7A-rtk,rtk,Rotokas,7A,Glottalized Consonants,No glottalized consonants,Firchow-et-al-1973;Firchow-and-Firchow-1969,
7A-scs,scs,Saami (Central-South),7A,Glottalized Consonants,No glottalized consonants,Kert-1971;Hasselbrink-1965,
7A-svs,svs,Savosavo,7A,Glottalized Consonants,No glottalized consonants,Todd-1975,
7A-sui,sui,Sui,7A,Glottalized Consonants,Implosives and glottalized resonants,Li-1948,
7A-tmp,tmp,Tampulma,7A,Glottalized Consonants,No glottalized consonants,Bergman-et-al-1969,
7A-tok,tok,Tarok,7A,Glottalized Consonants,Implosives only,Robinson-1976,
7A-tza,tza,Tzeltal (Aguacatenango),7A,Glottalized Consonants,Ejectives only,Kaufman-1971,
7A-umb,umb,UMbundu,7A,Glottalized Consonants,No glottalized consonants,Schadeberg-1982;Schadeberg-1990,
7A-wnt,wnt,Wantoat,7A,Glottalized Consonants,No glottalized consonants,Davis-1969,
7A-wps,wps,Wapishana,7A,Glottalized Consonants,Implosives only,Tracy-1972,
7A-xia,xia,Xiamen,7A,Glottalized Consonants,No glottalized consonants,Norman-1988;Ramsey-1987;Hanyu-1960,
7A-aik,aik,Aikaná,7A,Glottalized Consonants,No glottalized consonants,Hanke-1956;Aikhenvald-and-Dixon-1999[362-363],
7A-akw,akw,Akawaio,7A,Glottalized Consonants,No glottalized consonants,Edwards-1978,
7A-aea,aea,Aleut (Eastern),7A,Glottalized Consonants,No glottalized consonants,Cho-et-al-1997;Jacobson-1944;Menovshchikov-1968;Rozelle-1997;Bergsland-1994;Bergsland-1956;Bergsland-1959,
7A-chu,chu,Chulupí,7A,Glottalized Consonants,Ejectives only,Stell-1972,
7A-fef,fef,Fe'fe',7A,Glottalized Consonants,No glottalized consonants,Hyman-1972,
7A-kef,kef,Kefa,7A,Glottalized Consonants,Ejectives only,Fleming-1976,
7A-ktk,ktk,Kotoko,7A,Glottalized Consonants,Ejectives and implosives,Bouny-1977,
7A-lu,lu,Lü,7A,Glottalized Consonants,No glottalized consonants,Li-1964;Morev-1978,
7A-nap,nap,Neo-Aramaic (Persian Azerbaijan),7A,Glottalized Consonants,No glottalized consonants,Garbell-1965,
7A-orm,orm,Ormuri,7A,Glottalized Consonants,No glottalized consonants,Efimov-1986,
7A-snd,snd,Senadi,7A,Glottalized Consonants,No glottalized consonants,Welmers-1950,
7A-wrs,wrs,Waris,7A,Glottalized Consonants,No glottalized consonants,Brown-1988b,
7A-byu,byu,Bandjalang (Yugumbir),7A,Glottalized Consonants,No glottalized consonants,Cunningham-1969,
7A-bno,bno,Waimaha,7A,Glottalized Consonants,No glottalized consonants,Stolte-and-Stolte-1971,
7A-bis,bis,Bisa,7A,Glottalized Consonants,No glottalized consonants,Naden-1973,
7A-cac,cac,Cacua,7A,Glottalized Consonants,No glottalized consonants,Cathcart-1979;Anderton-1989,
7A-iwm,iwm,Iwam,7A,Glottalized Consonants,No glottalized consonants,Laycock-1965b,
7A-jeh,jeh,Jeh,7A,Glottalized Consonants,Implosives only,Gradin-1966;Gradin-and-Gradin-1979;Cohen-1966,
7A-kek,kek,K'ekchí,7A,Glottalized Consonants,Ejectives and implosives,Freeze-1975;Haeseriju-1966,
7A-kul,kul,Kullo,7A,Glottalized Consonants,Ejectives and implosives,Allan-1976a,
7A-max,max,Maxakalí,7A,Glottalized Consonants,No glottalized consonants,Gudschinsky-et-al-1970,
7A-mtp,mtp,Mixe (Totontepec),7A,Glottalized Consonants,No glottalized consonants,Schoenhals-and-Schoenhals-1965;Crawford-1963,
7A-toa,toa,Toaripi,7A,Glottalized Consonants,No glottalized consonants,Brown-1973,
7A-yey,yey,Yeyi,7A,Glottalized Consonants,Ejectives only,Gowlett-1997,
7A-agh,agh,Aghem,7A,Glottalized Consonants,No glottalized consonants,Hyman-1979,
7A-aht,aht,Ahtna,7A,Glottalized Consonants,Ejectives only,Kari-1990,
7A-eya,eya,Eyak,7A,Glottalized Consonants,Ejectives only,Krauss-1965,
7A-kly,kly,Kala Lagaw Ya,7A,Glottalized Consonants,No glottalized consonants,Kennedy-1981;Wurm-1972a,
7A-kot,kot,Kota,7A,Glottalized Consonants,No glottalized consonants,Emeneau-1944,
7A-lus,lus,Lushootseed,7A,Glottalized Consonants,"Ejectives, implosives, and glottalized resonants",Bates-et-al-1994,
7A-nob,nob,Nobiin,7A,Glottalized Consonants,No glottalized consonants,Werner-1987;Bell-1971;Bell-1968,
7A-pac,pac,Pacoh,7A,Glottalized Consonants,Implosives only,Watson-1964,
7A-qco,qco,Quechua (Cochabamba),7A,Glottalized Consonants,Ejectives only,Lastra-1968,
7A-ror,ror,Roro,7A,Glottalized Consonants,No glottalized consonants,Davis-1974;Bluhme-1970,
7A-soq,soq,Soqotri,7A,Glottalized Consonants,Ejectives and glottalized resonants,Johnstone-1975;Leslau-1938,
7A-ant,ant,Angaatiha,7A,Glottalized Consonants,No glottalized consonants,Huisman-1973;Huisman-and-Lloyd-1981;Huisman-et-al-1981,
7A-bng,bng,Baining,7A,Glottalized Consonants,No glottalized consonants,Parker-and-Parker-1974,
7A-cck,cck,Chickasaw,7A,Glottalized Consonants,No glottalized consonants,Gordon-et-al-2000;Munro-et-al-2002,
7A-cof,cof,Cofán,7A,Glottalized Consonants,No glottalized consonants,Borman-1962,
7A-dah,dah,Dahalo,7A,Glottalized Consonants,Ejectives and implosives,Maddieson-et-al-1993;Nurse-1986;Tucker-et-al-1977,
7A-eja,eja,Ejagham,7A,Glottalized Consonants,No glottalized consonants,Watters-1981,
7A-ghb,ghb,Guahibo,7A,Glottalized Consonants,No glottalized consonants,Kondo-and-Kondo-1967,
7A-kal,kal,Kalami,7A,Glottalized Consonants,No glottalized consonants,Baart-1997,
7A-kkn,kkn,Konkani,7A,Glottalized Consonants,No glottalized consonants,Madtha-1984;Gajendragadkar-1970;Major-1979,
7A-kur,kur,Kurukh,7A,Glottalized Consonants,No glottalized consonants,Pfeiffer-1972;Pinnow-1964,
7A-sha,sha,Shan,7A,Glottalized Consonants,No glottalized consonants,Chan-1980;Cheng-1973b;Chao-1951,
7A-tsg,tsg,Tausug,7A,Glottalized Consonants,No glottalized consonants,Ashley-1963,
7A-try,try,Tiruray,7A,Glottalized Consonants,No glottalized consonants,Schlegel-1971;Post-1966,
7A-uzn,uzn,Uzbek (Northern),7A,Glottalized Consonants,No glottalized consonants,Sjoberg-1963;Sjoberg-1962,
7A-adz,adz,Adzera,7A,Glottalized Consonants,No glottalized consonants,Holzknecht-1973,
7A-amz,amz,Amuzgo,7A,Glottalized Consonants,No glottalized consonants,Bauernschmidt-1965;Longacre-1966,
7A-cil,cil,CiLuba,7A,Glottalized Consonants,No glottalized consonants,de-Schryver-1999,
7A-gmb,gmb,Guambiano,7A,Glottalized Consonants,No glottalized consonants,Branks-and-Branks-1973;Caudmont-1954,
7A-maz,maz,Mazahua,7A,Glottalized Consonants,"Ejectives, implosives, and glottalized resonants",Spotts-1953,
7A-nax,nax,Naxi,7A,Glottalized Consonants,No glottalized consonants,Jiang-1985;Jiang-1980;Bradley-1975,
7A-pnr,pnr,Panare,7A,Glottalized Consonants,No glottalized consonants,Cauty-1974b;Cauty-1978;Payne-1990b;Cauty-1974a,
7A-sdh,sdh,Sindhi,7A,Glottalized Consonants,Implosives only,Nihalani-1999,
7A-tpa,tpa,Totonac (Papantla),7A,Glottalized Consonants,No glottalized consonants,Aschmann-1946,
7A-bet,bet,Bété,7A,Glottalized Consonants,Implosives only,Werle-and-Gbalehi-1976,
7A-mov,mov,Movima,7A,Glottalized Consonants,Implosives only,Aikhenvald-and-Dixon-1999;Judy-and-Judy-1962b,
7A-nim,nim,Nimboran,7A,Glottalized Consonants,No glottalized consonants,Anceaux-1965,
7A-teh,teh,Tehuelche,7A,Glottalized Consonants,Ejectives only,Fernandez-Garay-1998,
7A-yan,yan,Yana,7A,Glottalized Consonants,Ejectives only,Sapir-and-Swadesh-1960,
7A-yaw,yaw,Yawa,7A,Glottalized Consonants,No glottalized consonants,Jones-1986b,
7A-khr,khr,Kharia,7A,Glottalized Consonants,No glottalized consonants,Biligiri-1965;Pinnow-1959,
7A-mla,mla,Mambila,7A,Glottalized Consonants,No glottalized consonants,Connell-2000;Perrin-and-Hill-1969,
7A-mbb,mbb,Mbabaram,7A,Glottalized Consonants,No glottalized consonants,Dixon-1966b;Dixon-1966a,
7A-arb,arb,Arabela,7A,Glottalized Consonants,No glottalized consonants,Rich-1963,
7A-awn,awn,Awngi,7A,Glottalized Consonants,No glottalized consonants,Hetzron-1969;Hetzron-1976,
7A-chl,chl,Chehalis (Upper),7A,Glottalized Consonants,Ejectives only,Kinkade-1963,
7A-kla,kla,Klao,7A,Glottalized Consonants,No glottalized consonants,Singler-1979,
7A-kun,kun,Kuna,7A,Glottalized Consonants,No glottalized consonants,Baptista-and-Wallin-1974;Sherzer-1983,
7A-oca,oca,Ocaina,7A,Glottalized Consonants,No glottalized consonants,Aschmann-1993;Agnew-and-Pike-1957,
7A-sba,sba,Sáliba (in Colombia),7A,Glottalized Consonants,No glottalized consonants,Benaissa-1979,
7A-irx,irx,Iranxe,7A,Glottalized Consonants,No glottalized consonants,Meader-1967,
7A-kad,kad,Kadugli,7A,Glottalized Consonants,Implosives only,Abdalla-1973;Matsushita-1984,
7A-sor,sor,Sora,7A,Glottalized Consonants,No glottalized consonants,Ramamurti-1986,
7A-ycn,ycn,Yucuna,7A,Glottalized Consonants,No glottalized consonants,Schauer-and-Schauer-1967,
7A-shs,shs,Shasta,7A,Glottalized Consonants,Ejectives only,Silver-1964;Silver-1966,
7A-tso,tso,Tsou,7A,Glottalized Consonants,Implosives only,Tung-1964;Wright-and-Ladefoged-1994,
7A-yct,yct,Yucatec,7A,Glottalized Consonants,Ejectives and implosives,Straight-1976,
7A-der,der,Dla (Proper),7A,Glottalized Consonants,No glottalized consonants,Voorhoeve-1971,
7A-gan,gan,Great Andamanese,7A,Glottalized Consonants,No glottalized consonants,Yadav-nd,
7A-sdw,sdw,Sandawe,7A,Glottalized Consonants,Ejectives only,Dempwolff-1916;Tucker-et-al-1977;Maddieson-et-al-1999;Elderkin-1982;Kagaya-1993,
7A-tug,tug,Tuareg (Ahaggar),7A,Glottalized Consonants,No glottalized consonants,Prasse-1972;Louali-Reynal-et-al-1997,
7A-abm,abm,Alabama,7A,Glottalized Consonants,No glottalized consonants,Rand-1968,
7A-cam,cam,Camsá,7A,Glottalized Consonants,No glottalized consonants,Howard-1967;Howard-1972;Mongui-Sanchez-1981,
7A-hmr,hmr,Hamer,7A,Glottalized Consonants,Ejectives and implosives,Lydall-1976,
7A-seb,seb,Sebei,7A,Glottalized Consonants,No glottalized consonants,Montgomery-1970,
7A-yay,yay,Yay,7A,Glottalized Consonants,No glottalized consonants,Gedney-1965,
7A-bra,bra,Brao,7A,Glottalized Consonants,Implosives only,Keller-1976,
7A-hak,hak,Hakka,7A,Glottalized Consonants,No glottalized consonants,Hashimoto-1973,
7A-mui,mui,Muinane,7A,Glottalized Consonants,No glottalized consonants,Aschmann-1993;Walton-and-Walton-1967,
7A-nai,nai,Nanai,7A,Glottalized Consonants,No glottalized consonants,Avrorin-1968,
7A-tma,tma,Tama,7A,Glottalized Consonants,Implosives only,Tucker-and-Bryan-1966,
7A-tmn,tmn,Temein,7A,Glottalized Consonants,No glottalized consonants,Tucker-and-Bryan-1966,
7A-yny,yny,Yanyuwa,7A,Glottalized Consonants,No glottalized consonants,Kirton-1967;Kirton-and-Charlie-1978;Huttar-and-Kirton-1981,
7A-efi,efi,Efik,7A,Glottalized Consonants,No glottalized consonants,Cook-1969a,
7A-ga,ga,Gã,7A,Glottalized Consonants,No glottalized consonants,Berry-nd;Kropp-1987,
7A-ign,ign,Ignaciano,7A,Glottalized Consonants,No glottalized consonants,Ott-and-Ott-1967a,
7A-mog,mog,Moghol,7A,Glottalized Consonants,No glottalized consonants,Weiers-1971,
7A-mor,mor,Mor,7A,Glottalized Consonants,No glottalized consonants,Laycock-1978,
7A-woi,woi,Woisika,7A,Glottalized Consonants,No glottalized consonants,Stokhof-1979,
7A-adk,adk,Andoke,7A,Glottalized Consonants,No glottalized consonants,Landaburu-1979,
7A-ful,ful,Fulniô,7A,Glottalized Consonants,No glottalized consonants,Lapenda-1968,
7A-ito,ito,Itonama,7A,Glottalized Consonants,Ejectives only,Liccardi-and-Grimes-1968,
7A-jav,jav,Javanese,7A,Glottalized Consonants,No glottalized consonants,Fagan-1988;Herrfurth-1964;Horne-1961;Uhlenbeck-1963,
7A-koi,koi,Koiari,7A,Glottalized Consonants,No glottalized consonants,Dutton-1969;Dutton-1996,
7A-mzc,mzc,Mazatec (Chiquihuitlán),7A,Glottalized Consonants,No glottalized consonants,Jamieson-1976a;Jamieson-1976b,
7A-mba,mba,Mba,7A,Glottalized Consonants,Implosives only,Pasch-1986,
7A-nnc,nnc,Nancowry,7A,Glottalized Consonants,No glottalized consonants,Radhakrishnan-1981;Das-1977,
7A-amo,amo,Amo,7A,Glottalized Consonants,No glottalized consonants,Di-Luzio-1972;Anderson-1980,
7A-amu,amu,Yanesha',7A,Glottalized Consonants,No glottalized consonants,Wise-1958;Fast-1953,
7A-bua,bua,Burarra,7A,Glottalized Consonants,No glottalized consonants,Glasgow-and-Glasgow-1967,
7A-chw,chw,Cham (Western),7A,Glottalized Consonants,Implosives only,Blood-1967;Edmondson-and-Gregerson-1993,
7A-fas,fas,Fasu,7A,Glottalized Consonants,No glottalized consonants,Loeweke-and-May-1964,
7A-nyi,nyi,Nyimang,7A,Glottalized Consonants,No glottalized consonants,Stevenson-1957;Tucker-and-Bryan-1966,
7A-sin,sin,Siona,7A,Glottalized Consonants,Ejectives only,Wheeler-and-Wheeler-1962,
7A-tul,tul,Tulu,7A,Glottalized Consonants,No glottalized consonants,Bhat-1967,
7A-baj,baj,Bajau (Sama),7A,Glottalized Consonants,No glottalized consonants,Verheijen-1986,
7A-gds,gds,Gadsup,7A,Glottalized Consonants,No glottalized consonants,Frantz-and-Frantz-1966,
7A-igs,igs,Ingessana,7A,Glottalized Consonants,No glottalized consonants,Tucker-and-Bryan-1966;Crewe-1975,
7A-kpe,kpe,Kpelle,7A,Glottalized Consonants,Implosives only,Hyman-1973;Welmers-1973;Welmers-1962,
7A-mbm,mbm,Mbum,7A,Glottalized Consonants,Implosives only,Hagege-1970,
7A-tic,tic,Ticuna,7A,Glottalized Consonants,No glottalized consonants,Anderson-1962;Anderson-1959,
7A-wry,wry,Waray (in Australia),7A,Glottalized Consonants,No glottalized consonants,Harvey-1986,
7A-wmu,wmu,Wik Munkan,7A,Glottalized Consonants,No glottalized consonants,McConnel-1945;Sayers-and-Godfrey-1964,
7A-paw,paw,Pawaian,7A,Glottalized Consonants,No glottalized consonants,Trefry-1972;MacDonald-1973,
7A-pec,pec,Pech,7A,Glottalized Consonants,No glottalized consonants,Holt-1986;Holt-1999b,
7A-twn,twn,Tiwa (Northern),7A,Glottalized Consonants,Ejectives only,Hoijer-and-Dozier-1949;Trager-1971,
7A-kom,kom,Komo,7A,Glottalized Consonants,Ejectives and implosives,Tucker-and-Bryan-1966,
7A-kmp,kmp,Kunimaipa,7A,Glottalized Consonants,No glottalized consonants,Pence-1966,
7A-llm,llm,Lelemi,7A,Glottalized Consonants,No glottalized consonants,Hoftmann-1971,
7A-nis,nis,Nyishi,7A,Glottalized Consonants,No glottalized consonants,Namkung-1996;Ray-1967,
7A-rut,rut,Rutul,7A,Glottalized Consonants,Ejectives only,Kodzasov-1990b;Dzhejranishvili-1967;Ibragimov-1978,
7A-yar,yar,Yareba,7A,Glottalized Consonants,No glottalized consonants,Weimer-and-Weimer-1972,
7A-yes,yes,Yessan-Mayo,7A,Glottalized Consonants,No glottalized consonants,Foreman-and-Marten-1973,
7A-yus,yus,Yupik (Siberian),7A,Glottalized Consonants,No glottalized consonants,Krauss-1975,
7A-cti,cti,Chin (Tiddim),7A,Glottalized Consonants,Glottalized resonants only,Henderson-1965,
7A-xoo,xoo,!Xóõ,7A,Glottalized Consonants,Ejectives and glottalized resonants,Traill-1985;Traill-1994,
7A-yul,yul,Yulu,7A,Glottalized Consonants,Implosives only,Boyeldieu-1987,
7A-kng,kng,Kaingang,7A,Glottalized Consonants,No glottalized consonants,Henry-1935;Wiesemann-1972;Kindell-1972,
7A-ndt,ndt,Ndut,7A,Glottalized Consonants,Implosives only,Gueye-1986,
7A-nga,nga,Nganasan,7A,Glottalized Consonants,No glottalized consonants,Tereshchenko-1966c;Castren-1966;Tereshchenko-1979,
7A-ytu,ytu,Yukaghir (Tundra),7A,Glottalized Consonants,No glottalized consonants,Krejnovich-1958;Krejnovich-1968c,
7A-amc,amc,Amahuaca,7A,Glottalized Consonants,No glottalized consonants,Osborn-1948,
7A-bai,bai,Bai,7A,Glottalized Consonants,No glottalized consonants,Dell-1981,
7A-cay,cay,Cayapa,7A,Glottalized Consonants,No glottalized consonants,Lindskoog-and-Brend-1962,
7A-chp,chp,Chipewyan,7A,Glottalized Consonants,Ejectives only,Li-1932;Li-1933;Li-1946,
7A-kry,kry,Koryak,7A,Glottalized Consonants,No glottalized consonants,Zhukova-1980,
7A-acm,acm,Achumawi,7A,Glottalized Consonants,No glottalized consonants,Olmsted-1964;Olmsted-1966,
7A-anc,anc,Angas,7A,Glottalized Consonants,Implosives only,Burquest-1971,
7A-api,api,Apinayé,7A,Glottalized Consonants,No glottalized consonants,Burgess-and-Ham-1968,
7A-bod,bod,Bodo,7A,Glottalized Consonants,No glottalized consonants,Bhat-1968,
7A-chq,chq,Chinantec (Quiotepec),7A,Glottalized Consonants,Glottalized resonants only,Robbins-1961;Robbins-1968,
7A-dan,dan,Dan,7A,Glottalized Consonants,Implosives only,Bearth-and-Zemp-1967,
7A-diz,diz,Dizi,7A,Glottalized Consonants,Ejectives only,Allan-1976b,
7A-irr,irr,Irarutu,7A,Glottalized Consonants,No glottalized consonants,Voorhoeve-1989,
7A-koy,koy,Koya,7A,Glottalized Consonants,No glottalized consonants,Tyler-1969,
7A-mie,mie,Mien,7A,Glottalized Consonants,No glottalized consonants,Purnell-1965;Mao-et-al-1982,
7A-slp,slp,Selepet,7A,Glottalized Consonants,No glottalized consonants,McElhanon-1970b;McElhanon-1970c,
7A-shi,shi,Shiriana,7A,Glottalized Consonants,No glottalized consonants,Migliazza-and-Grimes-1961,
7A-tol,tol,Tol,7A,Glottalized Consonants,Ejectives only,Fleming-and-Dennis-1977;Holt-1999a,
7A-ani,ani,//Ani,7A,Glottalized Consonants,Ejectives only,Vossen-1986;Vossen-1997,
7A-ccp,ccp,Cocopa,7A,Glottalized Consonants,No glottalized consonants,Crawford-1966[13],
7A-hum,hum,Huitoto (Murui),7A,Glottalized Consonants,No glottalized consonants,Minor-et-al-1982;Petersen-de-Pineros-1994;Burtch-1983;Aschmann-1993,
7A-jiv,jiv,Jivaro,7A,Glottalized Consonants,No glottalized consonants,Beasley-and-Pike-1957,
7A-kzy,kzy,Komi-Zyrian,7A,Glottalized Consonants,No glottalized consonants,Lytkin-1966b;Bubrix-1949,
7A-nhn,nhn,Nahuatl (North Puebla),7A,Glottalized Consonants,No glottalized consonants,Brockway-1963,
7A-sre,sre,Sre,7A,Glottalized Consonants,Implosives only,Manley-1972,
7A-gwa,gwa,Gwari,7A,Glottalized Consonants,Implosives only,Hyman-and-Magaji-1970,
7A-kws,kws,Kawaiisu,7A,Glottalized Consonants,No glottalized consonants,Zigmond-et-al-1990-1991,
7A-kgz,kgz,Kirghiz,7A,Glottalized Consonants,No glottalized consonants,Herbert-and-Poppe-1963;Junusaliev-1966,
7A-kiw,kiw,Kiwai,7A,Glottalized Consonants,No glottalized consonants,Wurm-1977,
7A-kwo,kwo,Kwoma,7A,Glottalized Consonants,No glottalized consonants,Kooyers-et-al-1971,
7A-mnc,mnc,Manchu,7A,Glottalized Consonants,No glottalized consonants,Austin-1962,
7A-non,non,Noni,7A,Glottalized Consonants,No glottalized consonants,Hyman-1981b,
7A-bco,bco,Bella Coola,7A,Glottalized Consonants,Ejectives only,Nater-1984;Newman-1947,
7A-ber,ber,Berta,7A,Glottalized Consonants,Ejectives only,Triulzi-et-al-1976a,
7A-cso,cso,Chatino (Sierra Occidental),7A,Glottalized Consonants,No glottalized consonants,Pride-1965,
7A-ewo,ewo,Ewondo,7A,Glottalized Consonants,No glottalized consonants,Abega-1970;Nnomo-and-Mbezele-1982;Redden-1979,
7A-ksg,ksg,Karen (Sgaw),7A,Glottalized Consonants,Implosives only,Jones-1961,
7A-kwk,kwk,Kwakw'ala,7A,Glottalized Consonants,Ejectives and glottalized resonants,Newman-1950;Grubb-1977;Boas-1911a;Boas-1947,
7A-ruk,ruk,Rukai (Tanan),7A,Glottalized Consonants,No glottalized consonants,Li-1977b;Li-1973,
7A-wah,wah,Wahgi,7A,Glottalized Consonants,No glottalized consonants,Ladefoged-et-al-1977;Phillips-1976,
7A-ata,ata,Atayal,7A,Glottalized Consonants,No glottalized consonants,Egerod-1966b,
7A-aze,aze,Azerbaijani,7A,Glottalized Consonants,No glottalized consonants,Householder-and-Lofti-1965,
7A-ben,ben,Bengali,7A,Glottalized Consonants,No glottalized consonants,Ferguson-and-Chowdhury-1960;Klaiman-1990,
7A-iba,iba,Iban,7A,Glottalized Consonants,No glottalized consonants,Omar-1981;Scott-1957,
7A-jeb,jeb,Jebero,7A,Glottalized Consonants,Ejectives and glottalized resonants,Bendor-Samuel-1961b,
7A-jng,jng,Jingpho,7A,Glottalized Consonants,No glottalized consonants,Liu-1964,
7A-mme,mme,Mari (Meadow),7A,Glottalized Consonants,No glottalized consonants,Ristinen-1960;Kovedjaeva-1966,
7A-mpa,mpa,Murrinh-Patha,7A,Glottalized Consonants,No glottalized consonants,Street-and-Mollinjin-1981,
7A-new,new,Newari (Kathmandu),7A,Glottalized Consonants,No glottalized consonants,Hale-and-Hale-1969;Manandhar-1986,
7A-kkv,kkv,Lusi,7A,Glottalized Consonants,No glottalized consonants,Counts-1969,
7A-kya,kya,Kuku-Yalanji,7A,Glottalized Consonants,No glottalized consonants,Oates-1964b;Oates-and-Oates-1964;Wurm-1972a,
7A-skp,skp,Selkup,7A,Glottalized Consonants,No glottalized consonants,Katz-1975b;Prokofjeva-1966,
7A-ttu,ttu,Tsova-Tush,7A,Glottalized Consonants,Ejectives only,Desheriev-1953,
7A-alw,alw,Alawa,7A,Glottalized Consonants,No glottalized consonants,Sharpe-1972,
7A-ao,ao,Ao,7A,Glottalized Consonants,No glottalized consonants,Gowda-1972;Gowda-1975,
7A-fye,fye,Fyem,7A,Glottalized Consonants,Implosives only,Nettle-1998,
7A-grr,grr,Garrwa,7A,Glottalized Consonants,No glottalized consonants,Furby-1974,
7A-kgu,kgu,Kalkatungu,7A,Glottalized Consonants,No glottalized consonants,Blake-1979b,
7A-mro,mro,Moro,7A,Glottalized Consonants,No glottalized consonants,Schadeberg-1981b;Black-and-Black-1971,
7A-nar,nar,Nara (in Ethiopia),7A,Glottalized Consonants,No glottalized consonants,Thompson-1976a;Bender-1968,
7A-tam,tam,Tamang (Eastern),7A,Glottalized Consonants,No glottalized consonants,Mazaudon-1973,
7A-tib,tib,Tibetan (Standard Spoken),7A,Glottalized Consonants,No glottalized consonants,Denwood-1999,
7A-tlp,tlp,Tlapanec,7A,Glottalized Consonants,No glottalized consonants,Suarez-1983a,
7A-zan,zan,Zande,7A,Glottalized Consonants,No glottalized consonants,Tucker-and-Hackett-1959,
7A-dgb,dgb,Dagbani,7A,Glottalized Consonants,No glottalized consonants,Olawsky-1999;Wilson-and-Bendor-Samuel-1969,
7A-dum,dum,Dumo,7A,Glottalized Consonants,No glottalized consonants,Ross-1980,
7A-nuu,nuu,Nuuchahnulth,7A,Glottalized Consonants,Ejectives and glottalized resonants,Carlson-et-al-2001;Stonham-1999,
7A-snh,snh,Sinhala,7A,Glottalized Consonants,No glottalized consonants,Coates-and-da-Silva-1960,
7A-tas,tas,Tashlhiyt,7A,Glottalized Consonants,No glottalized consonants,Applegate-1958,
7A-yel,yel,Yelî Dnye,7A,Glottalized Consonants,No glottalized consonants,,
7A-bto,bto,Batak (Toba),7A,Glottalized Consonants,No glottalized consonants,van-der-Tuuk-1971,
7A-bir,bir,Birom,7A,Glottalized Consonants,No glottalized consonants,Bouquiaux-1970;Wolff-1959,
7A-din,din,Dinka,7A,Glottalized Consonants,No glottalized consonants,Andersen-1987;Malou-1988,
7A-evn,evn,Even,7A,Glottalized Consonants,No glottalized consonants,Novikova-1960;Novikova-1966,
7A-goa,goa,Goajiro,7A,Glottalized Consonants,No glottalized consonants,Holmer-1949d;Mansen-1967,
7A-mgg,mgg,Mangghuer,7A,Glottalized Consonants,No glottalized consonants,Todaeva-1973,
7A-oji,oji,Ojibwa (Eastern),7A,Glottalized Consonants,No glottalized consonants,Bloomfield-1957,
7A-res,res,Resígaro,7A,Glottalized Consonants,No glottalized consonants,Allin-1976,
7A-snc,snc,Seneca,7A,Glottalized Consonants,No glottalized consonants,Chafe-1967,
7A-srn,srn,Sirionó,7A,Glottalized Consonants,No glottalized consonants,Firestone-1965,
7A-che,che,Cherokee,7A,Glottalized Consonants,No glottalized consonants,Bender-and-Harris-1946;Cook-1979;Walker-1975b,
7A-hup,hup,Hupa,7A,Glottalized Consonants,Ejectives only,Golla-1970;Gordon-1996;Woodward-1964,
7A-ite,ite,Itelmen,7A,Glottalized Consonants,Ejectives only,Volodin-1976,
7A-kab,kab,Kabardian,7A,Glottalized Consonants,Ejectives only,Kuipers-1960,
7A-knk,knk,Kanakuru,7A,Glottalized Consonants,Implosives only,Newman-1974,
7A-kwa,kwa,Kwaio,7A,Glottalized Consonants,No glottalized consonants,Keesing-1985,
7A-shu,shu,Shuswap,7A,Glottalized Consonants,Ejectives and glottalized resonants,Kuipers-1974,
7A-tne,tne,Temne,7A,Glottalized Consonants,No glottalized consonants,Wilson-1961a;Dalby-1966,
7A-ctl,ctl,Catalan,7A,Glottalized Consonants,No glottalized consonants,Carbonell-and-Llisteri-1999,
7A-lui,lui,Luiseño,7A,Glottalized Consonants,No glottalized consonants,Bright-1965a;Bright-1968;Hyde-1971;Kroeber-and-Grace-1960;Malecot-1963b,
7A-nmb,nmb,Nambikuára (Southern),7A,Glottalized Consonants,"Ejectives, implosives, and glottalized resonants",Price-1976;Kroeker-1972,
7A-nas,nas,Nasioi,7A,Glottalized Consonants,No glottalized consonants,Hurd-and-Hurd-1966,
7A-hop,hop,Hopi,7A,Glottalized Consonants,No glottalized consonants,Kluckhohn-and-MacLeish-1955;Voegelin-1956;Whorf-1946a,
7A-mum,mum,Mumuye,7A,Glottalized Consonants,Implosives only,Shimizu-1983,
7A-tac,tac,Tacana,7A,Glottalized Consonants,No glottalized consonants,Van-Wynen-and-Van-Wynen-1962;Key-1968,
7A-ter,ter,Tera,7A,Glottalized Consonants,Implosives only,Newman-1970,
7A-wma,wma,West Makian,7A,Glottalized Consonants,No glottalized consonants,Watuseke-1976;Voorhoeve-1982,
7A-wiy,wiy,Wiyot,7A,Glottalized Consonants,No glottalized consonants,Teeter-1964,
7A-brr,brr,Bororo,7A,Glottalized Consonants,No glottalized consonants,Crowell-1979,
7A-djp,djp,Djapu,7A,Glottalized Consonants,No glottalized consonants,Rose-et-al-1982;Morphy-1983,
7A-doy,doy,Doyayo,7A,Glottalized Consonants,Implosives only,Wiering-1974,
7A-krd,krd,Kurdish (Central),7A,Glottalized Consonants,No glottalized consonants,Abdulla-and-McCarus-1967;McCarus-1958,
7A-len,len,Lenakel,7A,Glottalized Consonants,No glottalized consonants,Lynch-1978,
7A-qaw,qaw,Qawasqar,7A,Glottalized Consonants,Ejectives only,Clairis-1977;Clairis-1985,
7A-ttn,ttn,Tetun,7A,Glottalized Consonants,No glottalized consonants,Morris-1984,
7A-ygr,ygr,Yagaria,7A,Glottalized Consonants,Implosives only,Renck-1967;Haiman-1980;Renck-1975,
7A-cub,cub,Cubeo,7A,Glottalized Consonants,No glottalized consonants,Morse-and-Maxwell-1999b;Salser-1971,
7A-dgr,dgr,Dagur,7A,Glottalized Consonants,No glottalized consonants,Bao-1982,
7A-htc,htc,Huastec,7A,Glottalized Consonants,Ejectives only,Larsen-and-Pike-1949;McQuown-1984;Peralta-1984,
7A-ik,ik,Ik,7A,Glottalized Consonants,Ejectives and implosives,Heine-1975b;Tucker-1971,
7A-nun,nun,Nung (in Vietnam),7A,Glottalized Consonants,Implosives only,Li-1977a,
7A-pae,pae,Páez,7A,Glottalized Consonants,No glottalized consonants,Gerdel-1973;Gerdel-1985;Jung-1989,
7A-sed,sed,Sedang,7A,Glottalized Consonants,Implosives and glottalized resonants,Smith-1968;Smith-1979,
7A-bsk,bsk,Bashkir,7A,Glottalized Consonants,No glottalized consonants,Poppe-1964,
7A-mlk,mlk,Malakmalak,7A,Glottalized Consonants,No glottalized consonants,Birk-1975;Tryon-1974,
7A-arc,arc,Archi,7A,Glottalized Consonants,Ejectives only,Kodzasov-1977,
7A-ava,ava,Avar,7A,Glottalized Consonants,Ejectives only,Charachidze-1981;Zhirkov-1936,
7A-gbb,gbb,Gbeya Bossangoa,7A,Glottalized Consonants,Implosives only,Monino-and-Roulon-1972;Samarin-1966,
7A-ngz,ngz,Ngizim,7A,Glottalized Consonants,Implosives only,Schuh-1981,
7A-poh,poh,Pohnpeian,7A,Glottalized Consonants,No glottalized consonants,Rehg-1981;Rehg-1984a;Rehg-1984b,
7A-hve,hve,Huave (San Mateo del Mar),7A,Glottalized Consonants,No glottalized consonants,Stairs-Kreger-and-Scharfe-de-Stairs-1981;Suarez-1975,
7A-kty,kty,Khanty,7A,Glottalized Consonants,No glottalized consonants,Gulya-1966;Nikolaeva-1999,
7A-tel,tel,Telugu,7A,Glottalized Consonants,No glottalized consonants,Krishnamurti-1961;Kelley-1963;Lisker-1963;Sastry-1972;Kostic-et-al-1977,
7A-ykt,ykt,Yakut,7A,Glottalized Consonants,No glottalized consonants,Bohtlingk-1964;Krueger-1962;Ubrjatova-1966,
7A-klm,klm,Klamath,7A,Glottalized Consonants,Ejectives and glottalized resonants,Barker-1963a;Barker-1964,
7A-nep,nep,Nepali,7A,Glottalized Consonants,No glottalized consonants,Bandhu-et-al-1971,
7A-tgr,tgr,Tigré,7A,Glottalized Consonants,Ejectives only,Palmer-1962;Klingenheben-1966,
7A-tuv,tuv,Tuvan,7A,Glottalized Consonants,No glottalized consonants,Sat-1966;Song-1982;Anderson-and-Harrison-1999;Seglenmej-1979,
7A-nor,nor,Norwegian,7A,Glottalized Consonants,No glottalized consonants,Vanvik-1972,
7A-qui,qui,Quileute,7A,Glottalized Consonants,Ejectives only,Powell-1975;Hoard-1993,
7A-bre,bre,Breton,7A,Glottalized Consonants,No glottalized consonants,Bothorel-1982;Ternes-1970,
7A-ijo,ijo,Ijo (Kolokuma),7A,Glottalized Consonants,No glottalized consonants,Williamson-1965,
7A-luo,luo,Luo,7A,Glottalized Consonants,No glottalized consonants,Gregersen-1961,
7A-psh,psh,Pashto,7A,Glottalized Consonants,No glottalized consonants,Penzl-1955;Grjunberg-1987;Shafeev-1964,
7A-sel,sel,Selknam,7A,Glottalized Consonants,Ejectives only,Najlis-1973,
7A-wao,wao,Waorani,7A,Glottalized Consonants,No glottalized consonants,Saint-and-Pike-1962,
7A-wap,wap,Wappo,7A,Glottalized Consonants,Ejectives and glottalized resonants,Sawyer-1965,
7A-win,win,Wintu,7A,Glottalized Consonants,Ejectives only,Schlichter-1981;Pitkin-1984,
7A-akn,akn,Akan,7A,Glottalized Consonants,No glottalized consonants,Ladefoged-1964;Dolphyne-1988;Schachter-and-Fromkin-1968;Stewart-1967;Welmers-1946,
7A-bri,bri,Bribri,7A,Glottalized Consonants,No glottalized consonants,Arroyo-1972,
7A-cax,cax,Campa (Axininca),7A,Glottalized Consonants,No glottalized consonants,Dirks-1953;Payne-1981,
7A-lug,lug,Lugbara,7A,Glottalized Consonants,Implosives and glottalized resonants,Crazzolara-1960;Anderson-1986;Tucker-and-Bryan-1966,
7A-maa,maa,Maasai,7A,Glottalized Consonants,Implosives only,Tucker-and-Bryan-1966;Tucker-and-Mpaayei-1955,
7A-yap,yap,Yapese,7A,Glottalized Consonants,Ejectives and glottalized resonants,Jensen-et-al-1977a;Hsu-1969,
7A-iaa,iaa,Iaai,7A,Glottalized Consonants,No glottalized consonants,Haudricourt-1971;Maddieson-and-Anderson-1995;Ozanne-Rivierre-1976,
7A-jaq,jaq,Jaqaru,7A,Glottalized Consonants,Ejectives only,Hardman-2000,
7A-tgk,tgk,Tigak,7A,Glottalized Consonants,No glottalized consonants,Beaumont-1979,
7A-ton,ton,Tonkawa,7A,Glottalized Consonants,No glottalized consonants,Hoijer-1946b;Hoijer-1972;Hoijer-1949,
7A-amp,amp,Arrernte (Mparntwe),7A,Glottalized Consonants,No glottalized consonants,Henderson-1994,
7A-die,die,Diegueño (Mesa Grande),7A,Glottalized Consonants,No glottalized consonants,Langdon-1970,
7A-diy,diy,Diyari,7A,Glottalized Consonants,No glottalized consonants,Austin-1981,
7A-lak,lak,Lak,7A,Glottalized Consonants,Ejectives only,Zhirkov-1955;Khajdakov-1966b;Murkelinskij-1967,
7A-mne,mne,Maidu (Northeast),7A,Glottalized Consonants,Ejectives and implosives,Shipley-1956;Shipley-1964,
7A-eka,eka,Ekari,7A,Glottalized Consonants,No glottalized consonants,Doble-1987;Steltenpool-1969,
7A-ham,ham,Hamtai,7A,Glottalized Consonants,No glottalized consonants,Healey-1981;Oates-and-Oates-1968,
7A-mrg,mrg,Margi,7A,Glottalized Consonants,Implosives only,Hoffmann-1963;Maddieson-1987,
7A-nan,nan,Nandi,7A,Glottalized Consonants,No glottalized consonants,Creider-and-Creider-1989,
7A-mrd,mrd,Marind,7A,Glottalized Consonants,No glottalized consonants,Drabbe-1955,
7A-abi,abi,Abipón,7A,Glottalized Consonants,No glottalized consonants,Najlis-1966,
7A-mab,mab,Maba,7A,Glottalized Consonants,No glottalized consonants,Tucker-and-Bryan-1966,
7A-wlf,wlf,Wolof,7A,Glottalized Consonants,No glottalized consonants,Manessy-and-Sauvageot-1963;Ka-1994;Sauvageot-1965;Ward-1963,
7A-chv,chv,Chuvash,7A,Glottalized Consonants,No glottalized consonants,Andreev-1966;Krueger-1961,
7A-kas,kas,Kashmiri,7A,Glottalized Consonants,No glottalized consonants,Bhat-1987;Kelkar-and-Trisal-1964;Zakharin-1974;Zakharin-and-Edelman-1971,
7A-pur,pur,Purépecha,7A,Glottalized Consonants,No glottalized consonants,Foster-1969;Chamereau-2000;de-Paul-1989,
7A-una,una,Una,7A,Glottalized Consonants,No glottalized consonants,Louwerse-1988,
7A-dyi,dyi,Dyirbal,7A,Glottalized Consonants,No glottalized consonants,Dixon-1972,
7A-haw,haw,Hawaiian,7A,Glottalized Consonants,No glottalized consonants,Elbert-and-Pukui-1979;Pukui-and-Elbert-1965;Schutz-1981,
7A-kch,kch,Koyra Chiini,7A,Glottalized Consonants,No glottalized consonants,Heath-1999b,
7A-lit,lit,Lithuanian,7A,Glottalized Consonants,No glottalized consonants,Augustitis-1964;Senn-1966;Ambrazas-et-al-1966,
7A-ood,ood,O'odham,7A,Glottalized Consonants,No glottalized consonants,Saxton-1963;Saxton-and-Saxton-1969;Hale-1959,
7A-rom,rom,Romanian,7A,Glottalized Consonants,No glottalized consonants,Ruhlen-1973;Tataru-1978;Agard-1958,
7A-bul,bul,Bulgarian,7A,Glottalized Consonants,No glottalized consonants,Scatton-1984;Klagstad-1958;Aronson-1968;Bidwell-1968;Ternes-and-Vladimirova-Buhtz-1999,
7A-lah,lah,Lahu,7A,Glottalized Consonants,No glottalized consonants,Matisoff-1973;Matisoff-1988,
7A-yuc,yuc,Yuchi,7A,Glottalized Consonants,Ejectives and glottalized resonants,Crawford-1973;Ballard-1975,
7A-pso,pso,Pomo (Southeastern),7A,Glottalized Consonants,Ejectives only,Moshinsky-1974,
7A-zun,zun,Zuni,7A,Glottalized Consonants,Ejectives only,Newman-1965;Walker-1972,
7A-snt,snt,Sentani,7A,Glottalized Consonants,No glottalized consonants,Cowan-1965,
7A-krb,krb,Kiribati,7A,Glottalized Consonants,No glottalized consonants,Groves-et-al-1985,
7A-som,som,Somali,7A,Glottalized Consonants,No glottalized consonants,Armstrong-1964;Hyman-1981a;Cardona-1981;Andrzejewsky-1955;Andrzejewsky-1956;Farnetani-1981,
7A-cnt,cnt,Cantonese,7A,Glottalized Consonants,No glottalized consonants,Zee-1999,
7A-fur,fur,Fur,7A,Glottalized Consonants,No glottalized consonants,Tucker-and-Bryan-1966;Jakobi-1990;Beaton-1968,
7A-pol,pol,Polish,7A,Glottalized Consonants,No glottalized consonants,,
7A-ker,ker,Kera,7A,Glottalized Consonants,Implosives only,Ebert-1976;Ebert-1979,
7A-lad,lad,Ladakhi,7A,Glottalized Consonants,No glottalized consonants,Koshal-1979,
7A-lep,lep,Lepcha,7A,Glottalized Consonants,No glottalized consonants,Mainwaring-1898;Ju-1996;Mainwaring-1876,
7A-tli,tli,Tlingit,7A,Glottalized Consonants,Ejectives only,Maddieson-et-al-2001,
7A-wam,wam,Wambaya,7A,Glottalized Consonants,No glottalized consonants,Nordlinger-1998,
7A-alb,alb,Albanian,7A,Glottalized Consonants,No glottalized consonants,Newmark-1957,
7A-bam,bam,Bambara,7A,Glottalized Consonants,No glottalized consonants,Bird-et-al-1977,
7A-kyl,kyl,Kayah Li (Eastern),7A,Glottalized Consonants,No glottalized consonants,Solnit-1997,
7A-nti,nti,Ngiti,7A,Glottalized Consonants,Implosives only,Kutsch-Lojenga-1994,
7A-car,car,Carib,7A,Glottalized Consonants,No glottalized consonants,Hoff-1968;Peasgood-1972,
7A-mak,mak,Makah,7A,Glottalized Consonants,Ejectives only,Jacobsen-1999,
7A-tsi,tsi,Tsimshian (Coast),7A,Glottalized Consonants,Ejectives and glottalized resonants,Dunn-1970;Dunn-1979;Dunn-1995;Hoard-1978;Mulder-1988,
7A-tun,tun,Tunica,7A,Glottalized Consonants,No glottalized consonants,Haas-1940,
7A-sue,sue,Suena,7A,Glottalized Consonants,No glottalized consonants,Wilson-1974;Wilson-1969,
7A-mku,mku,Maranungku,7A,Glottalized Consonants,No glottalized consonants,Tryon-1970b,
7A-mrl,mrl,Murle,7A,Glottalized Consonants,Implosives only,Arensen-1982;Yigezu-2001,
7A-psm,psm,Passamaquoddy-Maliseet,7A,Glottalized Consonants,No glottalized consonants,Leavitt-1996;Sherwood-1986;LeSourd-1993,
7A-pit,pit,Pitjantjatjara,7A,Glottalized Consonants,No glottalized consonants,Glass-and-Hackett-1970;Eckert-and-Hudson-1988,
7A-amh,amh,Amharic,7A,Glottalized Consonants,Ejectives only,Hayward-and-Hayward-1999,
7A-ana,ana,Araona,7A,Glottalized Consonants,No glottalized consonants,de-Pitman-1981,
7A-cyv,cyv,Cayuvava,7A,Glottalized Consonants,No glottalized consonants,Key-1961;Key-1967,
7A-dio,dio,Diola-Fogny,7A,Glottalized Consonants,No glottalized consonants,Sapir-1965,
7A-arm,arm,Armenian (Eastern),7A,Glottalized Consonants,Ejectives only,Allen-1950,
7A-aym,aym,Aymara (Central),7A,Glottalized Consonants,Ejectives only,Martin-1969,
7A-baw,baw,Bawm,7A,Glottalized Consonants,No glottalized consonants,Reichle-1981,
7A-wrd,wrd,Wardaman,7A,Glottalized Consonants,No glottalized consonants,Merlan-1994,
7A-hai,hai,Haida,7A,Glottalized Consonants,Ejectives and glottalized resonants,Sapir-1923,
7A-kmu,kmu,Khmu',7A,Glottalized Consonants,Implosives and glottalized resonants,Svantesson-1983,
7A-usa,usa,Usan,7A,Glottalized Consonants,No glottalized consonants,Reesink-1987,
7A-pai,pai,Paiwan,7A,Glottalized Consonants,No glottalized consonants,Ho-1977;Ferrel-1982,
7A-ung,ung,Ungarinjin,7A,Glottalized Consonants,No glottalized consonants,Rumsey-1982;Coate-and-Elkin-1974;Coate-and-Oates-1970,
7A-bej,bej,Beja,7A,Glottalized Consonants,No glottalized consonants,Hudson-1974;Hudson-1976b,
7A-dre,dre,Drehu,7A,Glottalized Consonants,No glottalized consonants,Moyse-Faurie-1983,
7A-gar,gar,Garo,7A,Glottalized Consonants,No glottalized consonants,Burling-1961,
7A-pms,pms,Paamese,7A,Glottalized Consonants,No glottalized consonants,Crowley-1982,
7A-mss,mss,Miwok (Southern Sierra),7A,Glottalized Consonants,No glottalized consonants,Broadbent-1964;Freeland-1951,
7A-sml,sml,Semelai,7A,Glottalized Consonants,Glottalized resonants only,Kruspe-1999,
7A-yur,yur,Yurok,7A,Glottalized Consonants,Ejectives and glottalized resonants,Robins-1958,
7A-dag,dag,Daga,7A,Glottalized Consonants,No glottalized consonants,Murane-1974,
7A-otm,otm,Otomí (Mezquital),7A,Glottalized Consonants,No glottalized consonants,Hess-1968;Wallis-1968;Sinclair-and-Pike-1948,
7A-igb,igb,Igbo,7A,Glottalized Consonants,No glottalized consonants,Ikekeonwu-1999,
7A-nez,nez,Nez Perce,7A,Glottalized Consonants,Ejectives and glottalized resonants,Aoki-1994,
7A-brh,brh,Brahui,7A,Glottalized Consonants,No glottalized consonants,Emeneau-1962;De-Armond-1975;Emeneau-1937,
7A-cah,cah,Cahuilla,7A,Glottalized Consonants,No glottalized consonants,Seiler-1977;Bright-1965b;Sauvel-and-Munro-1981,
7A-cle,cle,Chinantec (Lealao),7A,Glottalized Consonants,No glottalized consonants,Rupp-1989;Rupp-1990,
7A-knm,knm,Kunama,7A,Glottalized Consonants,No glottalized consonants,Bender-1996,
7A-nav,nav,Navajo,7A,Glottalized Consonants,Ejectives only,Young-and-Morgan-1972;Sapir-and-Hoijer-1967,
7A-zqc,zqc,Zoque (Copainalá),7A,Glottalized Consonants,No glottalized consonants,Wonderly-1951a,
7A-bkr,bkr,Batak (Karo),7A,Glottalized Consonants,No glottalized consonants,Woollams-1996,
7A-cmn,cmn,Comanche,7A,Glottalized Consonants,No glottalized consonants,Charney-1993;Wistrand-Robinson-and-Armagost-1990,
7A-nko,nko,Nkore-Kiga,7A,Glottalized Consonants,No glottalized consonants,Taylor-1985,
7A-squ,squ,Squamish,7A,Glottalized Consonants,Ejectives and glottalized resonants,Kuipers-1967,
7A-tru,tru,Trumai,7A,Glottalized Consonants,Ejectives only,Guirardello-1992;Guirardello-1999b;Monod-Becquelin-1975,
7A-dni,dni,Dani (Lower Grand Valley),7A,Glottalized Consonants,No glottalized consonants,Bromley-1961;van-der-Stap-1966,
7A-nen,nen,Nenets,7A,Glottalized Consonants,No glottalized consonants,Tereshchenko-1966a;Decsy-1966;Ristinen-1968;Hajdu-1963;Ristinen-1965;Katz-1975a,
7A-urk,urk,Urubú-Kaapor,7A,Glottalized Consonants,No glottalized consonants,Kakumasu-1986,
7A-coo,coo,Coos (Hanis),7A,Glottalized Consonants,Ejectives only,Zenk-1990,
7A-cre,cre,Cree (Plains),7A,Glottalized Consonants,No glottalized consonants,Dahlstrom-1991;Vinay-1992,
7A-nht,nht,Nahuatl (Tetelcingo),7A,Glottalized Consonants,No glottalized consonants,Tuggy-1979,
7A-yim,yim,Yimas,7A,Glottalized Consonants,No glottalized consonants,Foley-1991,
7A-ika,ika,Ika,7A,Glottalized Consonants,No glottalized consonants,Frank-1990;Tracy-and-Tracy-1973,
7A-kse,kse,Koyraboro Senni,7A,Glottalized Consonants,No glottalized consonants,Prost-1956;Williamson-1967,
7A-mun,mun,Mundari,7A,Glottalized Consonants,No glottalized consonants,Pinnow-1959;Sinha-1975;Gumperz-and-Bilibiri-1957,
7A-yid,yid,Yidiny,7A,Glottalized Consonants,No glottalized consonants,Dixon-1977a,
7A-krk,krk,Karok,7A,Glottalized Consonants,No glottalized consonants,Bright-1957,
7A-tab,tab,Taba,7A,Glottalized Consonants,No glottalized consonants,Bowden-and-Hajek-1999;Bowden-1997a,
7A-aco,aco,Acoma,7A,Glottalized Consonants,Ejectives and glottalized resonants,Miller-1966,
7A-pau,pau,Paumarí,7A,Glottalized Consonants,Implosives only,Chapman-1981;Chapman-and-Derbyshire-1991,
7A-arp,arp,Arapesh (Mountain),7A,Glottalized Consonants,No glottalized consonants,Conrad-and-Wogiga-1991,
7A-ond,ond,Oneida,7A,Glottalized Consonants,No glottalized consonants,Abbott-2000;Michelson-1988,
7A-asm,asm,Asmat,7A,Glottalized Consonants,No glottalized consonants,Voorhoeve-1965,
7A-ewe,ewe,Ewe,7A,Glottalized Consonants,No glottalized consonants,Pasch-1995,
7A-grb,grb,Grebo,7A,Glottalized Consonants,No glottalized consonants,Innes-1966,
7A-hmo,hmo,Hmong Njua,7A,Glottalized Consonants,No glottalized consonants,Harriehausen-1990;Lyman-1974;Purnell-1972;Smalley-1976;Wang-1983;Wang-1985,
7A-khs,khs,Khasi,7A,Glottalized Consonants,No glottalized consonants,Rabel-1961,
7A-khm,khm,Khmer,7A,Glottalized Consonants,Implosives only,Ehrman-1972b;Huffman-1970a;Huffman-1970b;Jacob-1968,
7A-kio,kio,Kiowa,7A,Glottalized Consonants,Ejectives only,Watkins-1984;Sivertsen-1956,
7A-wic,wic,Wichita,7A,Glottalized Consonants,Ejectives and glottalized resonants,Rood-1976,
7A-juh,juh,Ju|'hoan,7A,Glottalized Consonants,Ejectives only,Dickens-1994;Snyman-1970;Snyman-1975,
7A-klv,klv,Kilivila,7A,Glottalized Consonants,No glottalized consonants,Senft-1986,
7A-nug,nug,Nunggubuyu,7A,Glottalized Consonants,No glottalized consonants,Hughes-and-Leeding-1971;Heath-1984,
7A-irq,irq,Iraqw,7A,Glottalized Consonants,Ejectives and implosives,Maghway-1995;Mous-1993;Nordbustad-1988;Whiteley-1958,
7A-kew,kew,Kewa,7A,Glottalized Consonants,No glottalized consonants,Franklin-and-Franklin-1962,
7A-snm,snm,Sanuma,7A,Glottalized Consonants,No glottalized consonants,Aikhenvald-and-Dixon-1999;Borgman-1990,
7A-shk,shk,Shipibo-Konibo,7A,Glottalized Consonants,No glottalized consonants,Valenzuela-et-al-2001;Loriot-et-al-1993,
7A-epe,epe,Epena Pedee,7A,Glottalized Consonants,No glottalized consonants,Harms-1984;Harms-1985;Harms-1994,
7A-ket,ket,Ket,7A,Glottalized Consonants,No glottalized consonants,Dulzon-1968;Feev-1998;Krejnovich-1968a;Vajda-2000,
7A-koa,koa,Koasati,7A,Glottalized Consonants,No glottalized consonants,Rising-1992;Haas-1944,
7A-luv,luv,Luvale,7A,Glottalized Consonants,No glottalized consonants,Horton-1949,
7A-san,san,Sango,7A,Glottalized Consonants,Implosives only,Samarin-1967b;Samarin-1967a,
7A-bag,bag,Bagirmi,7A,Glottalized Consonants,Implosives only,Stevenson-1969,
7A-hzb,hzb,Hunzib,7A,Glottalized Consonants,Ejectives only,van-den-Berg-1995,
7A-ing,ing,Ingush,7A,Glottalized Consonants,Ejectives only,Nichols-1994b,
7A-mau,mau,Maung,7A,Glottalized Consonants,No glottalized consonants,Capell-and-Hinch-1970,
7A-kfe,kfe,Koromfe,7A,Glottalized Consonants,No glottalized consonants,Rennison-1997,
7A-ram,ram,Rama,7A,Glottalized Consonants,No glottalized consonants,Grinevald-1988,
7A-wch,wch,Wichí,7A,Glottalized Consonants,Ejectives and glottalized resonants,Tovar-1981;Vinas-Urquiza-1974;Hunt-1940,
7A-yag,yag,Yagua,7A,Glottalized Consonants,No glottalized consonants,Payne-1985,
7A-niv,niv,Nivkh,7A,Glottalized Consonants,No glottalized consonants,Gruzdeva-1998;Krejnovich-1937,
7A-apu,apu,Apurinã,7A,Glottalized Consonants,No glottalized consonants,Facundes-2000,
7A-bma,bma,Berber (Middle Atlas),7A,Glottalized Consonants,No glottalized consonants,Penchoen-1973b;Abdel-Massih-1971,
7A-wra,wra,Warao,7A,Glottalized Consonants,No glottalized consonants,de-Goeje-1930;Vaquero-1965;Romero-Figueroa-1997;Osborn-1966,
7A-imo,imo,Imonda,7A,Glottalized Consonants,No glottalized consonants,Seiler-1985,
7A-awp,awp,Awa Pit,7A,Glottalized Consonants,No glottalized consonants,Curnow-1997,
7A-kob,kob,Kobon,7A,Glottalized Consonants,No glottalized consonants,Davies-1981b;Davies-1980,
7A-lat,lat,Latvian,7A,Glottalized Consonants,No glottalized consonants,Mathiassen-1997,
7A-mar,mar,Maricopa,7A,Glottalized Consonants,No glottalized consonants,Gordon-1986,
7A-ala,ala,Alamblak,7A,Glottalized Consonants,No glottalized consonants,Bruce-1984,
7A-goo,goo,Gooniyandi,7A,Glottalized Consonants,No glottalized consonants,McGregor-1990,
7A-kut,kut,Kutenai,7A,Glottalized Consonants,Ejectives and glottalized resonants,Morgan-1991;Garvin-1948a,
7A-mxc,mxc,Mixtec (Chalcatongo),7A,Glottalized Consonants,No glottalized consonants,Macaulay-1996,
7A-lav,lav,Lavukaleve,7A,Glottalized Consonants,No glottalized consonants,Terrill-1999,
7A-rap,rap,Rapanui,7A,Glottalized Consonants,No glottalized consonants,Du-Feu-1996,
7A-ain,ain,Ainu,7A,Glottalized Consonants,No glottalized consonants,Simeon-1969;Patrie-1982,
7A-jak,jak,Jakaltek,7A,Glottalized Consonants,Ejectives only,Craig-1977;Day-1973,
7A-lkt,lkt,Lakhota,7A,Glottalized Consonants,Ejectives only,Carter-1974,
7A-mrt,mrt,Martuthunira,7A,Glottalized Consonants,No glottalized consonants,Dench-1995,
7A-prh,prh,Pirahã,7A,Glottalized Consonants,No glottalized consonants,Everett-1986,
7A-war,war,Wari',7A,Glottalized Consonants,Glottalized resonants only,MacEachern-et-al-1997;Everett-and-Kern-1997,
7A-gua,gua,Guaraní,7A,Glottalized Consonants,No glottalized consonants,Gregores-and-Suarez-1967;Lunt-1973;Uldall-1956,
7A-kho,kho,Khoekhoe,7A,Glottalized Consonants,No glottalized consonants,Vossen-1997;Hagman-1977;Ladefoged-and-Traill-1984,
7A-mei,mei,Meithei,7A,Glottalized Consonants,No glottalized consonants,Chelliah-1997;Bhat-and-Ningomba-1997,
7A-ngi,ngi,Ngiyambaa,7A,Glottalized Consonants,No glottalized consonants,Donaldson-1980,
7A-brm,brm,Burmese,7A,Glottalized Consonants,No glottalized consonants,Watkins-2001;Okell-1969,
7A-kro,kro,Krongo,7A,Glottalized Consonants,Implosives only,Reh-1985,
7A-myi,myi,Mangarrayi,7A,Glottalized Consonants,No glottalized consonants,Merlan-1982,
7A-tiw,tiw,Tiwi,7A,Glottalized Consonants,No glottalized consonants,Osborne-1974;Lee-1984;Lee-1983;Anderson-and-Maddieson-1994,
7A-knr,knr,Kanuri,7A,Glottalized Consonants,No glottalized consonants,Awobuluyi-1971;Hutchison-1981;Lukas-1937,
7A-kay,kay,Kayardild,7A,Glottalized Consonants,No glottalized consonants,Evans-1995,
7A-map,map,Mapudungun,7A,Glottalized Consonants,No glottalized consonants,Smeets-1989,
7A-yor,yor,Yoruba,7A,Glottalized Consonants,No glottalized consonants,Bamgbose-1966,
7A-yko,yko,Yukaghir (Kolyma),7A,Glottalized Consonants,No glottalized consonants,Maslova-1999,
7A-may,may,Maybrat,7A,Glottalized Consonants,No glottalized consonants,Dol-1999,
7A-tuk,tuk,Tukang Besi,7A,Glottalized Consonants,Implosives only,Donohue-1999a;Donohue-1999c,
7A-bur,bur,Burushaski,7A,Glottalized Consonants,No glottalized consonants,Morgenstierne-1945;Anderson-1997b,
7A-cha,cha,Chamorro,7A,Glottalized Consonants,No glottalized consonants,Seiden-1960;Topping-1973,
7A-chk,chk,Chukchi,7A,Glottalized Consonants,No glottalized consonants,Krause-1980;Skorik-1961;Skorik-1968,
7A-fij,fij,Fijian,7A,Glottalized Consonants,No glottalized consonants,Dixon-1988,
7A-lan,lan,Lango,7A,Glottalized Consonants,No glottalized consonants,Okello-1975,
7A-orh,orh,Oromo (Harar),7A,Glottalized Consonants,Ejectives and implosives,Owens-1985,
7A-tha,tha,Thai,7A,Glottalized Consonants,No glottalized consonants,Noss-1964;Abramson-1962;Haas-1964;Noss-1954;Kruatrachue-1960;Kalaya-and-Abramson-1999,
7A-yaq,yaq,Yaqui,7A,Glottalized Consonants,No glottalized consonants,Kurath-and-Spicer-1947;Dedrick-and-Casad-1999,
7A-zul,zul,Zulu,7A,Glottalized Consonants,Ejectives and implosives,Canonici-1989;Doke-1926;Doke-1961;Poulos-and-Bosch-1997;Poulos-and-Msimang-1998;Ziervogel-et-al-1981,
7A-sla,sla,Slave,7A,Glottalized Consonants,Ejectives and glottalized resonants,Rice-1978;Rice-1989;Rice-1976,
7A-aeg,aeg,Arabic (Egyptian),7A,Glottalized Consonants,No glottalized consonants,Tomiche-1964;Mitchell-1962;Kennedy-1960,
7A-grw,grw,Greenlandic (West),7A,Glottalized Consonants,No glottalized consonants,Rischel-1974,
7A-hix,hix,Hixkaryana,7A,Glottalized Consonants,No glottalized consonants,Derbyshire-1985,
7A-swa,swa,Swahili,7A,Glottalized Consonants,No glottalized consonants,Polome-nd,
7A-vie,vie,Vietnamese,7A,Glottalized Consonants,Implosives only,Thompson-1965;Nguyen-1974a;Nguyen-1990;Emeneau-1951,
7A-hin,hin,Hindi,7A,Glottalized Consonants,No glottalized consonants,Kelkar-1968;Ohala-1983;Ohala-1999,
7A-ckr,ckr,Canela-Krahô,7A,Glottalized Consonants,No glottalized consonants,Popjes-and-Popjes-1986,
7A-tag,tag,Tagalog,7A,Glottalized Consonants,No glottalized consonants,Schachter-and-Otanes-1972;Bloomfield-1917,
7A-geo,geo,Georgian,7A,Glottalized Consonants,Ejectives only,Vogt-1971;Vogt-1958;Tschenkeli-1958;Vogt-1938;Selmer-1935;Hewitt-1995;Neisser-1953;Robins-and-Waterson-1952,
7A-knd,knd,Kannada,7A,Glottalized Consonants,No glottalized consonants,Sridhar-1990;Steever-1998b;Upadhyaya-1972,
7A-kha,kha,Khalkha,7A,Glottalized Consonants,No glottalized consonants,Luvsanvandan-1964;Svantesson-1985;Hangin-1968;Street-1963,
7A-mal,mal,Malagasy,7A,Glottalized Consonants,No glottalized consonants,Dahl-1952;Dyen-1971b,
7A-sup,sup,Supyire,7A,Glottalized Consonants,No glottalized consonants,Carlson-1994,
7A-hau,hau,Hausa,7A,Glottalized Consonants,Ejectives and implosives,Newman-2000;Schuh-and-Bagari-1999,
7A-mao,mao,Maori,7A,Glottalized Consonants,No glottalized consonants,Bauer-1993,
7A-bsq,bsq,Basque,7A,Glottalized Consonants,No glottalized consonants,Saltarelli-et-al-1988,
7A-abk,abk,Abkhaz,7A,Glottalized Consonants,Ejectives only,Hewitt-1979,
7A-eve,eve,Evenki,7A,Glottalized Consonants,No glottalized consonants,Bulatova-and-Grenoble-1999;Nedjalkov-1997,
7A-kor,kor,Korean,7A,Glottalized Consonants,Ejectives only,Kim-1972;Cho-1967;Lee-1999;Martin-and-Lee-1969;Martin-1954;Kim-1986;Martin-1951,
7A-prs,prs,Persian,7A,Glottalized Consonants,No glottalized consonants,Obolensky-et-al-1963;Majidi-and-Ternes-1999,
7A-ame,ame,Amele,7A,Glottalized Consonants,No glottalized consonants,Roberts-1987,
7A-ger,ger,German,7A,Glottalized Consonants,No glottalized consonants,Kohler-1999;Moulton-1962;Wangler-1972,
7A-grk,grk,Greek (Modern),7A,Glottalized Consonants,No glottalized consonants,Householder-et-al-1964,
7A-lez,lez,Lezgian,7A,Glottalized Consonants,Ejectives only,Haspelmath-1993;Kodzasov-1990a,
7A-jpn,jpn,Japanese,7A,Glottalized Consonants,No glottalized consonants,Bloch-1950;Martin-1952;Shibatani-1990;Jorden-1963,
7A-mnd,mnd,Mandarin,7A,Glottalized Consonants,No glottalized consonants,Dow-1972;Chao-1968;Hanyu-1960;Cheng-1973a,
7A-hun,hun,Hungarian,7A,Glottalized Consonants,No glottalized consonants,Banhidi-et-al-1965;Hall-1944;Szende-1999,
7A-ind,ind,Indonesian,7A,Glottalized Consonants,No glottalized consonants,Alwi-et-al-1998,
7A-fin,fin,Finnish,7A,Glottalized Consonants,No glottalized consonants,Wiik-1965;Harms-1964;Lehtinen-1970,
7A-rus,rus,Russian,7A,Glottalized Consonants,No glottalized consonants,Jones-and-Ward-1969;Halle-1959,
7A-spa,spa,Spanish,7A,Glottalized Consonants,No glottalized consonants,Saporta-and-Contreras-1962;Navarro-1961;Harris-1969a,
7A-tur,tur,Turkish,7A,Glottalized Consonants,No glottalized consonants,Zimmer-and-Orgun-1999,
7A-fre,fre,French,7A,Glottalized Consonants,No glottalized consonants,Fougeron-and-Smith-1999;Sten-1963,
7A-eng,eng,English,7A,Glottalized Consonants,No glottalized consonants,Gimson-1970,
7A-ndy,ndy,Ndyuka,7A,Glottalized Consonants,No glottalized consonants,Huttar-and-Huttar-1994;Huttar-and-Huttar-1972,
