ID,Language_ID,Language_name,Parameter_ID,Parameter_name,Value,Source,Comment
105A-gdf,gdf,Guduf,105A,Ditransitive Constructions: The Verb 'Give',Indirect-object construction,,
105A-kda,kda,Konda,105A,Ditransitive Constructions: The Verb 'Give',Indirect-object construction,Krishnamurti-and-Benham-1998[251],
105A-mrq,mrq,Marquesan,105A,Ditransitive Constructions: The Verb 'Give',Double-object construction,Lynch-2002a[874],
105A-tst,tst,Tsat,105A,Ditransitive Constructions: The Verb 'Give',Indirect-object construction,,
105A-dug,dug,Dullay (Gollango),105A,Ditransitive Constructions: The Verb 'Give',Indirect-object construction,Amborn-et-al-1980[79],
105A-hoa,hoa,Hoava,105A,Ditransitive Constructions: The Verb 'Give',Mixed,"Davis-2003[122-3, 190-1]",
105A-trt,trt,Ternate,105A,Ditransitive Constructions: The Verb 'Give',Mixed,Hayami-Allen-2001[63-4],
105A-tis,tis,Tibetan (Shigatse),105A,Ditransitive Constructions: The Verb 'Give',Indirect-object construction,Haller-2000[111],
105A-ano,ano,Anong,105A,Ditransitive Constructions: The Verb 'Give',Indirect-object construction,,
105A-kug,kug,Kunming,105A,Ditransitive Constructions: The Verb 'Give',Double-object construction,Gui-2000[60],
105A-olu,olu,Olutec,105A,Ditransitive Constructions: The Verb 'Give',Mixed,Zavala-2002[187-8],
105A-pta,pta,Paita,105A,Ditransitive Constructions: The Verb 'Give',Indirect-object construction,Shintani-and-Paita-1990[248],
105A-uku,uku,Upper Kuskokwim,105A,Ditransitive Constructions: The Verb 'Give',Indirect-object construction,,
105A-zaq,zaq,Zapotec (Quiegolani),105A,Ditransitive Constructions: The Verb 'Give',Indirect-object construction,"Black-2000[46, 63]",
105A-boz,boz,Bozo (Tigemaxo),105A,Ditransitive Constructions: The Verb 'Give',Indirect-object construction,"Blecke-1996[155, 157, 220]",
105A-hdi,hdi,Hdi,105A,Ditransitive Constructions: The Verb 'Give',Double-object construction,Frajzyngier-and-Shay-2002[182],
105A-mbo,mbo,Monumbo,105A,Ditransitive Constructions: The Verb 'Give',Indirect-object construction,"Vormann-and-Scharfenberger-1914[9, 54]",
105A-wlm,wlm,Walmatjari,105A,Ditransitive Constructions: The Verb 'Give',Double-object construction,Hudson-1978[24-6],
105A-dhb,dhb,Dharumbal,105A,Ditransitive Constructions: The Verb 'Give',Double-object construction,Terrill-2002[46-7],
105A-mdr,mdr,Madurese,105A,Ditransitive Constructions: The Verb 'Give',Indirect-object construction,"Davies-1999[25, 52-3]",
105A-tor,tor,Toratán,105A,Ditransitive Constructions: The Verb 'Give',Indirect-object construction,Himmelmann-and-Wolf-1999[23],
105A-dhi,dhi,Dhivehi,105A,Ditransitive Constructions: The Verb 'Give',Indirect-object construction,Cain-and-Gair-2000[36-7],
105A-kod,kod,Kodava,105A,Ditransitive Constructions: The Verb 'Give',Indirect-object construction,Ebert-1996[41],
105A-kuk,kuk,Kukú,105A,Ditransitive Constructions: The Verb 'Give',Double-object construction,"Cohen-2000[11, 81, 116, 124-5]",
105A-tsz,tsz,Tsez,105A,Ditransitive Constructions: The Verb 'Give',Indirect-object construction,Comrie-2000[363],
105A-yir,yir,Yir Yiront,105A,Ditransitive Constructions: The Verb 'Give',Double-object construction,"Alpher-1991[27, 61]",
105A-bkt,bkt,Brokskat,105A,Ditransitive Constructions: The Verb 'Give',Indirect-object construction,Sharma-1998[64],
105A-ory,ory,Orya,105A,Ditransitive Constructions: The Verb 'Give',Indirect-object construction,Fields-1997[239],
105A-wir,wir,Wirangu,105A,Ditransitive Constructions: The Verb 'Give',Indirect-object construction,Hercus-1999a[50],
105A-biu,biu,Bisu,105A,Ditransitive Constructions: The Verb 'Give',Indirect-object construction,Shixuan-2001[87],
105A-gol,gol,Gola,105A,Ditransitive Constructions: The Verb 'Give',Double-object construction,"Koroma-1994[91, 146-8]",
105A-laz,laz,Laz,105A,Ditransitive Constructions: The Verb 'Give',Secondary-object construction,"Kutscher-2001[148, 207-9]",
105A-zaz,zaz,Zazaki,105A,Ditransitive Constructions: The Verb 'Give',Indirect-object construction,Selcan-1998[279],
105A-akw,akw,Akawaio,105A,Ditransitive Constructions: The Verb 'Give',Secondary-object construction,Stefanowitsch-2002[342],
105A-fon,fon,Fongbe,105A,Ditransitive Constructions: The Verb 'Give',Double-object construction,Lefebvre-and-Brousseau-2002[445-79],
105A-itz,itz,Itzaj,105A,Ditransitive Constructions: The Verb 'Give',Indirect-object construction,"Hofling-2000[191, 258, 316]",
105A-jel,jel,Jeli,105A,Ditransitive Constructions: The Verb 'Give',Indirect-object construction,"Trobs-1998[126, 198-9]",
105A-mus,mus,Mussau,105A,Ditransitive Constructions: The Verb 'Give',Indirect-object construction,Ross-2002b[163-4],
105A-nse,nse,Nsenga,105A,Ditransitive Constructions: The Verb 'Give',Double-object construction,Miti-2001[176-9],
105A-ron,ron,Ron,105A,Ditransitive Constructions: The Verb 'Give',Indirect-object construction,"Seibert-1998[31, 97]",
105A-tik,tik,Tikar,105A,Ditransitive Constructions: The Verb 'Give',Double-object construction,"Stanley-1991[36, 233, 239, 261, 267]",
105A-xam,xam,/Xam,105A,Ditransitive Constructions: The Verb 'Give',Double-object construction,,
105A-gaa,gaa,Gaagudju,105A,Ditransitive Constructions: The Verb 'Give',Secondary-object construction,"Harvey-2002[263-5, 335-9]",
105A-trw,trw,Torwali,105A,Ditransitive Constructions: The Verb 'Give',Indirect-object construction,"Lunsford-2001[42-3, 48]",
105A-grg,grg,Gurr-goni,105A,Ditransitive Constructions: The Verb 'Give',Secondary-object construction,"Green-1995[38, 76, 105, 245]",
105A-kly,kly,Kala Lagaw Ya,105A,Ditransitive Constructions: The Verb 'Give',Indirect-object construction,Comrie-1981a[15],
105A-mle,mle,Maale,105A,Ditransitive Constructions: The Verb 'Give',Indirect-object construction,"Amha-2001[62, 86, 201]",
105A-mdg,mdg,Mundang,105A,Ditransitive Constructions: The Verb 'Give',Indirect-object construction,"Elders-2000[302-4, 510-1]",
105A-stn,stn,Sotho (Northern),105A,Ditransitive Constructions: The Verb 'Give',Double-object construction,Louwrens-et-al-1995[55],
105A-all,all,Ala'ala,105A,Ditransitive Constructions: The Verb 'Give',Secondary-object construction,Ross-2002d[357],
105A-dah,dah,Dahalo,105A,Ditransitive Constructions: The Verb 'Give',Double-object construction,Tosco-1991[88-9],
105A-dja,dja,Djabugay,105A,Ditransitive Constructions: The Verb 'Give',Indirect-object construction,Patz-1991[265],
105A-dua,dua,Duala,105A,Ditransitive Constructions: The Verb 'Give',Double-object construction,Biloa-1993[69],
105A-myr,myr,Matsés,105A,Ditransitive Constructions: The Verb 'Give',Double-object construction,Fleck-2002[381-2],
105A-nku,nku,Nubian (Kunuz),105A,Ditransitive Constructions: The Verb 'Give',Double-object construction,Abdel-Hafiz-1988[231],
105A-sgu,sgu,Sangu,105A,Ditransitive Constructions: The Verb 'Give',Double-object construction,Idiata-1998[61-2],
105A-sud,sud,Sudest,105A,Ditransitive Constructions: The Verb 'Give',Indirect-object construction,Anderson-and-Ross-2002,
105A-tig,tig,Tigrinya,105A,Ditransitive Constructions: The Verb 'Give',Indirect-object construction,Kogan-1997[432-3],
105A-tbt,tbt,Tobati,105A,Ditransitive Constructions: The Verb 'Give',Secondary-object construction,Donohue-2002[199-200],
105A-tgn,tgn,Tugun,105A,Ditransitive Constructions: The Verb 'Give',Indirect-object construction,"Hinton-1991[86, 107, 120]",
105A-lml,lml,Limilngan,105A,Ditransitive Constructions: The Verb 'Give',Secondary-object construction,"Harvey-2001[72, 102-3]",
105A-sap,sap,Sapuan,105A,Ditransitive Constructions: The Verb 'Give',Indirect-object construction,Jacq-and-Sidwell-1999[33],
105A-wrm,wrm,Warembori,105A,Ditransitive Constructions: The Verb 'Give',Indirect-object construction,Donohue-1999b[19],
105A-bzi,bzi,Bauzi,105A,Ditransitive Constructions: The Verb 'Give',Indirect-object construction,"Briley-1997[26, 58]",
105A-gam,gam,Gamo,105A,Ditransitive Constructions: The Verb 'Give',Indirect-object construction,Hompo-1990[378],
105A-gap,gap,Gapapaiwa,105A,Ditransitive Constructions: The Verb 'Give',Secondary-object construction,"McGuckin-2002[309, 312]",
105A-mts,mts,Matis,105A,Ditransitive Constructions: The Verb 'Give',Double-object construction,"Ferreira-2001[50, 109, 115]",
105A-mbi,mbi,Mbili,105A,Ditransitive Constructions: The Verb 'Give',Indirect-object construction,"Ayuninjam-1998[307, 309, 336-7]",
105A-nag,nag,Nagatman,105A,Ditransitive Constructions: The Verb 'Give',Indirect-object construction,"Campbell-and-Campbell-1987[12, 15-6, 71-2]",
105A-tgl,tgl,Tshangla,105A,Ditransitive Constructions: The Verb 'Give',Indirect-object construction,Andvik-2003[444],
105A-aml,aml,Ambae (Lolovoli Northeast),105A,Ditransitive Constructions: The Verb 'Give',Indirect-object construction,Hyslop-2001[146],
105A-bnn,bnn,Banoni,105A,Ditransitive Constructions: The Verb 'Give',Secondary-object construction,Lynch-and-Ross-2002[453],
105A-mbb,mbb,Mbabaram,105A,Ditransitive Constructions: The Verb 'Give',Indirect-object construction,"Dixon-1991b[371, 373]",
105A-qia,qia,Qiang,105A,Ditransitive Constructions: The Verb 'Give',Indirect-object construction,,
105A-sho,sho,Shoshone,105A,Ditransitive Constructions: The Verb 'Give',Double-object construction,Miller-1996b[699],
105A-alk,alk,Arop-Lokep,105A,Ditransitive Constructions: The Verb 'Give',Indirect-object construction,DJernes-2002[264],
105A-hma,hma,Hmar,105A,Ditransitive Constructions: The Verb 'Give',Mixed,"Dutta-Baruah-and-Bapui-1996[48, 85]",
105A-mpr,mpr,Maipure,105A,Ditransitive Constructions: The Verb 'Give',Indirect-object construction,Zamponi-2003a[49],
105A-mlm,mlm,Mlabri (Minor),105A,Ditransitive Constructions: The Verb 'Give',Double-object construction,Rischel-1995,
105A-bdm,bdm,Badimaya,105A,Ditransitive Constructions: The Verb 'Give',Indirect-object construction,"Dunn-1988[69, 107]",
105A-bum,bum,Buma,105A,Ditransitive Constructions: The Verb 'Give',Indirect-object construction,Tryon-2002[582-3],
105A-drg,drg,Dargwa,105A,Ditransitive Constructions: The Verb 'Give',Indirect-object construction,van-den-Berg-2001[57],
105A-jam,jam,Jaminjung,105A,Ditransitive Constructions: The Verb 'Give',Secondary-object construction,"Schultze-Berndt-2000[169-70, 370]",
105A-lis,lis,Lisu,105A,Ditransitive Constructions: The Verb 'Give',Indirect-object construction,"Bradley-2003[227, 229]",
105A-mno,mno,Mono (in United States),105A,Ditransitive Constructions: The Verb 'Give',Double-object construction,"Norris-1986[23, 25, 30, 132-3]",
105A-nha,nha,Nhanda,105A,Ditransitive Constructions: The Verb 'Give',Double-object construction,"Blevins-2001[50, 80, 87, 90, 122, 128, 131]",
105A-ptt,ptt,Pattani,105A,Ditransitive Constructions: The Verb 'Give',Indirect-object construction,Sharma-1989b[51-2],
105A-akh,akh,Akha,105A,Ditransitive Constructions: The Verb 'Give',Indirect-object construction,Hansson-2003[243],
105A-mot,mot,Motuna,105A,Ditransitive Constructions: The Verb 'Give',Secondary-object construction,Onishi-2000[117-8],
105A-zay,zay,Zayse,105A,Ditransitive Constructions: The Verb 'Give',Indirect-object construction,Hayward-1990b[255-6],
105A-bii,bii,Biri,105A,Ditransitive Constructions: The Verb 'Give',Indirect-object construction,Terrill-1998[50-1],
105A-kem,kem,Kemant,105A,Ditransitive Constructions: The Verb 'Give',Indirect-object construction,"Appleyard-1975[327, 345]",
105A-kin,kin,Kinyarwanda,105A,Ditransitive Constructions: The Verb 'Give',Double-object construction,Dryer-1983,
105A-nwd,nwd,Newar (Dolakha),105A,Ditransitive Constructions: The Verb 'Give',Indirect-object construction,Genetti-1994[51],
105A-yng,yng,Yingkarta,105A,Ditransitive Constructions: The Verb 'Give',Secondary-object construction,Dench-1998[56],
105A-zch,zch,Zoque (Chimalapa),105A,Ditransitive Constructions: The Verb 'Give',Secondary-object construction,"Johnson-2000[113, 118-9, 126, 128, 275]",
105A-ale,ale,Aleut,105A,Ditransitive Constructions: The Verb 'Give',Indirect-object construction,,
105A-bho,bho,Bhojpuri,105A,Ditransitive Constructions: The Verb 'Give',Indirect-object construction,Verma-2003a[534],
105A-hui,hui,Huichol,105A,Ditransitive Constructions: The Verb 'Give',Secondary-object construction,Comrie-1982,
105A-lgu,lgu,Longgu,105A,Ditransitive Constructions: The Verb 'Give',Indirect-object construction,Hill-1994;Hill-2002[555],
105A-ndb,ndb,Ndebele (in South Africa),105A,Ditransitive Constructions: The Verb 'Give',Double-object construction,Bowern-and-Lotridge-2002[21],
105A-pga,pga,Pilagá,105A,Ditransitive Constructions: The Verb 'Give',Double-object construction,Vidal-2001[312-6],
105A-qaf,qaf,Qafar,105A,Ditransitive Constructions: The Verb 'Give',Indirect-object construction,Bliese-1981[11],
105A-bak,bak,Baka (in Cameroon),105A,Ditransitive Constructions: The Verb 'Give',Indirect-object construction,Kilian-Hatz-1995[271],
105A-chn,chn,Chantyal,105A,Ditransitive Constructions: The Verb 'Give',Indirect-object construction,Noonan-2003b[330],
105A-lil,lil,Lillooet,105A,Ditransitive Constructions: The Verb 'Give',Secondary-object construction,"van-Eijk-1997[159, 228-9]",
105A-nab,nab,Nabak,105A,Ditransitive Constructions: The Verb 'Give',Secondary-object construction,"Fabian-et-al-1998[44, 60-1, 102, 104]",
105A-tnn,tnn,Tunen,105A,Ditransitive Constructions: The Verb 'Give',Double-object construction,Mous-1997[126],
105A-yny,yny,Yanyuwa,105A,Ditransitive Constructions: The Verb 'Give',Mixed,"Kirton-and-Charlie-1996[16-7, 110-1]",
105A-dga,dga,Dagaare,105A,Ditransitive Constructions: The Verb 'Give',Double-object construction,Bodomo-1997[103],
105A-efi,efi,Efik,105A,Ditransitive Constructions: The Verb 'Give',Double-object construction,Urua-1997[195],
105A-lbu,lbu,Lunda,105A,Ditransitive Constructions: The Verb 'Give',Double-object construction,Givon-and-Kawasha-1999[5-6],
105A-ndj,ndj,Ndjébbana,105A,Ditransitive Constructions: The Verb 'Give',Secondary-object construction,"McKay-2000[191, 280]",
105A-kik,kik,Kikuyu,105A,Ditransitive Constructions: The Verb 'Give',Double-object construction,Mugane-1997[141],
105A-mgu,mgu,Musgu,105A,Ditransitive Constructions: The Verb 'Give',Indirect-object construction,"Meyer-Bahlburg-1972[95, 174-5]",
105A-pny,pny,Panyjima,105A,Ditransitive Constructions: The Verb 'Give',Double-object construction,"Dench-1991[178, 193-4]",
105A-sng,sng,Sinaugoro,105A,Ditransitive Constructions: The Verb 'Give',Secondary-object construction,Tauberschmidt-and-Bala-1992[181],
105A-tps,tps,Tepehuan (Southeastern),105A,Ditransitive Constructions: The Verb 'Give',Secondary-object construction,"Willett-1991[76, 197]",
105A-krr,krr,Kairiru,105A,Ditransitive Constructions: The Verb 'Give',Secondary-object construction,"Ross-2002a[209, 214]",
105A-knc,knc,Kugu Nganhcara,105A,Ditransitive Constructions: The Verb 'Give',Indirect-object construction,"Smith-and-Johnson-2000[391, 401]",
105A-baj,baj,Bajau (Sama),105A,Ditransitive Constructions: The Verb 'Give',Double-object construction,Donohue-1996[787],
105A-wry,wry,Waray (in Australia),105A,Ditransitive Constructions: The Verb 'Give',Double-object construction,Harvey-1986[215ff.],
105A-wrg,wrg,Warrgamay,105A,Ditransitive Constructions: The Verb 'Give',Mixed,Dixon-1981,
105A-bfg,bfg,Berber (Figuig),105A,Ditransitive Constructions: The Verb 'Give',Indirect-object construction,Kossmann-1997,
105A-slb,slb,Saliba (in Papua New Guinea),105A,Ditransitive Constructions: The Verb 'Give',Mixed,Margetts-1999b[300-304],
105A-kku,kku,Korku,105A,Ditransitive Constructions: The Verb 'Give',Double-object construction,"Nagaraja-1999[41, 46, 97]",
105A-lin,lin,Lingala,105A,Ditransitive Constructions: The Verb 'Give',Double-object construction,"Meeuwis-1998[16, 27, 39-40]",
105A-nsg,nsg,Nisgha,105A,Ditransitive Constructions: The Verb 'Give',Indirect-object construction,"Tarpent-1987[341-2, 454-5]",
105A-raw,raw,Rawang,105A,Ditransitive Constructions: The Verb 'Give',Indirect-object construction,LaPolla-2000[285-6],
105A-tar,tar,Tariana,105A,Ditransitive Constructions: The Verb 'Give',Double-object construction,Aikhenvald-2001[179],
105A-djr,djr,Djaru,105A,Ditransitive Constructions: The Verb 'Give',Mixed,Tsunoda-1981[115ff.],
105A-hay,hay,Hayu,105A,Ditransitive Constructions: The Verb 'Give',Secondary-object construction,Michailovsky-2003[527],
105A-jab,jab,Jabêm,105A,Ditransitive Constructions: The Verb 'Give',Indirect-object construction,Ross-2002e[287],
105A-kma,kma,Kamaiurá,105A,Ditransitive Constructions: The Verb 'Give',Indirect-object construction,"Seki-2000[72, 157]",
105A-bel,bel,Belhare,105A,Ditransitive Constructions: The Verb 'Give',Secondary-object construction,Bickel-2003[565],
105A-mad,mad,Ma'di,105A,Ditransitive Constructions: The Verb 'Give',Indirect-object construction,"Blackings-and-Fabb-2003[250, 364-5, 376, 381]",
105A-obo,obo,Obolo,105A,Ditransitive Constructions: The Verb 'Give',Double-object construction,"Faraclas-1984[13, 44, 54]",
105A-udm,udm,Udmurt,105A,Ditransitive Constructions: The Verb 'Give',Indirect-object construction,Vaxrushev-1970[170],
105A-ytu,ytu,Yukaghir (Tundra),105A,Ditransitive Constructions: The Verb 'Give',Indirect-object construction,Maslova-2003b[55],
105A-bai,bai,Bai,105A,Ditransitive Constructions: The Verb 'Give',Indirect-object construction,Wiersma-2003[671],
105A-bya,bya,Byansi,105A,Ditransitive Constructions: The Verb 'Give',Indirect-object construction,Trivedi-1991[35],
105A-dji,dji,Djingili,105A,Ditransitive Constructions: The Verb 'Give',Mixed,Pensalfini-1997[205-7],
105A-kmh,kmh,Kham,105A,Ditransitive Constructions: The Verb 'Give',Secondary-object construction,"Watters-2002[67-8, 248-9]",
105A-mos,mos,Mosetén,105A,Ditransitive Constructions: The Verb 'Give',Secondary-object construction,Sakel-2002a[153-4],
105A-nua,nua,Nuaulu,105A,Ditransitive Constructions: The Verb 'Give',Indirect-object construction,"Bolton-1990[101-2, 116-7]",
105A-nia,nia,Nias,105A,Ditransitive Constructions: The Verb 'Give',Indirect-object construction,Brown-2001[546],
105A-ppi,ppi,Pitta Pitta,105A,Ditransitive Constructions: The Verb 'Give',Double-object construction,"Blake-1979c[201, 221]",
105A-bla,bla,Blackfoot,105A,Ditransitive Constructions: The Verb 'Give',Secondary-object construction,Frantz-1991[64],
105A-mai,mai,Maithili,105A,Ditransitive Constructions: The Verb 'Give',Indirect-object construction,Yadav-2003[492],
105A-syu,syu,Salt-Yui,105A,Ditransitive Constructions: The Verb 'Give',Double-object construction,"Irwin-1974[34, 57, 73]",
105A-wrl,wrl,Warlpiri,105A,Ditransitive Constructions: The Verb 'Give',Mixed,Simpson-1991,
105A-gum,gum,Gumbaynggir,105A,Ditransitive Constructions: The Verb 'Give',Double-object construction,Eades-1979[297],
105A-kmb,kmb,Kombai,105A,Ditransitive Constructions: The Verb 'Give',Mixed,"de-Vries-1993[43, 51]",
105A-mde,mde,Mende,105A,Ditransitive Constructions: The Verb 'Give',Mixed,"Innes-1971[65, 119, 157-8]",
105A-niu,niu,Niuean,105A,Ditransitive Constructions: The Verb 'Give',Indirect-object construction,"Seiter-1980[32, 36]",
105A-aly,aly,Alyawarra,105A,Ditransitive Constructions: The Verb 'Give',Mixed,Yallop-1977[80],
105A-kan,kan,Kana,105A,Ditransitive Constructions: The Verb 'Give',Double-object construction,"Ikoro-1996[203-4, 306]",
105A-per,per,Pero,105A,Ditransitive Constructions: The Verb 'Give',Indirect-object construction,Frajzyngier-1989[166-7],
105A-bco,bco,Bella Coola,105A,Ditransitive Constructions: The Verb 'Give',Secondary-object construction,Davis-and-Saunders-1997,
105A-ber,ber,Berta,105A,Ditransitive Constructions: The Verb 'Give',Indirect-object construction,Andersen-1995[45],
105A-ewo,ewo,Ewondo,105A,Ditransitive Constructions: The Verb 'Give',Double-object construction,"Redden-1979[55, 166]",
105A-mlt,mlt,Maltese,105A,Ditransitive Constructions: The Verb 'Give',Indirect-object construction,Borg-and-Azzopardi-Alexander-1997,
105A-bae,bae,Baré,105A,Ditransitive Constructions: The Verb 'Give',Indirect-object construction,Aikhenvald-1996[25-6],
105A-but,but,Buriat,105A,Ditransitive Constructions: The Verb 'Give',Indirect-object construction,Skribnik-2003[109],
105A-err,err,Erromangan,105A,Ditransitive Constructions: The Verb 'Give',Secondary-object construction,Crowley-1998a[202-3],
105A-jng,jng,Jingpho,105A,Ditransitive Constructions: The Verb 'Give',Indirect-object construction,Dai-and-Diehl-2003[407-8],
105A-mby,mby,Mbay,105A,Ditransitive Constructions: The Verb 'Give',Double-object construction,Keegan-1997,
105A-sno,sno,Saami (Northern),105A,Ditransitive Constructions: The Verb 'Give',Indirect-object construction,,
105A-kya,kya,Kuku-Yalanji,105A,Ditransitive Constructions: The Verb 'Give',Indirect-object construction,"Patz-2002[76, 85, 134, 188]",
105A-skp,skp,Selkup,105A,Ditransitive Constructions: The Verb 'Give',Indirect-object construction,"Kuznecova-et-al-1980[178, 180]",
105A-bbw,bbw,Bininj Gun-Wok,105A,Ditransitive Constructions: The Verb 'Give',Secondary-object construction,Evans-2003[395],
105A-fye,fye,Fyem,105A,Ditransitive Constructions: The Verb 'Give',Double-object construction,"Nettle-1998[24, 30, 44]",
105A-kgu,kgu,Kalkatungu,105A,Ditransitive Constructions: The Verb 'Give',Mixed,"Blake-1979b[37, 41-2]",
105A-lai,lai,Lai,105A,Ditransitive Constructions: The Verb 'Give',Secondary-object construction,Peterson-2003[420],
105A-tam,tam,Tamang (Eastern),105A,Ditransitive Constructions: The Verb 'Give',Indirect-object construction,Mazaudon-2003[295-6],
105A-tib,tib,Tibetan (Standard Spoken),105A,Ditransitive Constructions: The Verb 'Give',Indirect-object construction,"Denwood-1999[143, 205]",
105A-udh,udh,Udihe,105A,Ditransitive Constructions: The Verb 'Give',Indirect-object construction,Nikolaeva-and-Tolskaya-2001[524],
105A-cct,cct,Choctaw,105A,Ditransitive Constructions: The Verb 'Give',Indirect-object construction,"Davies-1986[3, 40]",
105A-cop,cop,Coptic,105A,Ditransitive Constructions: The Verb 'Give',Indirect-object construction,Lambdin-1983[35],
105A-dgb,dgb,Dagbani,105A,Ditransitive Constructions: The Verb 'Give',Double-object construction,"Olawsky-1999[22, 45]",
105A-nuu,nuu,Nuuchahnulth,105A,Ditransitive Constructions: The Verb 'Give',Double-object construction,Davidson-2002[121-4],
105A-trb,trb,Teribe,105A,Ditransitive Constructions: The Verb 'Give',Indirect-object construction,"Quesada-2000[12, 98, 112f.]",
105A-tja,tja,Tiipay (Jamul),105A,Ditransitive Constructions: The Verb 'Give',Double-object construction,Miller-2001[162-3],
105A-ara,ara,Arawak,105A,Ditransitive Constructions: The Verb 'Give',Indirect-object construction,"Pet-1987[55-6, 65, 84, 109-11]",
105A-mgg,mgg,Mangghuer,105A,Ditransitive Constructions: The Verb 'Give',Indirect-object construction,Slater-2003[124-5],
105A-oji,oji,Ojibwa (Eastern),105A,Ditransitive Constructions: The Verb 'Give',Secondary-object construction,Valentine-2001[655-6],
105A-che,che,Cherokee,105A,Ditransitive Constructions: The Verb 'Give',Secondary-object construction,Scancarelli-1987[69],
105A-kwa,kwa,Kwaio,105A,Ditransitive Constructions: The Verb 'Give',Indirect-object construction,"Keesing-1985[30, 33, 150]",
105A-lel,lel,Lele,105A,Ditransitive Constructions: The Verb 'Give',Double-object construction,"Frajzyngier-2001[36-7, 130]",
105A-so,so,So,105A,Ditransitive Constructions: The Verb 'Give',Indirect-object construction,"Carlin-1993[22, 45, 96, 103, 128, 136, 190-1]",
105A-nmb,nmb,Nambikuára (Southern),105A,Ditransitive Constructions: The Verb 'Give',Secondary-object construction,"Kroeker-2001[4, 12]",
105A-sun,sun,Sundanese,105A,Ditransitive Constructions: The Verb 'Give',Mixed,"Muller-Gotama-2001[27, 31, 51]",
105A-chr,chr,Chrau,105A,Ditransitive Constructions: The Verb 'Give',Indirect-object construction,Thomas-1971,
105A-guu,guu,Guugu Yimidhirr,105A,Ditransitive Constructions: The Verb 'Give',Indirect-object construction,"Haviland-1979[83, 111]",
105A-abu,abu,Abun,105A,Ditransitive Constructions: The Verb 'Give',Indirect-object construction,"Berry-and-Berry-1999[52, 83]",
105A-bab,bab,Babungo,105A,Ditransitive Constructions: The Verb 'Give',Mixed,"Schaub-1985[56, 60, 141, 144]",
105A-doy,doy,Doyayo,105A,Ditransitive Constructions: The Verb 'Give',Double-object construction,Wiering-and-Wiering-1994[74ff.],
105A-mam,mam,Mam,105A,Ditransitive Constructions: The Verb 'Give',Indirect-object construction,"England-1983[72, 74, 183, 279]",
105A-ttn,ttn,Tetun,105A,Ditransitive Constructions: The Verb 'Give',Mixed,"van-Klinken-1999[181, 268]",
105A-tid,tid,Tidore,105A,Ditransitive Constructions: The Verb 'Give',Mixed,"van-Staden-2000[92, 109, 111, 124, 181, 212, 215, 221]",
105A-ik,ik,Ik,105A,Ditransitive Constructions: The Verb 'Give',Indirect-object construction,Serzisko-1992[47],
105A-pae,pae,Páez,105A,Ditransitive Constructions: The Verb 'Give',Indirect-object construction,"Jung-1989[122, 76, 156-7]",
105A-sed,sed,Sedang,105A,Ditransitive Constructions: The Verb 'Give',Mixed,"Smith-1979[140, 154]",
105A-mup,mup,Mupun,105A,Ditransitive Constructions: The Verb 'Give',Indirect-object construction,Frajzyngier-1993[201],
105A-ngl,ngl,Ngalakan,105A,Ditransitive Constructions: The Verb 'Give',Secondary-object construction,Merlan-1983[50],
105A-tin,tin,Tinrin,105A,Ditransitive Constructions: The Verb 'Give',Indirect-object construction,"Osumi-1995[79, 213]",
105A-miy,miy,Miya,105A,Ditransitive Constructions: The Verb 'Give',Double-object construction,Schuh-1998[294-5],
105A-tna,tna,Turkana,105A,Ditransitive Constructions: The Verb 'Give',Double-object construction,Dimmendaal-1983a;Dimmendaal-1983b,
105A-kty,kty,Khanty,105A,Ditransitive Constructions: The Verb 'Give',Mixed,Nikolaeva-1999[40],
105A-mym,mym,Malayalam,105A,Ditransitive Constructions: The Verb 'Give',Indirect-object construction,Asher-and-Kumari-1997[204],
105A-klm,klm,Klamath,105A,Ditransitive Constructions: The Verb 'Give',Indirect-object construction,"Barker-1964[344];Rude-1988c[656-7, 662]",
105A-nep,nep,Nepali,105A,Ditransitive Constructions: The Verb 'Give',Indirect-object construction,Riccardi-2003[572],
105A-hat,hat,Hatam,105A,Ditransitive Constructions: The Verb 'Give',Indirect-object construction,Reesink-1999[47],
105A-ret,ret,Retuarã,105A,Ditransitive Constructions: The Verb 'Give',Double-object construction,"Strom-1992[4, 32, 119]",
105A-tau,tau,Tauya,105A,Ditransitive Constructions: The Verb 'Give',Secondary-object construction,"MacDonald-1990[93, 121, 138, 148, 291]",
105A-pal,pal,Palauan,105A,Ditransitive Constructions: The Verb 'Give',Secondary-object construction,Josephs-1975[347],
105A-akn,akn,Akan,105A,Ditransitive Constructions: The Verb 'Give',Double-object construction,Saah-and-Eze-1997[139],
105A-kis,kis,Kisi,105A,Ditransitive Constructions: The Verb 'Give',Double-object construction,Childs-1995,
105A-kon,kon,Kongo,105A,Ditransitive Constructions: The Verb 'Give',Mixed,Lumwamu-1973[180],
105A-tsh,tsh,Tümpisa Shoshone,105A,Ditransitive Constructions: The Verb 'Give',Double-object construction,Dayley-1989a,
105A-mhi,mhi,Marathi,105A,Ditransitive Constructions: The Verb 'Give',Indirect-object construction,"Pandharipande-1997[136, 292]",
105A-tzu,tzu,Tzutujil,105A,Ditransitive Constructions: The Verb 'Give',Indirect-object construction,"Dayley-1985[156, 229, 282, 311-2, 314]",
105A-amp,amp,Arrernte (Mparntwe),105A,Ditransitive Constructions: The Verb 'Give',Mixed,"Wilkins-1989[169, 223]",
105A-lak,lak,Lak,105A,Ditransitive Constructions: The Verb 'Give',Indirect-object construction,Zhirkov-1955[41],
105A-mac,mac,Macushi,105A,Ditransitive Constructions: The Verb 'Give',Indirect-object construction,"Abbott-1991[39-40, 66, 84]",
105A-wlf,wlf,Wolof,105A,Ditransitive Constructions: The Verb 'Give',Double-object construction,"Njie-1982[119, 150, 191, 199]",
105A-ace,ace,Acehnese,105A,Ditransitive Constructions: The Verb 'Give',Mixed,"Durie-1985[48, 175, 182]",
105A-kas,kas,Kashmiri,105A,Ditransitive Constructions: The Verb 'Give',Indirect-object construction,"Wali-and-Koul-1997[88, 156, 248-51]",
105A-pur,pur,Purépecha,105A,Ditransitive Constructions: The Verb 'Give',Indirect-object construction,"Chamereau-2000[70, 93, 175, 181-2, 197]",
105A-dyi,dyi,Dyirbal,105A,Ditransitive Constructions: The Verb 'Give',Mixed,Dixon-1972[300],
105A-ita,ita,Italian,105A,Ditransitive Constructions: The Verb 'Give',Indirect-object construction,,
105A-ood,ood,O'odham,105A,Ditransitive Constructions: The Verb 'Give',Double-object construction,"Saxton-1982[108, 111, 124]",
105A-tml,tml,Tamil,105A,Ditransitive Constructions: The Verb 'Give',Indirect-object construction,Asher-1985[107-8],
105A-krb,krb,Kiribati,105A,Ditransitive Constructions: The Verb 'Give',Double-object construction,"Groves-et-al-1985[96, 110]",
105A-som,som,Somali,105A,Ditransitive Constructions: The Verb 'Give',Secondary-object construction,"Berchem-1991[75, 167, 179, 271, 274, 278, 295]",
105A-cnt,cnt,Cantonese,105A,Ditransitive Constructions: The Verb 'Give',Mixed,Matthews-and-Yip-1994[137],
105A-ker,ker,Kera,105A,Ditransitive Constructions: The Verb 'Give',Indirect-object construction,Ebert-1979[207],
105A-lad,lad,Ladakhi,105A,Ditransitive Constructions: The Verb 'Give',Indirect-object construction,Koshal-1979[70],
105A-lep,lep,Lepcha,105A,Ditransitive Constructions: The Verb 'Give',Indirect-object construction,Plaisier-2003[711],
105A-wam,wam,Wambaya,105A,Ditransitive Constructions: The Verb 'Give',Double-object construction,"Nordlinger-1998[57, 86, 189]",
105A-kyl,kyl,Kayah Li (Eastern),105A,Ditransitive Constructions: The Verb 'Give',Double-object construction,"Solnit-1997[86, 155, 168]",
105A-mak,mak,Makah,105A,Ditransitive Constructions: The Verb 'Give',Double-object construction,Davidson-2002[121-4],
105A-tsi,tsi,Tsimshian (Coast),105A,Ditransitive Constructions: The Verb 'Give',Indirect-object construction,Mulder-1994[40],
105A-sue,sue,Suena,105A,Ditransitive Constructions: The Verb 'Give',Indirect-object construction,"Wilson-1974[16-8, 44, 79, 129]",
105A-mku,mku,Maranungku,105A,Ditransitive Constructions: The Verb 'Give',Double-object construction,"Tryon-1970b[33-4, 49-50, 54, 60, 70]",
105A-mrl,mrl,Murle,105A,Ditransitive Constructions: The Verb 'Give',Double-object construction,"Arensen-1982[92, 107]",
105A-pit,pit,Pitjantjatjara,105A,Ditransitive Constructions: The Verb 'Give',Double-object construction,"Bowe-1990[24, 45, 60-1]",
105A-amh,amh,Amharic,105A,Ditransitive Constructions: The Verb 'Give',Double-object construction,,
105A-ana,ana,Araona,105A,Ditransitive Constructions: The Verb 'Give',Double-object construction,"Pitman-1980[9, 14, 24, 39, 43, 46]",
105A-baw,baw,Bawm,105A,Ditransitive Constructions: The Verb 'Give',Mixed,"Reichle-1981[93, 103, 122, 149, 157-8, 161]",
105A-nbd,nbd,Nubian (Dongolese),105A,Ditransitive Constructions: The Verb 'Give',Indirect-object construction,Armbruster-1960[366],
105A-wrd,wrd,Wardaman,105A,Ditransitive Constructions: The Verb 'Give',Secondary-object construction,"Merlan-1994[64, 66, 68, 205]",
105A-hai,hai,Haida,105A,Ditransitive Constructions: The Verb 'Give',Indirect-object construction,"Enrico-2003[316, 374, 453]",
105A-kmu,kmu,Khmu',105A,Ditransitive Constructions: The Verb 'Give',Indirect-object construction,Premsirat-1991[124],
105A-usa,usa,Usan,105A,Ditransitive Constructions: The Verb 'Give',Secondary-object construction,"Reesink-1987[84, 108, 129, 154, 165]",
105A-pai,pai,Paiwan,105A,Ditransitive Constructions: The Verb 'Give',Mixed,"Egli-1990[156, 194]",
105A-dre,dre,Drehu,105A,Ditransitive Constructions: The Verb 'Give',Mixed,Moyse-Faurie-1983[161-2],
105A-gar,gar,Garo,105A,Ditransitive Constructions: The Verb 'Give',Indirect-object construction,"Burling-1961[32-3, 46, 49, 70]",
105A-pms,pms,Paamese,105A,Ditransitive Constructions: The Verb 'Give',Indirect-object construction,"Crowley-1982[139-40, 190, 197, 233]",
105A-sml,sml,Semelai,105A,Ditransitive Constructions: The Verb 'Give',Indirect-object construction,Kruspe-1999[§9.3.1.5],
105A-igb,igb,Igbo,105A,Ditransitive Constructions: The Verb 'Give',Double-object construction,Saah-and-Eze-1997[140],
105A-knm,knm,Kunama,105A,Ditransitive Constructions: The Verb 'Give',Indirect-object construction,"Bender-1996[14, 47]",
105A-cmn,cmn,Comanche,105A,Ditransitive Constructions: The Verb 'Give',Double-object construction,Charney-1993[204],
105A-nko,nko,Nkore-Kiga,105A,Ditransitive Constructions: The Verb 'Give',Secondary-object construction,"Taylor-1985[43, 92]",
105A-tru,tru,Trumai,105A,Ditransitive Constructions: The Verb 'Give',Indirect-object construction,Guirardello-1999a[282],
105A-urk,urk,Urubú-Kaapor,105A,Ditransitive Constructions: The Verb 'Give',Indirect-object construction,"Kakumasu-1986[328, 380, 391, 396]",
105A-coo,coo,Coos (Hanis),105A,Ditransitive Constructions: The Verb 'Give',Secondary-object construction,,
105A-cre,cre,Cree (Plains),105A,Ditransitive Constructions: The Verb 'Give',Secondary-object construction,Dahlstrom-1991[82],
105A-nht,nht,Nahuatl (Tetelcingo),105A,Ditransitive Constructions: The Verb 'Give',Double-object construction,"Tuggy-1979[23, 92, 108, 112]",
105A-yim,yim,Yimas,105A,Ditransitive Constructions: The Verb 'Give',Indirect-object construction,"Foley-1991[208ff., 213, 228]",
105A-ika,ika,Ika,105A,Ditransitive Constructions: The Verb 'Give',Mixed,Frank-1990[21],
105A-kse,kse,Koyraboro Senni,105A,Ditransitive Constructions: The Verb 'Give',Mixed,Heath-1999a[285],
105A-yid,yid,Yidiny,105A,Ditransitive Constructions: The Verb 'Give',Indirect-object construction,"Dixon-1977a[197, 259, 269, 332, 359]",
105A-brs,brs,Barasano,105A,Ditransitive Constructions: The Verb 'Give',Secondary-object construction,"Jones-and-Jones-1991[27, 35, 67, 102, 109]",
105A-tab,tab,Taba,105A,Ditransitive Constructions: The Verb 'Give',Double-object construction,"Bowden-1997a[35, 91, 143, 158]",
105A-grb,grb,Grebo,105A,Ditransitive Constructions: The Verb 'Give',Double-object construction,Innes-1966[103],
105A-hmo,hmo,Hmong Njua,105A,Ditransitive Constructions: The Verb 'Give',Indirect-object construction,Harriehausen-1990[186],
105A-khs,khs,Khasi,105A,Ditransitive Constructions: The Verb 'Give',Indirect-object construction,,
105A-khm,khm,Khmer,105A,Ditransitive Constructions: The Verb 'Give',Mixed,"Jacob-1968[77-8, 141]",
105A-juh,juh,Ju|'hoan,105A,Ditransitive Constructions: The Verb 'Give',Secondary-object construction,Dickens-nd[22-3],
105A-klv,klv,Kilivila,105A,Ditransitive Constructions: The Verb 'Give',Secondary-object construction,"Senft-1986[35, 110-1]",
105A-irq,irq,Iraqw,105A,Ditransitive Constructions: The Verb 'Give',Indirect-object construction,"Mous-1993[99, 110, 140, 244-6, 284]",
105A-snm,snm,Sanuma,105A,Ditransitive Constructions: The Verb 'Give',Indirect-object construction,"Borgman-1990[32, 40, 51, 55, 80, 121]",
105A-shk,shk,Shipibo-Konibo,105A,Ditransitive Constructions: The Verb 'Give',Double-object construction,Valenzuela-2002[421],
105A-epe,epe,Epena Pedee,105A,Ditransitive Constructions: The Verb 'Give',Indirect-object construction,"Harms-1994[67, 120, 123]",
105A-ket,ket,Ket,105A,Ditransitive Constructions: The Verb 'Give',Double-object construction,Werner-1997a[324],
105A-koa,koa,Koasati,105A,Ditransitive Constructions: The Verb 'Give',Indirect-object construction,"Kimball-1991[102-3, 517]",
105A-san,san,Sango,105A,Ditransitive Constructions: The Verb 'Give',Indirect-object construction,"Samarin-1967b[60-1, 63, 65, 67, 74, 94]",
105A-bag,bag,Bagirmi,105A,Ditransitive Constructions: The Verb 'Give',Indirect-object construction,"Stevenson-1969[42, 62, 64, 86]",
105A-hzb,hzb,Hunzib,105A,Ditransitive Constructions: The Verb 'Give',Indirect-object construction,"van-den-Berg-1995[45, 124]",
105A-ing,ing,Ingush,105A,Ditransitive Constructions: The Verb 'Give',Indirect-object construction,Nichols-1984[194],
105A-kfe,kfe,Koromfe,105A,Ditransitive Constructions: The Verb 'Give',Secondary-object construction,Rennison-1997[68-9],
105A-qim,qim,Quechua (Imbabura),105A,Ditransitive Constructions: The Verb 'Give',Indirect-object construction,Cole-1982[70],
105A-wch,wch,Wichí,105A,Ditransitive Constructions: The Verb 'Give',Secondary-object construction,,
105A-yag,yag,Yagua,105A,Ditransitive Constructions: The Verb 'Give',Secondary-object construction,"Payne-and-Payne-1990[361, 367-8]",
105A-niv,niv,Nivkh,105A,Ditransitive Constructions: The Verb 'Give',Secondary-object construction,Panfilov-1965[46],
105A-apu,apu,Apurinã,105A,Ditransitive Constructions: The Verb 'Give',Mixed,"Facundes-2000[289-92, 302, 471-2, 482, 500]",
105A-bma,bma,Berber (Middle Atlas),105A,Ditransitive Constructions: The Verb 'Give',Indirect-object construction,"Penchoen-1973b[55, 59, 68]",
105A-wra,wra,Warao,105A,Ditransitive Constructions: The Verb 'Give',Indirect-object construction,"Romero-Figueroa-1997[40, 92]",
105A-imo,imo,Imonda,105A,Ditransitive Constructions: The Verb 'Give',Indirect-object construction,"Seiler-1985[18, 22, 36, 46, 50, 66, 86, 94, 98-9, 103, 124-5, 153]",
105A-awp,awp,Awa Pit,105A,Ditransitive Constructions: The Verb 'Give',Indirect-object construction,"Curnow-1997[73-4, 101-2]",
105A-kob,kob,Kobon,105A,Ditransitive Constructions: The Verb 'Give',Double-object construction,"Davies-1981b[61, 79, 107-9, 112]",
105A-lat,lat,Latvian,105A,Ditransitive Constructions: The Verb 'Give',Indirect-object construction,Mathiassen-1997[177],
105A-mar,mar,Maricopa,105A,Ditransitive Constructions: The Verb 'Give',Secondary-object construction,Gordon-1986[41-2],
105A-ala,ala,Alamblak,105A,Ditransitive Constructions: The Verb 'Give',Secondary-object construction,"Bruce-1984[174, 187]",
105A-goo,goo,Gooniyandi,105A,Ditransitive Constructions: The Verb 'Give',Secondary-object construction,"McGregor-1990[102, 197, 334-5]",
105A-kut,kut,Kutenai,105A,Ditransitive Constructions: The Verb 'Give',Secondary-object construction,,
105A-mxc,mxc,Mixtec (Chalcatongo),105A,Ditransitive Constructions: The Verb 'Give',Indirect-object construction,Macaulay-1996[111],
105A-lav,lav,Lavukaleve,105A,Ditransitive Constructions: The Verb 'Give',Indirect-object construction,Terrill-1999[210],
105A-rap,rap,Rapanui,105A,Ditransitive Constructions: The Verb 'Give',Indirect-object construction,Du-Feu-1996[115],
105A-ain,ain,Ainu,105A,Ditransitive Constructions: The Verb 'Give',Secondary-object construction,"Shibatani-1990[29, 34];Refsing-1986[126, 164, 166]",
105A-jak,jak,Jakaltek,105A,Ditransitive Constructions: The Verb 'Give',Indirect-object construction,"Craig-1977[20, 235, 385]",
105A-lkt,lkt,Lakhota,105A,Ditransitive Constructions: The Verb 'Give',Double-object construction,Van-Valin-1977[28],
105A-mrt,mrt,Martuthunira,105A,Ditransitive Constructions: The Verb 'Give',Secondary-object construction,"Dench-1995[217, 230, 256]",
105A-prh,prh,Pirahã,105A,Ditransitive Constructions: The Verb 'Give',Double-object construction,Everett-1986[206],
105A-war,war,Wari',105A,Ditransitive Constructions: The Verb 'Give',Secondary-object construction,Everett-and-Kern-1997[125],
105A-gua,gua,Guaraní,105A,Ditransitive Constructions: The Verb 'Give',Indirect-object construction,"Gregores-and-Suarez-1967[156, 184-5]",
105A-kho,kho,Khoekhoe,105A,Ditransitive Constructions: The Verb 'Give',Double-object construction,"Hagman-1977[62, 76, 81]",
105A-mei,mei,Meithei,105A,Ditransitive Constructions: The Verb 'Give',Indirect-object construction,"Chelliah-1997[91, 109-10, 116]",
105A-ngi,ngi,Ngiyambaa,105A,Ditransitive Constructions: The Verb 'Give',Secondary-object construction,Donaldson-1980[131-2],
105A-brm,brm,Burmese,105A,Ditransitive Constructions: The Verb 'Give',Double-object construction,"Okell-1969[vol. 1, 131, 134]",
105A-kro,kro,Krongo,105A,Ditransitive Constructions: The Verb 'Give',Indirect-object construction,"Reh-1985[145, 268, 373]",
105A-myi,myi,Mangarrayi,105A,Ditransitive Constructions: The Verb 'Give',Double-object construction,"Merlan-1982[64, 119]",
105A-tiw,tiw,Tiwi,105A,Ditransitive Constructions: The Verb 'Give',Secondary-object construction,Osborne-1974[39-41],
105A-knr,knr,Kanuri,105A,Ditransitive Constructions: The Verb 'Give',Indirect-object construction,"Cyffer-1991[57-8, 70]",
105A-map,map,Mapudungun,105A,Ditransitive Constructions: The Verb 'Give',Secondary-object construction,"Smeets-1989[96, 140]",
105A-yor,yor,Yoruba,105A,Ditransitive Constructions: The Verb 'Give',Secondary-object construction,Rowlands-1969[21],
105A-yko,yko,Yukaghir (Kolyma),105A,Ditransitive Constructions: The Verb 'Give',Indirect-object construction,Maslova-1999[427-8],
105A-may,may,Maybrat,105A,Ditransitive Constructions: The Verb 'Give',Mixed,"Dol-1999[188, 211, 230, 246, 266]",
105A-tuk,tuk,Tukang Besi,105A,Ditransitive Constructions: The Verb 'Give',Double-object construction,"Donohue-1999a[102, 134]",
105A-bur,bur,Burushaski,105A,Ditransitive Constructions: The Verb 'Give',Indirect-object construction,"Berger-1998[69, 92]",
105A-cha,cha,Chamorro,105A,Ditransitive Constructions: The Verb 'Give',Secondary-object construction,Topping-1973[251],
105A-chk,chk,Chukchi,105A,Ditransitive Constructions: The Verb 'Give',Indirect-object construction,Dunn-1999[206-7],
105A-fij,fij,Fijian,105A,Ditransitive Constructions: The Verb 'Give',Indirect-object construction,"Dixon-1988[152, 220]",
105A-heb,heb,Hebrew (Modern),105A,Ditransitive Constructions: The Verb 'Give',Indirect-object construction,,
105A-lan,lan,Lango,105A,Ditransitive Constructions: The Verb 'Give',Mixed,Noonan-1992[121],
105A-orh,orh,Oromo (Harar),105A,Ditransitive Constructions: The Verb 'Give',Indirect-object construction,"Owens-1985[99, 115, 187]",
105A-tha,tha,Thai,105A,Ditransitive Constructions: The Verb 'Give',Indirect-object construction,,
105A-yaq,yaq,Yaqui,105A,Ditransitive Constructions: The Verb 'Give',Secondary-object construction,"Lindenfeld-1973[16, 22, 28]",
105A-zul,zul,Zulu,105A,Ditransitive Constructions: The Verb 'Give',Double-object construction,"Ziervogel-et-al-1981[150, 176]",
105A-sla,sla,Slave,105A,Ditransitive Constructions: The Verb 'Give',Indirect-object construction,"Rice-1989[17, 21, 256, 299]",
105A-aeg,aeg,Arabic (Egyptian),105A,Ditransitive Constructions: The Verb 'Give',Mixed,"Wise-1975[4];Mitchell-1962[85, 97, 99];Gary-and-Gamal-Eldin-1982[59-61]",
105A-grw,grw,Greenlandic (West),105A,Ditransitive Constructions: The Verb 'Give',Secondary-object construction,Fortescue-1984[88-9],
105A-hix,hix,Hixkaryana,105A,Ditransitive Constructions: The Verb 'Give',Indirect-object construction,"Derbyshire-1979[38, 103]",
105A-swa,swa,Swahili,105A,Ditransitive Constructions: The Verb 'Give',Double-object construction,Ashton-1947,
105A-vie,vie,Vietnamese,105A,Ditransitive Constructions: The Verb 'Give',Double-object construction,"Nguyen-1997[115, 169]",
105A-hin,hin,Hindi,105A,Ditransitive Constructions: The Verb 'Give',Indirect-object construction,,
105A-ckr,ckr,Canela-Krahô,105A,Ditransitive Constructions: The Verb 'Give',Indirect-object construction,"Popjes-and-Popjes-1986[131, 167-8, 175, 179]",
105A-tag,tag,Tagalog,105A,Ditransitive Constructions: The Verb 'Give',Mixed,Schachter-and-Otanes-1972[303],
105A-geo,geo,Georgian,105A,Ditransitive Constructions: The Verb 'Give',Indirect-object construction,Hewitt-1995[190],
105A-knd,knd,Kannada,105A,Ditransitive Constructions: The Verb 'Give',Indirect-object construction,Sridhar-1990[163],
105A-kha,kha,Khalkha,105A,Ditransitive Constructions: The Verb 'Give',Indirect-object construction,Svantesson-2003[170],
105A-sup,sup,Supyire,105A,Ditransitive Constructions: The Verb 'Give',Indirect-object construction,Carlson-1994[270],
105A-hau,hau,Hausa,105A,Ditransitive Constructions: The Verb 'Give',Secondary-object construction,Kraft-and-Kirk-Greene-1973[74-5],
105A-mao,mao,Maori,105A,Ditransitive Constructions: The Verb 'Give',Indirect-object construction,Bauer-1993[272],
105A-bsq,bsq,Basque,105A,Ditransitive Constructions: The Verb 'Give',Indirect-object construction,Saltarelli-et-al-1988[148-9],
105A-abk,abk,Abkhaz,105A,Ditransitive Constructions: The Verb 'Give',Indirect-object construction,Hewitt-1979[105],
105A-eve,eve,Evenki,105A,Ditransitive Constructions: The Verb 'Give',Indirect-object construction,Nedjalkov-1997[148],
105A-kor,kor,Korean,105A,Ditransitive Constructions: The Verb 'Give',Indirect-object construction,Chang-1996[93],
105A-prs,prs,Persian,105A,Ditransitive Constructions: The Verb 'Give',Indirect-object construction,Mahootian-1997[139],
105A-ame,ame,Amele,105A,Ditransitive Constructions: The Verb 'Give',Indirect-object construction,"Roberts-1987[89, 120, 161, 281, 316]",
105A-ger,ger,German,105A,Ditransitive Constructions: The Verb 'Give',Indirect-object construction,,
105A-grk,grk,Greek (Modern),105A,Ditransitive Constructions: The Verb 'Give',Indirect-object construction,"Holton-et-al-1997[191, 401]",
105A-lez,lez,Lezgian,105A,Ditransitive Constructions: The Verb 'Give',Indirect-object construction,"Haspelmath-1993[88, 272]",
105A-jpn,jpn,Japanese,105A,Ditransitive Constructions: The Verb 'Give',Indirect-object construction,Kuno-1973[129],
105A-mnd,mnd,Mandarin,105A,Ditransitive Constructions: The Verb 'Give',Mixed,Li-and-Thompson-1981[375-8],
105A-hun,hun,Hungarian,105A,Ditransitive Constructions: The Verb 'Give',Indirect-object construction,Kenesei-et-al-1998[198],
105A-ind,ind,Indonesian,105A,Ditransitive Constructions: The Verb 'Give',Mixed,"Sneddon-1996[90, 240]",
105A-fin,fin,Finnish,105A,Ditransitive Constructions: The Verb 'Give',Indirect-object construction,Karlsson-1999[120],
105A-rus,rus,Russian,105A,Ditransitive Constructions: The Verb 'Give',Indirect-object construction,,
105A-spa,spa,Spanish,105A,Ditransitive Constructions: The Verb 'Give',Indirect-object construction,,
105A-tur,tur,Turkish,105A,Ditransitive Constructions: The Verb 'Give',Indirect-object construction,Kornfilt-1997[220],
105A-fre,fre,French,105A,Ditransitive Constructions: The Verb 'Give',Indirect-object construction,,
105A-eng,eng,English,105A,Ditransitive Constructions: The Verb 'Give',Mixed,,
105A-hli,hli,Halkomelem (Island),105A,Ditransitive Constructions: The Verb 'Give',Secondary-object construction,Gerdts-1988b[23],
105A-tms,tms,Tommo So,105A,Ditransitive Constructions: The Verb 'Give',Indirect-object construction,"Plungian-1995[13, 21]",
105A-qhu,qhu,Quechua (Huallaga),105A,Ditransitive Constructions: The Verb 'Give',Secondary-object construction,"Weber-1989[179-80, 236]",
105A-mcv,mcv,Mocoví,105A,Ditransitive Constructions: The Verb 'Give',Mixed,,
