ID,Language_ID,Language_name,Parameter_ID,Parameter_name,Value,Source,Comment
9A-apk,apk,A-Pucikwar,9A,The Velar Nasal,Initial velar nasal,Portman-1887b[198],
9A-akb,akb,Aka-Biada,9A,The Velar Nasal,Initial velar nasal,Portman-1887b[198],
9A-akc,akc,Aka-Cari,9A,The Velar Nasal,Initial velar nasal,Portman-1887b[61],
9A-akk,akk,Aka-Kede,9A,The Velar Nasal,Initial velar nasal,Portman-1887b[209],
9A-bth,bth,Bathari,9A,The Velar Nasal,No velar nasal,Lonnet-and-Simeone-Senelle-1997[349],
9A-cht,cht,Chatino (Nopala),9A,The Velar Nasal,No velar nasal,McKaughan-1954[24],
9A-ckh,ckh,Cheke Holo,9A,The Velar Nasal,Initial velar nasal,White-1988[138],
9A-csc,csc,Chinantec (Sochiapan),9A,The Velar Nasal,Initial velar nasal,Foris-1973[233-4],
9A-cly,cly,Chulym,9A,The Velar Nasal,No initial velar nasal,Birjukovich-1997[492],
9A-dol,dol,Dolgan,9A,The Velar Nasal,Initial velar nasal,Ubrjatova-1985[41],
9A-ets,ets,Etsako,9A,The Velar Nasal,No velar nasal,Elimelech-1978,
9A-mmz,mmz,Mam (Southern),9A,The Velar Nasal,No velar nasal,Kaufman-1969[158],
9A-guq,guq,Guaque,9A,The Velar Nasal,No velar nasal,Durbin-and-Seijas-1972,
9A-hav,hav,Havasupai,9A,The Velar Nasal,No velar nasal,Yegerlehner-and-Voegelin-1957[86-87],
9A-hia,hia,Hianacoto,9A,The Velar Nasal,No velar nasal,Durbin-and-Seijas-1972,
9A-hnk,hnk,Hinuq,9A,The Velar Nasal,No velar nasal,Bokarev-1959[68],
9A-jib,jib,Jibbali,9A,The Velar Nasal,No velar nasal,Lonnet-and-Simeone-Senelle-1997[349],
9A-jrn,jrn,Juruna,9A,The Velar Nasal,No velar nasal,Rodrigues-1999a[113],
9A-kiq,kiq,Kalmyk (Issyk-Kul),9A,The Velar Nasal,No initial velar nasal,Tenishev-1997a[69],
9A-khv,khv,Khvarshi,9A,The Velar Nasal,No velar nasal,Bokarev-1959[68],
9A-kfy,kfy,Kirghiz (Fu-Yu),9A,The Velar Nasal,No velar nasal,Tenishev-1997d[457],
9A-kym,kym,Krymchak,9A,The Velar Nasal,No initial velar nasal,Rebi-et-al-1997[311],
9A-krz,krz,Kryz,9A,The Velar Nasal,No velar nasal,Saadiev-1994[409],
9A-lha,lha,Laha,9A,The Velar Nasal,Initial velar nasal,Solntseva-and-Xoang-1986[13],
9A-lum,lum,Lummi,9A,The Velar Nasal,Initial velar nasal,Thompson-et-al-1974[187],
9A-mma,mma,Mandaic (Modern),9A,The Velar Nasal,No velar nasal,Malone-1997[142],
9A-muo,muo,Muong,9A,The Velar Nasal,Initial velar nasal,Sokolovskaja-and-Nguyen-1987[18],
9A-naa,naa,Neo-Aramaic (Amadiya),9A,The Velar Nasal,No velar nasal,Hoberman-1997[315],
9A-nok,nok,Noghay (Karagash),9A,The Velar Nasal,No initial velar nasal,Arslanov-1997b[188-9],
9A-sch,sch,Saanich,9A,The Velar Nasal,Initial velar nasal,Thompson-et-al-1974[187],
9A-sae,sae,Saek,9A,The Velar Nasal,Initial velar nasal,"Morev-1988[15, 92]",
9A-syg,syg,Saryg Yughur,9A,The Velar Nasal,No initial velar nasal,Tenishev-1997c[348],
9A-swr,swr,Shoshone (Wind River),9A,The Velar Nasal,No velar nasal,Davis-1966[126],
9A-sgs,sgs,Songish,9A,The Velar Nasal,Initial velar nasal,Thompson-et-al-1974[187],
9A-soo,soo,Sooke,9A,The Velar Nasal,Initial velar nasal,Thompson-et-al-1974[187],
9A-ttb,ttb,Tatar (Baraba),9A,The Velar Nasal,No initial velar nasal,Dmitrieva-1997[200],
9A-tlb,tlb,Tatar-Noghay (Alabugat),9A,The Velar Nasal,No initial velar nasal,Arslanov-1997a[173],
9A-tec,tec,Teco,9A,The Velar Nasal,No velar nasal,Kaufman-1969[158],
9A-tnd,tnd,Tindi,9A,The Velar Nasal,No velar nasal,Gudava-1964[10],
9A-tod,tod,Tod,9A,The Velar Nasal,Initial velar nasal,Sharma-1989b[271],
9A-tex,tex,Turkic (East-Central Xorasan),9A,The Velar Nasal,No initial velar nasal,Potseluevskij-1997b[478],
9A-twx,twx,Turkic (West Xorasan),9A,The Velar Nasal,No initial velar nasal,Potseluevskij-1997a[220],
9A-ulc,ulc,Ulcha,9A,The Velar Nasal,Initial velar nasal,Cincius-1975[668],
9A-umu,umu,Umaua,9A,The Velar Nasal,No velar nasal,Durbin-and-Seijas-1972,
9A-urm,urm,Urum,9A,The Velar Nasal,No initial velar nasal,Muratov-1997[453],
9A-ynm,ynm,Yanomámi,9A,The Velar Nasal,No velar nasal,Aikhenvald-and-Dixon-1999[346],
9A-yug,yug,Yugh,9A,The Velar Nasal,No initial velar nasal,Verner-1997,
9A-yrc,yrc,Yuracare,9A,The Velar Nasal,No velar nasal,Suarez-1973[143],
9A-yta,yta,Yurt Tatar,9A,The Velar Nasal,No velar nasal,Arslanov-1997c[508],
9A-zno,zno,Zulu (Northern),9A,The Velar Nasal,Initial velar nasal,Doke-1953,
9A-zso,zso,Zulu (Southern),9A,The Velar Nasal,No velar nasal,Doke-1953,
9A-axv,axv,Akhvakh,9A,The Velar Nasal,No velar nasal,Gudava-1964[13],
9A-cmk,cmk,Chemakum,9A,The Velar Nasal,No velar nasal,Swadesh-1955[60],
9A-hrs,hrs,Harsusi,9A,The Velar Nasal,No velar nasal,Lonnet-and-Simeone-Senelle-1997[349],
9A-ksi,ksi,Ksingmul,9A,The Velar Nasal,Initial velar nasal,Pogibenko-and-Buy-1990[36],
9A-mkw,mkw,Máku,9A,The Velar Nasal,No velar nasal,Aikhenvald-and-Dixon-1999[362],
9A-neg,neg,Negidal,9A,The Velar Nasal,Initial velar nasal,Cincius-1997a,
9A-orl,orl,Orokolo,9A,The Velar Nasal,No velar nasal,Brown-1988c,
9A-tof,tof,Tofa,9A,The Velar Nasal,No initial velar nasal,Rassadin-1997[376],
9A-aso,aso,Altai (Southern),9A,The Velar Nasal,No initial velar nasal,Baskakov-1997a[184],
9A-alu,alu,Alutor,9A,The Velar Nasal,Initial velar nasal,"Skorik-1986[79, 85]",
9A-aho,aho,Arapaho,9A,The Velar Nasal,No velar nasal,Salzmann-1956[49],
9A-chm,chm,Chamalal,9A,The Velar Nasal,No velar nasal,Gudava-1964[9],
9A-eip,eip,Eipo,9A,The Velar Nasal,Initial velar nasal,Heeschen-1998[121],
9A-mxt,mxt,Mixtec (Ayutla),9A,The Velar Nasal,No velar nasal,Pankraz-and-Pike-1967[288],
9A-sss,sss,Salish (Samish Straits),9A,The Velar Nasal,No initial velar nasal,Galloway-1990[9],
9A-shw,shw,Shawnee,9A,The Velar Nasal,No velar nasal,Yegerlehner-and-Voegelin-1957[86-87],
9A-shr,shr,Shor,9A,The Velar Nasal,No initial velar nasal,Donidze-1997[499],
9A-sol,sol,Solon,9A,The Velar Nasal,No initial velar nasal,Cincius-1997b[229],
9A-tew,tew,Tewa (Arizona),9A,The Velar Nasal,No velar nasal,Yegerlehner-1959[1],
9A-yki,yki,Yuki,9A,The Velar Nasal,No velar nasal,Sawyer-and-Schlichter-1984,
9A-ysi,ysi,Yupik (Sirenik),9A,The Velar Nasal,No initial velar nasal,Mudrak-1986[234-235],
9A-crj,crj,Carijona,9A,The Velar Nasal,No velar nasal,Durbin-and-Seijas-1972,
9A-cla,cla,Clallam,9A,The Velar Nasal,Initial velar nasal,Thompson-et-al-1974[187],
9A-ena,ena,Enga,9A,The Velar Nasal,Initial velar nasal,Lang-1973[77],
9A-ess,ess,Esselen,9A,The Velar Nasal,No velar nasal,Shaul-1995[196],
9A-htt,htt,Huitoto,9A,The Velar Nasal,No initial velar nasal,Aschmann-1993[72],
9A-iql,iql,Inuktitut (Quebec-Labrador),9A,The Velar Nasal,No initial velar nasal,Smith-1975a[105],
9A-krm,krm,Karaim,9A,The Velar Nasal,No initial velar nasal,Musaev-1997[257],
9A-krt,krt,Karata,9A,The Velar Nasal,No velar nasal,Gudava-1964[12],
9A-kit,kit,Kitsai,9A,The Velar Nasal,No velar nasal,Bucca-and-Lesser-1969[9],
9A-qec,qec,Quechua (Ecuadorean),9A,The Velar Nasal,No velar nasal,Reyburn-1954b[211],
9A-slr,slr,Salar,9A,The Velar Nasal,No initial velar nasal,Tenishev-1997b[339],
9A-tbr,tbr,Tabaru,9A,The Velar Nasal,Initial velar nasal,Damayu-et-al-1991[50],
9A-til,til,Tillamook,9A,The Velar Nasal,No velar nasal,Thompson-and-Thompson-1966[314],
9A-ykp,ykp,Yukpa,9A,The Velar Nasal,No velar nasal,Hanes-1952,
9A-agr,agr,Aguaruna,9A,The Velar Nasal,No initial velar nasal,Wise-1999[314],
9A-bez,bez,Bezhta,9A,The Velar Nasal,No velar nasal,Bokarev-1959[68],
9A-bdk,bdk,Budukh,9A,The Velar Nasal,No velar nasal,Alekseev-1994a[260],
9A-krq,krq,Kerek,9A,The Velar Nasal,Initial velar nasal,"Skorik-1986[79, 85]",
9A-ksr,ksr,Kisar,9A,The Velar Nasal,No velar nasal,Christensen-et-al-1991[xi],
9A-koo,koo,Kola,9A,The Velar Nasal,Initial velar nasal,Takata-and-Takata-1991[8],
9A-orc,orc,Oroch,9A,The Velar Nasal,Initial velar nasal,Cincius-1975[663],
9A-ymd,ymd,Yamdena,9A,The Velar Nasal,Initial velar nasal,Lamere-and-Mettler-1994[xx],
9A-bor,bor,Bora,9A,The Velar Nasal,No velar nasal,Aschmann-1993[7],
9A-ksh,ksh,Kashaya,9A,The Velar Nasal,No velar nasal,Buckley-1994,
9A-kuq,kuq,Kumyk,9A,The Velar Nasal,No initial velar nasal,Levitskaja-1997[327],
9A-thd,thd,Thadou,9A,The Velar Nasal,Initial velar nasal,"Krishan-1980[10, 16]",
9A-abz,abz,Abaza,9A,The Velar Nasal,No velar nasal,Lomtatidze-and-Klychev-1989[94],
9A-frd,frd,Fordata,9A,The Velar Nasal,Initial velar nasal,Elath-et-al-1990[14],
9A-gag,gag,Gagauz,9A,The Velar Nasal,No velar nasal,Pokrovskaja-1997,
9A-mid,mid,Midob,9A,The Velar Nasal,No initial velar nasal,Werner-1993[87],
9A-mcs,mcs,Miwok (Central Sierra),9A,The Velar Nasal,No initial velar nasal,Hamp-1966[240],
9A-mwn,mwn,Miwok (Northern Sierra),9A,The Velar Nasal,No initial velar nasal,Callaghan-1987[173],
9A-tbb,tbb,Tübatulabal,9A,The Velar Nasal,No initial velar nasal,Voegelin-1958[221ff.],
9A-wnb,wnb,Winnebago,9A,The Velar Nasal,No velar nasal,Yegerlehner-and-Voegelin-1957[86-87],
9A-ats,ats,Atsugewi,9A,The Velar Nasal,No initial velar nasal,Olmsted-1958[218],
9A-ghr,ghr,Bunan,9A,The Velar Nasal,Initial velar nasal,Sharma-1989b[197],
9A-jur,jur,Jurchen,9A,The Velar Nasal,Initial velar nasal,Pevnov-1997[262],
9A-blc,blc,Baluchi,9A,The Velar Nasal,No velar nasal,Elfenbein-1997b[773],
9A-kaz,kaz,Kazakh,9A,The Velar Nasal,No initial velar nasal,Kajdarov-1997[246],
9A-mdr,mdr,Madurese,9A,The Velar Nasal,Initial velar nasal,Stevens-1968[25],
9A-agu,agu,Aguacatec,9A,The Velar Nasal,No velar nasal,McArthur-and-McArthur-1956[73],
9A-cri,cri,Crimean Tatar,9A,The Velar Nasal,No initial velar nasal,Izidinova-1997[306],
9A-jbt,jbt,Jabutí,9A,The Velar Nasal,No velar nasal,Aikhenvald-and-Dixon-1999[357],
9A-khi,khi,Khinalug,9A,The Velar Nasal,No velar nasal,Kibrik-1994b[370],
9A-oks,oks,Oksapmin,9A,The Velar Nasal,Initial velar nasal,Lawrence-1993[72],
9A-spi,spi,Spitian,9A,The Velar Nasal,Initial velar nasal,Sharma-1989b[18],
9A-krh,krh,Krahô,9A,The Velar Nasal,Initial velar nasal,Shell-1952[116],
9A-put,put,Paiute (Southern),9A,The Velar Nasal,No initial velar nasal,Davis-1966[138-9],
9A-tni,tni,Tinani,9A,The Velar Nasal,Initial velar nasal,Sharma-1989b[122],
9A-tsz,tsz,Tsez,9A,The Velar Nasal,No velar nasal,Bokarev-1959[68],
9A-bao,bao,Bao'an,9A,The Velar Nasal,Initial velar nasal,Todaeva-1997a[31],
9A-cui,cui,Cuiba,9A,The Velar Nasal,No velar nasal,Aikhenvald-and-Dixon-1999[371],
9A-gll,gll,Galela,9A,The Velar Nasal,Initial velar nasal,Ipol-et-al-1989[xii],
9A-ixi,ixi,Ixil,9A,The Velar Nasal,No velar nasal,Kaufman-1969[158],
9A-lrk,lrk,Larike,9A,The Velar Nasal,No initial velar nasal,Laidig-and-Laidig-1991[4],
9A-nyk,nyk,Nyamkad,9A,The Velar Nasal,Initial velar nasal,Sharma-1989b[114],
9A-bgv,bgv,Bagvalal,9A,The Velar Nasal,No velar nasal,Gudava-1964[11],
9A-gto,gto,Guató,9A,The Velar Nasal,No velar nasal,Rodrigues-1999b[175-7],
9A-kwz,kwz,Kwaza,9A,The Velar Nasal,No velar nasal,Aikhenvald-and-Dixon-1999[364],
9A-rwa,rwa,Rawa,9A,The Velar Nasal,No initial velar nasal,Toland-and-Toland-1991[9],
9A-sod,sod,Soddo,9A,The Velar Nasal,No velar nasal,Leslau-1968b[6],
9A-aik,aik,Aikaná,9A,The Velar Nasal,No velar nasal,Aikhenvald-and-Dixon-1999[363],
9A-xav,xav,Xavánte,9A,The Velar Nasal,No velar nasal,Rodrigues-1999b[175-7],
9A-max,max,Maxakalí,9A,The Velar Nasal,No velar nasal,Rodrigues-1999b[176],
9A-khk,khk,Khakas,9A,The Velar Nasal,No initial velar nasal,Anderson-1998,
9A-nnk,nnk,Nankina,9A,The Velar Nasal,Initial velar nasal,Spaulding-and-Spaulding-1994[245],
9A-soq,soq,Soqotri,9A,The Velar Nasal,No velar nasal,Lonnet-and-Simeone-Senelle-1997[349],
9A-ady,ady,Adyghe (Abzakh),9A,The Velar Nasal,No velar nasal,Paris-1989[159],
9A-kat,kat,Kâte,9A,The Velar Nasal,Initial velar nasal,Flierl-and-Strauss-1977[242],
9A-nog,nog,Noghay,9A,The Velar Nasal,No initial velar nasal,Baskakov-1997c[330],
9A-amz,amz,Amuzgo,9A,The Velar Nasal,No velar nasal,Longacre-1966[46],
9A-cas,cas,Cashibo,9A,The Velar Nasal,No velar nasal,Shell-1950,
9A-cav,cav,Cavineña,9A,The Velar Nasal,No velar nasal,Aikhenvald-and-Dixon-1999[365],
9A-gav,gav,Gavião,9A,The Velar Nasal,Initial velar nasal,Rodrigues-1999a[113],
9A-ong,ong,Onge,9A,The Velar Nasal,Initial velar nasal,Dasgupta-and-Sharma-1982[6],
9A-sta,sta,Santa,9A,The Velar Nasal,No initial velar nasal,Todaeva-1997b,
9A-wrm,wrm,Warembori,9A,The Velar Nasal,No velar nasal,Donohue-1999b,
9A-ene,ene,Enets,9A,The Velar Nasal,Initial velar nasal,Tereshchenko-1966b,
9A-gap,gap,Gapapaiwa,9A,The Velar Nasal,No velar nasal,McGuckin-and-McGuckin-1992,
9A-mov,mov,Movima,9A,The Velar Nasal,No velar nasal,Aikhenvald-and-Dixon-1999[368],
9A-osa,osa,Osage,9A,The Velar Nasal,No velar nasal,Wolff-1953[63],
9A-pat,pat,Patep,9A,The Velar Nasal,Initial velar nasal,Lauck-1979[11];Lauck-1976[11],
9A-teh,teh,Tehuelche,9A,The Velar Nasal,No velar nasal,Suarez-1973[143],
9A-udi,udi,Udi,9A,The Velar Nasal,No velar nasal,Schulze-Furhoff-1994[453],
9A-amn,amn,Amanab,9A,The Velar Nasal,No initial velar nasal,Minch-1992[108],
9A-hid,hid,Hidatsa,9A,The Velar Nasal,No velar nasal,Yegerlehner-and-Voegelin-1957[86-87],
9A-ork,ork,Orok,9A,The Velar Nasal,Initial velar nasal,Novikova-and-Sem-1997[203],
9A-tkm,tkm,Turkmen,9A,The Velar Nasal,No initial velar nasal,Charyjarov-and-Nazarov-1997[416],
9A-arb,arb,Arabela,9A,The Velar Nasal,No velar nasal,Wise-1999[317],
9A-awn,awn,Awngi,9A,The Velar Nasal,No initial velar nasal,Hetzron-1997[482],
9A-chl,chl,Chehalis (Upper),9A,The Velar Nasal,No velar nasal,Kinkade-1963[182],
9A-oca,oca,Ocaina,9A,The Velar Nasal,No velar nasal,Aschmann-1993[15],
9A-oro,oro,Orokaiva,9A,The Velar Nasal,Initial velar nasal,Larsen-and-Larsen-1985[6-7],
9A-sba,sba,Sáliba (in Colombia),9A,The Velar Nasal,No velar nasal,Aikhenvald-and-Dixon-1999[371],
9A-ptt,ptt,Pattani,9A,The Velar Nasal,Initial velar nasal,Sharma-1989b[29],
9A-hlp,hlp,Hualapai,9A,The Velar Nasal,No initial velar nasal,"Redden-1966[3, 5]",
9A-hpd,hpd,Hup,9A,The Velar Nasal,No velar nasal,Erickson-and-Erickson-1993,
9A-jva,jva,Karajá,9A,The Velar Nasal,No velar nasal,Rodrigues-1999b[175-7],
9A-sti,sti,Stieng,9A,The Velar Nasal,Initial velar nasal,Azemar-1887[91],
9A-nev,nev,Nevome,9A,The Velar Nasal,No velar nasal,Shaul-1982,
9A-uyg,uyg,Uyghur,9A,The Velar Nasal,No initial velar nasal,Sadvasakov-1997[443];Comrie-1997b[918],
9A-abm,abm,Alabama,9A,The Velar Nasal,No velar nasal,Rand-1968[100],
9A-ale,ale,Aleut,9A,The Velar Nasal,Initial velar nasal,Bergsland-1997[20],
9A-hal,hal,Halia,9A,The Velar Nasal,Initial velar nasal,Allen-and-Allen-1987[6],
9A-nam,nam,Namia,9A,The Velar Nasal,No velar nasal,Feldpausch-and-Feldpausch-1992[13],
9A-olo,olo,Olo,9A,The Velar Nasal,No initial velar nasal,McGregor-and-McGregor-1982[5],
9A-khg,khg,Khaling,9A,The Velar Nasal,Initial velar nasal,Toba-and-Toba-1975[30],
9A-lil,lil,Lillooet,9A,The Velar Nasal,No velar nasal,van-Eijk-1997[2],
9A-mui,mui,Muinane,9A,The Velar Nasal,No velar nasal,Aschmann-1993[10],
9A-nab,nab,Nabak,9A,The Velar Nasal,Initial velar nasal,Fabian-et-al-1998[19],
9A-nai,nai,Nanai,9A,The Velar Nasal,Initial velar nasal,Cincius-1975[657],
9A-tce,tce,Tarahumara (Central),9A,The Velar Nasal,No velar nasal,Hilton-1959;Hilton-1993,
9A-aln,aln,Alune,9A,The Velar Nasal,No velar nasal,Makaruku-et-al-1997,
9A-bnj,bnj,Bandjalang,9A,The Velar Nasal,Initial velar nasal,Lynch-1998[93],
9A-chh,chh,Chaha,9A,The Velar Nasal,No velar nasal,Leslau-1997a[377],
9A-kkp,kkp,Karakalpak,9A,The Velar Nasal,No initial velar nasal,Baskakov-1997b[267],
9A-mog,mog,Moghol,9A,The Velar Nasal,No initial velar nasal,Kuzmenkov-1997[97],
9A-adk,adk,Andoke,9A,The Velar Nasal,No velar nasal,Aikhenvald-and-Dixon-1999[372],
9A-chi,chi,Chimariko,9A,The Velar Nasal,No velar nasal,Dixon-1910[308],
9A-ito,ito,Itonama,9A,The Velar Nasal,No velar nasal,Aikhenvald-and-Dixon-1999[368],
9A-tps,tps,Tepehuan (Southeastern),9A,The Velar Nasal,No velar nasal,Willett-1991,
9A-amu,amu,Yanesha',9A,The Velar Nasal,No velar nasal,Fast-1953,
9A-cmy,cmy,Chontal Maya,9A,The Velar Nasal,No velar nasal,Keller-1959[45],
9A-guj,guj,Gujarati,9A,The Velar Nasal,No velar nasal,Mistry-1997[658-9],
9A-jmo,jmo,Jur Mödö,9A,The Velar Nasal,Initial velar nasal,Persson-and-Persson-1991[65],
9A-emb,emb,Emberá (Northern),9A,The Velar Nasal,No velar nasal,Loewen-1963[358],
9A-god,god,Godoberi,9A,The Velar Nasal,No velar nasal,Gudava-1964[8],
9A-meh,meh,Mehri,9A,The Velar Nasal,No velar nasal,Lonnet-and-Simeone-Senelle-1997[349],
9A-uby,uby,Ubykh,9A,The Velar Nasal,No velar nasal,Charachidze-1989[362],
9A-tmr,tmr,Temiar,9A,The Velar Nasal,Initial velar nasal,Carey-1961[116],
9A-twn,twn,Tiwa (Northern),9A,The Velar Nasal,No velar nasal,Trager-1971[30],
9A-wik,wik,Wikchamni,9A,The Velar Nasal,Initial velar nasal,Gamble-1978[11],
9A-ese,ese,Ese Ejja,9A,The Velar Nasal,Initial velar nasal,Firestone-1955[54],
9A-grf,grf,Garífuna,9A,The Velar Nasal,No velar nasal,Taylor-1955[233],
9A-kmp,kmp,Kunimaipa,9A,The Velar Nasal,Initial velar nasal,Geary-1977[6],
9A-rut,rut,Rutul,9A,The Velar Nasal,No velar nasal,Alekseev-1994b[215],
9A-cor,cor,Cora,9A,The Velar Nasal,No velar nasal,McMahon-1967[129],
9A-kuo,kuo,Kuot,9A,The Velar Nasal,No initial velar nasal,Chung-and-Chung-1996[3],
9A-sul,sul,Sulka,9A,The Velar Nasal,Initial velar nasal,Tharp-1996[86],
9A-ccm,ccm,Chinantec (Comaltepec),9A,The Velar Nasal,Initial velar nasal,Anderson-et-al-1990[6],
9A-kmk,kmk,Kalmyk,9A,The Velar Nasal,No initial velar nasal,Purbeev-1997[107],
9A-krc,krc,Karachay-Balkar,9A,The Velar Nasal,No initial velar nasal,Chechenov-and-Akhmatov-1997[275],
9A-nga,nga,Nganasan,9A,The Velar Nasal,Initial velar nasal,Tereshchenko-1966c,
9A-kry,kry,Koryak,9A,The Velar Nasal,Initial velar nasal,"Skorik-1986[79, 85]",
9A-mos,mos,Mosetén,9A,The Velar Nasal,No velar nasal,Suarez-1973[143],
9A-ute,ute,Ute,9A,The Velar Nasal,No initial velar nasal,Davis-1966[133],
9A-bla,bla,Blackfoot,9A,The Velar Nasal,No velar nasal,Frantz-and-Russell-1995,
9A-ccp,ccp,Cocopa,9A,The Velar Nasal,No velar nasal,Crawford-1966[13],
9A-fut,fut,Futuna-Aniwa,9A,The Velar Nasal,Initial velar nasal,Dougherty-1983[412],
9A-jiv,jiv,Jivaro,9A,The Velar Nasal,No initial velar nasal,Turner-1958[91-2],
9A-nhn,nhn,Nahuatl (North Puebla),9A,The Velar Nasal,No velar nasal,Key-and-Key-1953b,
9A-sre,sre,Sre,9A,The Velar Nasal,Initial velar nasal,Dournes-1950[155],
9A-vai,vai,Vai,9A,The Velar Nasal,Initial velar nasal,Welmers-1976,
9A-kws,kws,Kawaiisu,9A,The Velar Nasal,No velar nasal,Zigmond-et-al-1990-1991[126],
9A-kgz,kgz,Kirghiz,9A,The Velar Nasal,No initial velar nasal,Oruzbaeva-1997[289],
9A-lon,lon,Loniu,9A,The Velar Nasal,Initial velar nasal,Hamel-1994[11],
9A-pno,pno,Paiute (Northern),9A,The Velar Nasal,No initial velar nasal,Davis-1966[138-9],
9A-kwo,kwo,Kwoma,9A,The Velar Nasal,No velar nasal,Bowden-1997a,
9A-cmh,cmh,Chemehuevi,9A,The Velar Nasal,No initial velar nasal,Press-1979[76],
9A-mlt,mlt,Maltese,9A,The Velar Nasal,No velar nasal,Borg-1997[249],
9A-aze,aze,Azerbaijani,9A,The Velar Nasal,No velar nasal,Shiraliev-1997,
9A-but,but,Buriat,9A,The Velar Nasal,No initial velar nasal,Darbeeva-1997[107],
9A-chc,chc,Chechen,9A,The Velar Nasal,No velar nasal,Nichols-1997a,
9A-jeb,jeb,Jebero,9A,The Velar Nasal,No velar nasal,Wise-1999[313],
9A-was,was,Washo,9A,The Velar Nasal,Initial velar nasal,Kroeber-1906[257],
9A-skp,skp,Selkup,9A,The Velar Nasal,No initial velar nasal,Kuznecova-et-al-1980,
9A-ttu,ttu,Tsova-Tush,9A,The Velar Nasal,No velar nasal,Holisky-and-Gagua-1994[150],
9A-tvo,tvo,Tatar,9A,The Velar Nasal,No initial velar nasal,Zakiev-1997[365];Comrie-1997a[902],
9A-tlp,tlp,Tlapanec,9A,The Velar Nasal,No velar nasal,Suarez-1983a[7],
9A-udh,udh,Udihe,9A,The Velar Nasal,Initial velar nasal,Cincius-1975[657],
9A-cct,cct,Choctaw,9A,The Velar Nasal,No velar nasal,Yegerlehner-and-Voegelin-1957[86-87],
9A-oss,oss,Ossetic,9A,The Velar Nasal,No velar nasal,Testen-1997[710],
9A-tas,tas,Tashlhiyt,9A,The Velar Nasal,No velar nasal,Kossmann-and-Stroomer-1997[467],
9A-amr,amr,Arabic (Moroccan),9A,The Velar Nasal,No velar nasal,Heath-1997[208],
9A-ara,ara,Arawak,9A,The Velar Nasal,No velar nasal,Taylor-1969a[234],
9A-evn,evn,Even,9A,The Velar Nasal,Initial velar nasal,Novikova-1997[291],
9A-mgg,mgg,Mangghuer,9A,The Velar Nasal,No initial velar nasal,Todaeva-1997a,
9A-ite,ite,Itelmen,9A,The Velar Nasal,Initial velar nasal,"Volodin-1997[63, 65]",
9A-kab,kab,Kabardian,9A,The Velar Nasal,No velar nasal,Colarusso-1989,
9A-lui,lui,Luiseño,9A,The Velar Nasal,Initial velar nasal,Bright-1965a[344],
9A-chr,chr,Chrau,9A,The Velar Nasal,Initial velar nasal,Thomas-and-Luc-1966[14],
9A-tac,tac,Tacana,9A,The Velar Nasal,No velar nasal,Ottaviano-and-Ottaviano-1967,
9A-brr,brr,Bororo,9A,The Velar Nasal,No velar nasal,Rodrigues-1999b[175-7],
9A-krd,krd,Kurdish (Central),9A,The Velar Nasal,No initial velar nasal,McCarus-1997[694],
9A-tid,tid,Tidore,9A,The Velar Nasal,Initial velar nasal,Pikkert-et-al-1994[33],
9A-dgr,dgr,Dagur,9A,The Velar Nasal,No initial velar nasal,Todaeva-1997b,
9A-sed,sed,Sedang,9A,The Velar Nasal,Initial velar nasal,Smith-1967b[vii],
9A-bsk,bsk,Bashkir,9A,The Velar Nasal,No initial velar nasal,Juldashev-1997[211],
9A-mns,mns,Mansi,9A,The Velar Nasal,No initial velar nasal,Kuzakova-1994[78],
9A-tin,tin,Tinrin,9A,The Velar Nasal,No velar nasal,Osumi-1995[16],
9A-arc,arc,Archi,9A,The Velar Nasal,No velar nasal,Kibrik-1994a[300],
9A-lim,lim,Limbu,9A,The Velar Nasal,Initial velar nasal,van-Driem-1987[16],
9A-ngz,ngz,Ngizim,9A,The Velar Nasal,No velar nasal,Schuh-1981,
9A-uzb,uzb,Uzbek,9A,The Velar Nasal,No initial velar nasal,Xodzhiev-1997[432],
9A-kty,kty,Khanty,9A,The Velar Nasal,No initial velar nasal,Tereshkin-1966[321ff],
9A-ykt,ykt,Yakut,9A,The Velar Nasal,No initial velar nasal,Antonov-1997[516],
9A-tuv,tuv,Tuvan,9A,The Velar Nasal,No initial velar nasal,Anderson-and-Harrison-1999,
9A-qui,qui,Quileute,9A,The Velar Nasal,No velar nasal,Swadesh-1955[60],
9A-psh,psh,Pashto,9A,The Velar Nasal,No initial velar nasal,Elfenbein-1997a[743],
9A-sel,sel,Selknam,9A,The Velar Nasal,No velar nasal,Najlis-1973[90-1],
9A-wap,wap,Wappo,9A,The Velar Nasal,No velar nasal,Radin-1929[9],
9A-win,win,Wintu,9A,The Velar Nasal,No velar nasal,Pitkin-1963[50],
9A-bri,bri,Bribri,9A,The Velar Nasal,No velar nasal,Wilson-et-al-1982[xv],
9A-pip,pip,Pipil,9A,The Velar Nasal,No velar nasal,Campbell-1985,
9A-lak,lak,Lak,9A,The Velar Nasal,No velar nasal,Anderson-1997a[978],
9A-ham,ham,Hamtai,9A,The Velar Nasal,Initial velar nasal,Oates-and-Oates-1968[25],
9A-abi,abi,Abipón,9A,The Velar Nasal,No velar nasal,Najlis-1966[13],
9A-chv,chv,Chuvash,9A,The Velar Nasal,No velar nasal,Andreev-1997,
9A-una,una,Una,9A,The Velar Nasal,No initial velar nasal,Louwerse-1988,
9A-lah,lah,Lahu,9A,The Velar Nasal,Initial velar nasal,Matisoff-1973[49],
9A-yuc,yuc,Yuchi,9A,The Velar Nasal,No velar nasal,Crawford-1973[174];Wagner-1933-1938[304],
9A-pso,pso,Pomo (Southeastern),9A,The Velar Nasal,No velar nasal,Moshinsky-1974,
9A-zun,zun,Zuni,9A,The Velar Nasal,No velar nasal,Walker-1972[247],
9A-snt,snt,Sentani,9A,The Velar Nasal,No velar nasal,Cowan-1965[5],
9A-krb,krb,Kiribati,9A,The Velar Nasal,Initial velar nasal,Groves-et-al-1985,
9A-som,som,Somali,9A,The Velar Nasal,No velar nasal,Puglielli-1997[522],
9A-ypk,ypk,Yup'ik (Central),9A,The Velar Nasal,Initial velar nasal,Jacobson-1995[498],
9A-cnt,cnt,Cantonese,9A,The Velar Nasal,Initial velar nasal,Matthews-and-Yip-1994[16],
9A-fur,fur,Fur,9A,The Velar Nasal,Initial velar nasal,Jakobi-1990[25],
9A-lad,lad,Ladakhi,9A,The Velar Nasal,Initial velar nasal,Koshal-1979[24],
9A-lep,lep,Lepcha,9A,The Velar Nasal,Initial velar nasal,Mainwaring-1876[7],
9A-tli,tli,Tlingit,9A,The Velar Nasal,No velar nasal,Swanton-1911a[164];Leer-1991b[10/20],
9A-wam,wam,Wambaya,9A,The Velar Nasal,Initial velar nasal,Nordlinger-1998[290],
9A-alb,alb,Albanian,9A,The Velar Nasal,No velar nasal,Newmark-et-al-1982,
9A-bam,bam,Bambara,9A,The Velar Nasal,Initial velar nasal,Kastenholz-1998[10],
9A-kyl,kyl,Kayah Li (Eastern),9A,The Velar Nasal,Initial velar nasal,Solnit-1997[351],
9A-nti,nti,Ngiti,9A,The Velar Nasal,No velar nasal,Kutsch-Lojenga-1994[31],
9A-car,car,Carib,9A,The Velar Nasal,No velar nasal,Hoff-1968,
9A-mak,mak,Makah,9A,The Velar Nasal,No velar nasal,,
9A-tsi,tsi,Tsimshian (Coast),9A,The Velar Nasal,No velar nasal,Mulder-1994[20],
9A-tun,tun,Tunica,9A,The Velar Nasal,No velar nasal,Haas-1940[14],
9A-sue,sue,Suena,9A,The Velar Nasal,No velar nasal,Wilson-1974[9],
9A-psm,psm,Passamaquoddy-Maliseet,9A,The Velar Nasal,No velar nasal,Leavitt-1996[14],
9A-pit,pit,Pitjantjatjara,9A,The Velar Nasal,Initial velar nasal,Eckert-and-Hudson-1988[vii],
9A-amh,amh,Amharic,9A,The Velar Nasal,No velar nasal,Leslau-1997b[400],
9A-ana,ana,Araona,9A,The Velar Nasal,No velar nasal,Pitman-1980,
9A-cyv,cyv,Cayuvava,9A,The Velar Nasal,No velar nasal,Key-1967[15],
9A-dio,dio,Diola-Fogny,9A,The Velar Nasal,Initial velar nasal,Sapir-1965[7],
9A-arm,arm,Armenian (Eastern),9A,The Velar Nasal,No velar nasal,Minassian-1980,
9A-aym,aym,Aymara (Central),9A,The Velar Nasal,No velar nasal,Deza-Galindo-1992,
9A-baw,baw,Bawm,9A,The Velar Nasal,Initial velar nasal,Reichle-1981[28],
9A-wrd,wrd,Wardaman,9A,The Velar Nasal,Initial velar nasal,Merlan-1994[160],
9A-hai,hai,Haida,9A,The Velar Nasal,No velar nasal,Swanton-1911b[210],
9A-kmu,kmu,Khmu',9A,The Velar Nasal,Initial velar nasal,Smalley-1961[4],
9A-usa,usa,Usan,9A,The Velar Nasal,No velar nasal,Reesink-1987[12],
9A-pai,pai,Paiwan,9A,The Velar Nasal,Initial velar nasal,Egli-1990[46],
9A-ung,ung,Ungarinjin,9A,The Velar Nasal,Initial velar nasal,Rumsey-1982[10],
9A-bej,bej,Beja,9A,The Velar Nasal,No velar nasal,Hudson-1974[112],
9A-dre,dre,Drehu,9A,The Velar Nasal,Initial velar nasal,Tryon-1967a[85],
9A-gar,gar,Garo,9A,The Velar Nasal,No initial velar nasal,Burling-1961[5],
9A-pms,pms,Paamese,9A,The Velar Nasal,Initial velar nasal,Crowley-1982[106],
9A-mss,mss,Miwok (Southern Sierra),9A,The Velar Nasal,No initial velar nasal,Shipley-1957[271],
9A-sml,sml,Semelai,9A,The Velar Nasal,Initial velar nasal,,
9A-yur,yur,Yurok,9A,The Velar Nasal,No velar nasal,Robins-1958[2],
9A-dag,dag,Daga,9A,The Velar Nasal,No velar nasal,Murane-1974[5],
9A-otm,otm,Otomí (Mezquital),9A,The Velar Nasal,No velar nasal,Hensey-1972[94],
9A-igb,igb,Igbo,9A,The Velar Nasal,Initial velar nasal,Echeruo-1998,
9A-nez,nez,Nez Perce,9A,The Velar Nasal,No velar nasal,Aoki-1970[10],
9A-brh,brh,Brahui,9A,The Velar Nasal,No velar nasal,Bray-1909[25],
9A-cah,cah,Cahuilla,9A,The Velar Nasal,No initial velar nasal,Bright-1965b[243],
9A-cle,cle,Chinantec (Lealao),9A,The Velar Nasal,Initial velar nasal,Rupp-1989[1],
9A-knm,knm,Kunama,9A,The Velar Nasal,Initial velar nasal,Bender-1996,
9A-nav,nav,Navajo,9A,The Velar Nasal,No velar nasal,Young-and-Morgan-1980[xiii],
9A-zqc,zqc,Zoque (Copainalá),9A,The Velar Nasal,No initial velar nasal,Harrison-et-al-1981[3];Wonderly-1951a[107],
9A-bkr,bkr,Batak (Karo),9A,The Velar Nasal,Initial velar nasal,Woollams-1996[17],
9A-cmn,cmn,Comanche,9A,The Velar Nasal,No velar nasal,Wistrand-Robinson-and-Armagost-1990,
9A-iri,iri,Irish,9A,The Velar Nasal,No velar nasal,Doyle-2001,
9A-nko,nko,Nkore-Kiga,9A,The Velar Nasal,No velar nasal,Taylor-1985[199],
9A-squ,squ,Squamish,9A,The Velar Nasal,No velar nasal,Kuipers-1967,
9A-tru,tru,Trumai,9A,The Velar Nasal,No velar nasal,Aikhenvald-and-Dixon-1999[352],
9A-dni,dni,Dani (Lower Grand Valley),9A,The Velar Nasal,No initial velar nasal,Bromley-1961[37],
9A-nen,nen,Nenets,9A,The Velar Nasal,Initial velar nasal,Tereshchenko-1956[40*],
9A-urk,urk,Urubú-Kaapor,9A,The Velar Nasal,No initial velar nasal,"Kakumasu-1986[369, 399]",
9A-coo,coo,Coos (Hanis),9A,The Velar Nasal,No velar nasal,Frachtenberg-1922a[307],
9A-cre,cre,Cree (Plains),9A,The Velar Nasal,No velar nasal,Wolfart-1973,
9A-yim,yim,Yimas,9A,The Velar Nasal,Initial velar nasal,Foley-1991[39],
9A-ika,ika,Ika,9A,The Velar Nasal,No velar nasal,Frank-1990[10],
9A-kse,kse,Koyraboro Senni,9A,The Velar Nasal,Initial velar nasal,Heath-1999a[27],
9A-mun,mun,Mundari,9A,The Velar Nasal,No initial velar nasal,Osada-1992[26],
9A-yid,yid,Yidiny,9A,The Velar Nasal,Initial velar nasal,Dixon-1977a[528],
9A-krk,krk,Karok,9A,The Velar Nasal,No velar nasal,Bright-1957[7],
9A-brs,brs,Barasano,9A,The Velar Nasal,No velar nasal,Jones-and-Jones-1991,
9A-tab,tab,Taba,9A,The Velar Nasal,Initial velar nasal,,
9A-aco,aco,Acoma,9A,The Velar Nasal,No velar nasal,Miller-1965[7],
9A-pau,pau,Paumarí,9A,The Velar Nasal,No velar nasal,Chapman-and-Derbyshire-1991[346],
9A-arp,arp,Arapesh (Mountain),9A,The Velar Nasal,No velar nasal,Conrad-and-Wogiga-1991[2],
9A-ond,ond,Oneida,9A,The Velar Nasal,No velar nasal,Abbott-2000,
9A-asm,asm,Asmat,9A,The Velar Nasal,No velar nasal,"Voorhoeve-1965[16, 18]",
9A-ewe,ewe,Ewe,9A,The Velar Nasal,Initial velar nasal,Westermann-1907[19],
9A-grb,grb,Grebo,9A,The Velar Nasal,Initial velar nasal,Innes-1966[35],
9A-hmo,hmo,Hmong Njua,9A,The Velar Nasal,No initial velar nasal,Lyman-1979[10],
9A-khs,khs,Khasi,9A,The Velar Nasal,Initial velar nasal,Singh-1906[79],
9A-khm,khm,Khmer,9A,The Velar Nasal,No initial velar nasal,"Jacob-1968[4-5, 75]",
9A-kio,kio,Kiowa,9A,The Velar Nasal,No velar nasal,Watkins-1984[7],
9A-wic,wic,Wichita,9A,The Velar Nasal,No velar nasal,Rood-1976,
9A-juh,juh,Ju|'hoan,9A,The Velar Nasal,No initial velar nasal,"Snyman-1970[35, 48]",
9A-klv,klv,Kilivila,9A,The Velar Nasal,No velar nasal,Senft-1986[11],
9A-nug,nug,Nunggubuyu,9A,The Velar Nasal,Initial velar nasal,Heath-1982[131],
9A-irq,irq,Iraqw,9A,The Velar Nasal,Initial velar nasal,Mous-1993[15-6],
9A-kew,kew,Kewa,9A,The Velar Nasal,No velar nasal,Franklin-1971[11],
9A-snm,snm,Sanuma,9A,The Velar Nasal,No velar nasal,Borgman-1990[220],
9A-shk,shk,Shipibo-Konibo,9A,The Velar Nasal,No velar nasal,,
9A-epe,epe,Epena Pedee,9A,The Velar Nasal,No velar nasal,Harms-1994[5-6],
9A-ket,ket,Ket,9A,The Velar Nasal,No initial velar nasal,Werner-1997a,
9A-koa,koa,Koasati,9A,The Velar Nasal,No velar nasal,Kimball-1991[18],
9A-luv,luv,Luvale,9A,The Velar Nasal,Initial velar nasal,Horton-1949[9],
9A-san,san,Sango,9A,The Velar Nasal,No velar nasal,Samarin-1967b,
9A-bag,bag,Bagirmi,9A,The Velar Nasal,Initial velar nasal,Stevenson-1969[13],
9A-hzb,hzb,Hunzib,9A,The Velar Nasal,No velar nasal,van-den-Berg-1995,
9A-ing,ing,Ingush,9A,The Velar Nasal,No velar nasal,Nichols-1994b[82],
9A-mau,mau,Maung,9A,The Velar Nasal,Initial velar nasal,Capell-and-Hinch-1970[19],
9A-kfe,kfe,Koromfe,9A,The Velar Nasal,No initial velar nasal,Rennison-1997[390],
9A-qim,qim,Quechua (Imbabura),9A,The Velar Nasal,No velar nasal,Cole-1982[201],
9A-ram,ram,Rama,9A,The Velar Nasal,Initial velar nasal,Grinevald-nd[40],
9A-wch,wch,Wichí,9A,The Velar Nasal,No velar nasal,Vinas-Urquiza-1974,
9A-yag,yag,Yagua,9A,The Velar Nasal,No velar nasal,Payne-and-Payne-1990[430],
9A-niv,niv,Nivkh,9A,The Velar Nasal,Initial velar nasal,Gruzdeva-1998[24],
9A-apu,apu,Apurinã,9A,The Velar Nasal,No velar nasal,,
9A-bma,bma,Berber (Middle Atlas),9A,The Velar Nasal,No velar nasal,Penchoen-1973a,
9A-wra,wra,Warao,9A,The Velar Nasal,No velar nasal,Romero-Figueroa-1997[105],
9A-imo,imo,Imonda,9A,The Velar Nasal,No velar nasal,Seiler-1985[11],
9A-awp,awp,Awa Pit,9A,The Velar Nasal,No velar nasal,Obando-Ordonez-1992[66],
9A-kob,kob,Kobon,9A,The Velar Nasal,No initial velar nasal,Davies-1981a,
9A-lat,lat,Latvian,9A,The Velar Nasal,No velar nasal,Nau-1998[6],
9A-mar,mar,Maricopa,9A,The Velar Nasal,No velar nasal,Gordon-1986[6],
9A-ala,ala,Alamblak,9A,The Velar Nasal,No velar nasal,Bruce-1984[21],
9A-goo,goo,Gooniyandi,9A,The Velar Nasal,Initial velar nasal,McGregor-1990[67],
9A-kut,kut,Kutenai,9A,The Velar Nasal,No velar nasal,Haugen-1956[196],
9A-mxc,mxc,Mixtec (Chalcatongo),9A,The Velar Nasal,No velar nasal,Macaulay-1996[12],
9A-lav,lav,Lavukaleve,9A,The Velar Nasal,Initial velar nasal,,
9A-rap,rap,Rapanui,9A,The Velar Nasal,Initial velar nasal,Du-Feu-1996[184],
9A-ain,ain,Ainu,9A,The Velar Nasal,No velar nasal,Shibatani-1990,
9A-jak,jak,Jakaltek,9A,The Velar Nasal,No velar nasal,Day-1973[9],
9A-lkt,lkt,Lakhota,9A,The Velar Nasal,No velar nasal,Buechel-1939,
9A-mrt,mrt,Martuthunira,9A,The Velar Nasal,Initial velar nasal,Dench-1995[25],
9A-prh,prh,Pirahã,9A,The Velar Nasal,No velar nasal,Everett-1986,
9A-war,war,Wari',9A,The Velar Nasal,No velar nasal,Everett-and-Kern-1997[395],
9A-gua,gua,Guaraní,9A,The Velar Nasal,No velar nasal,Gregores-and-Suarez-1967,
9A-kho,kho,Khoekhoe,9A,The Velar Nasal,No velar nasal,Hagman-1977[7],
9A-mei,mei,Meithei,9A,The Velar Nasal,Initial velar nasal,Bhat-and-Ningomba-1997[5],
9A-ngi,ngi,Ngiyambaa,9A,The Velar Nasal,Initial velar nasal,Donaldson-1980[18],
9A-brm,brm,Burmese,9A,The Velar Nasal,Initial velar nasal,Cornyn-and-Roop-1987[xiii],
9A-kro,kro,Krongo,9A,The Velar Nasal,Initial velar nasal,Reh-1985[19],
9A-myi,myi,Mangarrayi,9A,The Velar Nasal,Initial velar nasal,Merlan-1982[178],
9A-tiw,tiw,Tiwi,9A,The Velar Nasal,Initial velar nasal,Lee-1993[91],
9A-knr,knr,Kanuri,9A,The Velar Nasal,Initial velar nasal,Lukas-1937[235],
9A-kay,kay,Kayardild,9A,The Velar Nasal,Initial velar nasal,Evans-1995[53],
9A-map,map,Mapudungun,9A,The Velar Nasal,Initial velar nasal,Salas-1992[78],
9A-yor,yor,Yoruba,9A,The Velar Nasal,No velar nasal,Bamgbose-1966[6-7],
9A-yko,yko,Yukaghir (Kolyma),9A,The Velar Nasal,Initial velar nasal,Nikolaeva-and-Xelimskij-1997[160],
9A-may,may,Maybrat,9A,The Velar Nasal,No velar nasal,Dol-1999[25],
9A-tuk,tuk,Tukang Besi,9A,The Velar Nasal,Initial velar nasal,Donohue-1999a[19],
9A-bur,bur,Burushaski,9A,The Velar Nasal,No initial velar nasal,,
9A-cha,cha,Chamorro,9A,The Velar Nasal,Initial velar nasal,Topping-1973[27],
9A-chk,chk,Chukchi,9A,The Velar Nasal,Initial velar nasal,Volodin-and-Skorik-1996[25],
9A-fij,fij,Fijian,9A,The Velar Nasal,Initial velar nasal,Dixon-1988[22],
9A-heb,heb,Hebrew (Modern),9A,The Velar Nasal,No velar nasal,Bolozky-1997[287],
9A-lan,lan,Lango,9A,The Velar Nasal,Initial velar nasal,Noonan-1992[9],
9A-orh,orh,Oromo (Harar),9A,The Velar Nasal,No velar nasal,Owens-1985[10],
9A-tha,tha,Thai,9A,The Velar Nasal,Initial velar nasal,Noss-1964,
9A-yaq,yaq,Yaqui,9A,The Velar Nasal,No velar nasal,Dedrick-and-Casad-1999[21],
9A-sla,sla,Slave,9A,The Velar Nasal,No velar nasal,Rice-1989[30],
9A-aeg,aeg,Arabic (Egyptian),9A,The Velar Nasal,No velar nasal,Gary-and-Gamal-Eldin-1982,
9A-grw,grw,Greenlandic (West),9A,The Velar Nasal,No initial velar nasal,Vakhtin-1997[98],
9A-hix,hix,Hixkaryana,9A,The Velar Nasal,No velar nasal,Derbyshire-1979[181],
9A-swa,swa,Swahili,9A,The Velar Nasal,Initial velar nasal,Johnson-and-Madan-1939[335],
9A-vie,vie,Vietnamese,9A,The Velar Nasal,Initial velar nasal,Nguyen-1966[300],
9A-hin,hin,Hindi,9A,The Velar Nasal,No velar nasal,Ohala-1983[5],
9A-ckr,ckr,Canela-Krahô,9A,The Velar Nasal,Initial velar nasal,Popjes-and-Popjes-1986[161],
9A-tag,tag,Tagalog,9A,The Velar Nasal,Initial velar nasal,Schachter-and-Otanes-1972[20],
9A-geo,geo,Georgian,9A,The Velar Nasal,No velar nasal,Hewitt-1995[19],
9A-knd,knd,Kannada,9A,The Velar Nasal,No velar nasal,Sridhar-1990[292],
9A-kha,kha,Khalkha,9A,The Velar Nasal,No initial velar nasal,Jakhtonova-1997[109],
9A-mal,mal,Malagasy,9A,The Velar Nasal,Initial velar nasal,Richardson-1885[449],
9A-sup,sup,Supyire,9A,The Velar Nasal,Initial velar nasal,Carlson-1994[26],
9A-hau,hau,Hausa,9A,The Velar Nasal,No velar nasal,Kraft-and-Kraft-1973[24],
9A-mao,mao,Maori,9A,The Velar Nasal,Initial velar nasal,Bauer-1993[586],
9A-bsq,bsq,Basque,9A,The Velar Nasal,No velar nasal,Saltarelli-et-al-1988[265],
9A-abk,abk,Abkhaz,9A,The Velar Nasal,No velar nasal,Hewitt-1979[258],
9A-eve,eve,Evenki,9A,The Velar Nasal,Initial velar nasal,Cincius-1975[660],
9A-kor,kor,Korean,9A,The Velar Nasal,No initial velar nasal,Sohn-1994,
9A-prs,prs,Persian,9A,The Velar Nasal,No velar nasal,Elwell-Sutton-1941;Elwell-Sutton-1963,
9A-ame,ame,Amele,9A,The Velar Nasal,No velar nasal,Roberts-1987[332],
9A-ger,ger,German,9A,The Velar Nasal,No initial velar nasal,,
9A-grk,grk,Greek (Modern),9A,The Velar Nasal,No velar nasal,,
9A-lez,lez,Lezgian,9A,The Velar Nasal,No velar nasal,Haspelmath-1993[34],
9A-jpn,jpn,Japanese,9A,The Velar Nasal,No velar nasal,Shibatani-1990,
9A-mnd,mnd,Mandarin,9A,The Velar Nasal,No initial velar nasal,Li-and-Thompson-1981[89],
9A-hun,hun,Hungarian,9A,The Velar Nasal,No velar nasal,Kenesei-et-al-1998,
9A-ind,ind,Indonesian,9A,The Velar Nasal,Initial velar nasal,Echols-and-Shadily-1961[230],
9A-fin,fin,Finnish,9A,The Velar Nasal,No initial velar nasal,Sulkala-and-Karjalainen-1992,
9A-rus,rus,Russian,9A,The Velar Nasal,No velar nasal,Wade-1992,
9A-spa,spa,Spanish,9A,The Velar Nasal,No velar nasal,,
9A-tur,tur,Turkish,9A,The Velar Nasal,No velar nasal,Kornfilt-1997,
9A-fre,fre,French,9A,The Velar Nasal,No velar nasal,Byrne-et-al-1986,
9A-eng,eng,English,9A,The Velar Nasal,No initial velar nasal,,
9A-ndy,ndy,Ndyuka,9A,The Velar Nasal,No velar nasal,Huttar-and-Huttar-1994[544],
