ID,Language_ID,Language_name,Parameter_ID,Parameter_name,Value,Source,Comment
12A-ach,ach,Aché,12A,Syllable Structure,Simple,Susnik-1974,
12A-aiz,aiz,Aizi,12A,Syllable Structure,Complex,Herault-1971,
12A-sab,sab,Sa'ban,12A,Syllable Structure,Complex,Clayre-1973,
12A-ald,ald,Alladian,12A,Syllable Structure,Moderately complex,Dumestre-and-Duponchel-1971;Duponchel-1971,
12A-bki,bki,Bakairí,12A,Syllable Structure,Simple,Wheatley-1969;Wheatley-1973,
12A-brd,brd,Bardi,12A,Syllable Structure,Complex,Metcalfe-1971,
12A-bee,bee,Beembe,12A,Syllable Structure,Moderately complex,Jacquot-1962;Jacquot-1981,
12A-bbf,bbf,Bobo Madaré (Northern),12A,Syllable Structure,Simple,Bris-and-Prost-1981;Morse-1976,
12A-brw,brw,Bru (Western),12A,Syllable Structure,Complex,Thongkum-1979,
12A-cad,cad,Caddo,12A,Syllable Structure,Moderately complex,Chafe-1976;Chafe-1979,
12A-dad,dad,Dadibi,12A,Syllable Structure,Moderately complex,MacDonald-1973,
12A-ddf,ddf,Daju (Dar Fur),12A,Syllable Structure,Moderately complex,Thelwall-1981;Tucker-and-Bryan-1966,
12A-dnw,dnw,Dangaléat (Western),12A,Syllable Structure,Moderately complex,Fedry-1977,
12A-dar,dar,Darai,12A,Syllable Structure,Moderately complex,Kotapish-and-Kotapish-1973;Kotapish-and-Kotapish-1975,
12A-det,det,Deti,12A,Syllable Structure,Moderately complex,Vossen-1997,
12A-dts,dts,Toro So,12A,Syllable Structure,Simple,Bendor-Samuel-et-al-1989;Plungian-1995,
12A-fuz,fuz,Fuzhou,12A,Syllable Structure,Moderately complex,Chan-1985;Chen-and-Norman-1965;Hanyu-1960;Norman-1988,
12A-gla,gla,Gelao,12A,Syllable Structure,Moderately complex,He-1981;He-1983,
12A-had,had,Hadza,12A,Syllable Structure,Simple,Sands-et-al-1996;Tucker-et-al-1977,
12A-hba,hba,Hebrew (Modern Ashkenazic),12A,Syllable Structure,Complex,Bolozky-1978;Bolozky-1997,
12A-ird,ird,Irish (Donegal),12A,Syllable Structure,Complex,Ni-Chasaide-1999;O-Dochartaigh-1992,
12A-iso,iso,Isoko,12A,Syllable Structure,Moderately complex,Donwa-1982,
12A-ivs,ivs,Ivatan (Southern),12A,Syllable Structure,Moderately complex,Cottle-and-Cottle-1958;Heye-and-Hidalgo-1967;Hidalgo-and-Hidalgo-1971,
12A-jpr,jpr,Japreria,12A,Syllable Structure,Moderately complex,Durbin-and-Seijas-1972,
12A-jom,jom,Jomang,12A,Syllable Structure,Moderately complex,Schadeberg-1981a,
12A-kzh,kzh,Kam (Zhanglu),12A,Syllable Structure,Moderately complex,Zheng-and-Quan-1988,
12A-ked,ked,Kedang,12A,Syllable Structure,Moderately complex,Korner-1985;Samely-1991,
12A-kss,kss,Kisi (Southern),12A,Syllable Structure,Moderately complex,Childs-1995,
12A-kpa,kpa,Kpan,12A,Syllable Structure,Complex,Shimizu-1971,
12A-lkk,lkk,Lakkia,12A,Syllable Structure,Moderately complex,Haudricourt-1967;Solnit-1988,
12A-lua,lua,Lua,12A,Syllable Structure,Moderately complex,Boyeldieu-1985,
12A-mya,mya,Ma'ya,12A,Syllable Structure,Moderately complex,Remijsen-2001;van-der-Leeden-1993,
12A-nkt,nkt,Nyah Kur (Tha Pong),12A,Syllable Structure,Complex,Diffloth-1984;Thongkum-1984;Thongkum-1982,
12A-nyg,nyg,Nyangi,12A,Syllable Structure,Moderately complex,Heine-1975a,
12A-ogb,ogb,Ogbia,12A,Syllable Structure,Moderately complex,Williamson-1970;Williamson-1972,
12A-puk,puk,Parauk,12A,Syllable Structure,Moderately complex,Maddieson-and-Ladefoged-1985;Qiu-et-al-1980;Diffloth-1980,
12A-phl,phl,Phlong,12A,Syllable Structure,Moderately complex,Cooke-et-al-1976,
12A-poa,poa,Po-Ai,12A,Syllable Structure,Moderately complex,,
12A-rsc,rsc,Romansch (Scharans),12A,Syllable Structure,Complex,Soler-and-Ebneter-1988,
12A-rtk,rtk,Rotokas,12A,Syllable Structure,Simple,Firchow-and-Firchow-1969;Firchow-et-al-1973,
12A-scs,scs,Saami (Central-South),12A,Syllable Structure,Complex,Hasselbrink-1965;Kert-1971,
12A-svs,svs,Savosavo,12A,Syllable Structure,Simple,Todd-1975,
12A-sui,sui,Sui,12A,Syllable Structure,Moderately complex,Li-1948,
12A-tmp,tmp,Tampulma,12A,Syllable Structure,Complex,Bergman-et-al-1969,
12A-tok,tok,Tarok,12A,Syllable Structure,Moderately complex,Robinson-1976,
12A-tza,tza,Tzeltal (Aguacatenango),12A,Syllable Structure,Complex,Kaufman-1971,
12A-umb,umb,UMbundu,12A,Syllable Structure,Simple,Schadeberg-1990;Schadeberg-1982,
12A-wnt,wnt,Wantoat,12A,Syllable Structure,Moderately complex,Davis-1969,
12A-wps,wps,Wapishana,12A,Syllable Structure,Moderately complex,Tracy-1972,
12A-xia,xia,Xiamen,12A,Syllable Structure,Moderately complex,Norman-1988;Ramsey-1987;Hanyu-1960,
12A-aik,aik,Aikaná,12A,Syllable Structure,Moderately complex,Hanke-1956;Aikhenvald-and-Dixon-1999[362-363],
12A-akw,akw,Akawaio,12A,Syllable Structure,Moderately complex,Edwards-1978,
12A-aea,aea,Aleut (Eastern),12A,Syllable Structure,Complex,Rozelle-1997;Bergsland-1959;Bergsland-1956;Bergsland-1994;Cho-et-al-1997;Jacobson-1944;Menovshchikov-1968,
12A-fef,fef,Fe'fe',12A,Syllable Structure,Moderately complex,Hyman-1972,
12A-kef,kef,Kefa,12A,Syllable Structure,Moderately complex,Fleming-1976,
12A-ktk,ktk,Kotoko,12A,Syllable Structure,Complex,Bouny-1977,
12A-lu,lu,Lü,12A,Syllable Structure,Moderately complex,Li-1964;Morev-1978,
12A-nap,nap,Neo-Aramaic (Persian Azerbaijan),12A,Syllable Structure,Complex,Garbell-1965,
12A-orm,orm,Ormuri,12A,Syllable Structure,Complex,Efimov-1986,
12A-snd,snd,Senadi,12A,Syllable Structure,Simple,Welmers-1950,
12A-wrs,wrs,Waris,12A,Syllable Structure,Moderately complex,Brown-1988b,
12A-byu,byu,Bandjalang (Yugumbir),12A,Syllable Structure,Moderately complex,Cunningham-1969,
12A-bno,bno,Waimaha,12A,Syllable Structure,Simple,Stolte-and-Stolte-1971,
12A-bis,bis,Bisa,12A,Syllable Structure,Moderately complex,Naden-1973,
12A-cac,cac,Cacua,12A,Syllable Structure,Moderately complex,Anderton-1989;Cathcart-1979,
12A-jeh,jeh,Jeh,12A,Syllable Structure,Complex,Cohen-1966;Gradin-1966;Gradin-and-Gradin-1979,
12A-kul,kul,Kullo,12A,Syllable Structure,Moderately complex,Allan-1976a,
12A-max,max,Maxakalí,12A,Syllable Structure,Moderately complex,Gudschinsky-et-al-1970,
12A-mtp,mtp,Mixe (Totontepec),12A,Syllable Structure,Complex,Crawford-1963;Schoenhals-and-Schoenhals-1965,
12A-toa,toa,Toaripi,12A,Syllable Structure,Simple,Brown-1973,
12A-yey,yey,Yeyi,12A,Syllable Structure,Moderately complex,Gowlett-1997,
12A-agh,agh,Aghem,12A,Syllable Structure,Moderately complex,Hyman-1979,
12A-aht,aht,Ahtna,12A,Syllable Structure,Complex,Kari-1990,
12A-eya,eya,Eyak,12A,Syllable Structure,Complex,Krauss-1965,
12A-kly,kly,Kala Lagaw Ya,12A,Syllable Structure,Complex,Kennedy-1981;Wurm-1972a,
12A-kot,kot,Kota,12A,Syllable Structure,Complex,Emeneau-1944,
12A-lus,lus,Lushootseed,12A,Syllable Structure,Complex,Bates-et-al-1994,
12A-nob,nob,Nobiin,12A,Syllable Structure,Moderately complex,Bell-1971;Bell-1968;Werner-1987,
12A-pac,pac,Pacoh,12A,Syllable Structure,Moderately complex,Watson-1964,
12A-ror,ror,Roro,12A,Syllable Structure,Simple,Bluhme-1970;Davis-1974,
12A-soq,soq,Soqotri,12A,Syllable Structure,Complex,Leslau-1938;Johnstone-1975,
12A-ant,ant,Angaatiha,12A,Syllable Structure,Moderately complex,Huisman-1973;Huisman-and-Lloyd-1981;Huisman-et-al-1981,
12A-bng,bng,Baining,12A,Syllable Structure,Moderately complex,Parker-and-Parker-1974,
12A-cck,cck,Chickasaw,12A,Syllable Structure,Moderately complex,Gordon-et-al-2000;Munro-et-al-2002,
12A-eja,eja,Ejagham,12A,Syllable Structure,Moderately complex,Watters-1981,
12A-kal,kal,Kalami,12A,Syllable Structure,Moderately complex,Baart-1997,
12A-sha,sha,Shan,12A,Syllable Structure,Moderately complex,Cheng-1973b;Chan-1980;Chao-1951,
12A-tsg,tsg,Tausug,12A,Syllable Structure,Moderately complex,Ashley-1963,
12A-try,try,Tiruray,12A,Syllable Structure,Moderately complex,Post-1966;Schlegel-1971,
12A-uzn,uzn,Uzbek (Northern),12A,Syllable Structure,Complex,Sjoberg-1963;Sjoberg-1962,
12A-amz,amz,Amuzgo,12A,Syllable Structure,Complex,Bauernschmidt-1965;Longacre-1966,
12A-cil,cil,CiLuba,12A,Syllable Structure,Moderately complex,de-Schryver-1999,
12A-gmb,gmb,Guambiano,12A,Syllable Structure,Moderately complex,Branks-and-Branks-1973;Caudmont-1954,
12A-nax,nax,Naxi,12A,Syllable Structure,Simple,Bradley-1975;Jiang-1980;Jiang-1985,
12A-pnr,pnr,Panare,12A,Syllable Structure,Moderately complex,Cauty-1978;Cauty-1974a;Cauty-1974b;Payne-1990b,
12A-bet,bet,Bété,12A,Syllable Structure,Moderately complex,Werle-and-Gbalehi-1976,
12A-mov,mov,Movima,12A,Syllable Structure,Simple,Aikhenvald-and-Dixon-1999;Judy-and-Judy-1962b,
12A-yaw,yaw,Yawa,12A,Syllable Structure,Moderately complex,Jones-1986b,
12A-khr,khr,Kharia,12A,Syllable Structure,Moderately complex,Biligiri-1965;Pinnow-1959,
12A-mla,mla,Mambila,12A,Syllable Structure,Moderately complex,Connell-2000;Perrin-and-Hill-1969,
12A-mbb,mbb,Mbabaram,12A,Syllable Structure,Moderately complex,Dixon-1966a;Dixon-1966b,
12A-arb,arb,Arabela,12A,Syllable Structure,Moderately complex,Rich-1963,
12A-awn,awn,Awngi,12A,Syllable Structure,Moderately complex,Hetzron-1969;Hetzron-1976,
12A-chl,chl,Chehalis (Upper),12A,Syllable Structure,Complex,Kinkade-1963,
12A-kla,kla,Klao,12A,Syllable Structure,Simple,Singler-1979,
12A-kun,kun,Kuna,12A,Syllable Structure,Moderately complex,Sherzer-1983;Baptista-and-Wallin-1974,
12A-sba,sba,Sáliba (in Colombia),12A,Syllable Structure,Simple,Benaissa-1979,
12A-irx,irx,Iranxe,12A,Syllable Structure,Moderately complex,Meader-1967,
12A-kad,kad,Kadugli,12A,Syllable Structure,Moderately complex,Abdalla-1973;Matsushita-1984,
12A-sor,sor,Sora,12A,Syllable Structure,Moderately complex,Ramamurti-1986,
12A-ycn,ycn,Yucuna,12A,Syllable Structure,Moderately complex,Schauer-and-Schauer-1967,
12A-shs,shs,Shasta,12A,Syllable Structure,Moderately complex,Silver-1964;Silver-1966,
12A-tso,tso,Tsou,12A,Syllable Structure,Complex,Wright-and-Ladefoged-1994;Tung-1964,
12A-der,der,Dla (Proper),12A,Syllable Structure,Moderately complex,Voorhoeve-1971,
12A-gan,gan,Great Andamanese,12A,Syllable Structure,Moderately complex,Yadav-nd,
12A-sdw,sdw,Sandawe,12A,Syllable Structure,Moderately complex,Dempwolff-1916;Maddieson-et-al-1999;Tucker-et-al-1977;Elderkin-1982;Kagaya-1993,
12A-tug,tug,Tuareg (Ahaggar),12A,Syllable Structure,Complex,Louali-Reynal-et-al-1997;Prasse-1972,
12A-cam,cam,Camsá,12A,Syllable Structure,Complex,Mongui-Sanchez-1981;Howard-1967;Howard-1972,
12A-hmr,hmr,Hamer,12A,Syllable Structure,Moderately complex,Lydall-1976,
12A-yay,yay,Yay,12A,Syllable Structure,Moderately complex,Gedney-1965,
12A-bra,bra,Brao,12A,Syllable Structure,Complex,Keller-1976,
12A-hak,hak,Hakka,12A,Syllable Structure,Moderately complex,Hashimoto-1973,
12A-mui,mui,Muinane,12A,Syllable Structure,Simple,Walton-and-Walton-1967;Aschmann-1993,
12A-nai,nai,Nanai,12A,Syllable Structure,Moderately complex,Avrorin-1968,
12A-tma,tma,Tama,12A,Syllable Structure,Moderately complex,Tucker-and-Bryan-1966,
12A-tmn,tmn,Temein,12A,Syllable Structure,Moderately complex,Tucker-and-Bryan-1966,
12A-yny,yny,Yanyuwa,12A,Syllable Structure,Moderately complex,Kirton-1967;Kirton-and-Charlie-1978;Huttar-and-Kirton-1981,
12A-efi,efi,Efik,12A,Syllable Structure,Moderately complex,Cook-1969a,
12A-ga,ga,Gã,12A,Syllable Structure,Moderately complex,Berry-nd;Kropp-1987,
12A-mog,mog,Moghol,12A,Syllable Structure,Complex,Weiers-1971,
12A-mor,mor,Mor,12A,Syllable Structure,Simple,Laycock-1978,
12A-woi,woi,Woisika,12A,Syllable Structure,Moderately complex,Stokhof-1979,
12A-adk,adk,Andoke,12A,Syllable Structure,Simple,Landaburu-1979,
12A-ful,ful,Fulniô,12A,Syllable Structure,Complex,Lapenda-1968,
12A-ito,ito,Itonama,12A,Syllable Structure,Moderately complex,Liccardi-and-Grimes-1968,
12A-koi,koi,Koiari,12A,Syllable Structure,Simple,Dutton-1969;Dutton-1996,
12A-mzc,mzc,Mazatec (Chiquihuitlán),12A,Syllable Structure,Moderately complex,Jamieson-1976b;Jamieson-1976a,
12A-mba,mba,Mba,12A,Syllable Structure,Simple,Pasch-1986,
12A-nnc,nnc,Nancowry,12A,Syllable Structure,Moderately complex,Das-1977;Radhakrishnan-1981,
12A-amo,amo,Amo,12A,Syllable Structure,Moderately complex,Anderson-1980;Di-Luzio-1972,
12A-amu,amu,Yanesha',12A,Syllable Structure,Moderately complex,Fast-1953;Wise-1958,
12A-bua,bua,Burarra,12A,Syllable Structure,Complex,Glasgow-and-Glasgow-1967,
12A-chw,chw,Cham (Western),12A,Syllable Structure,Complex,Blood-1967;Edmondson-and-Gregerson-1993,
12A-fas,fas,Fasu,12A,Syllable Structure,Simple,Loeweke-and-May-1964,
12A-nyi,nyi,Nyimang,12A,Syllable Structure,Moderately complex,Stevenson-1957;Tucker-and-Bryan-1966,
12A-tul,tul,Tulu,12A,Syllable Structure,Complex,Bhat-1967,
12A-baj,baj,Bajau (Sama),12A,Syllable Structure,Moderately complex,Verheijen-1986,
12A-gds,gds,Gadsup,12A,Syllable Structure,Moderately complex,Frantz-and-Frantz-1966,
12A-igs,igs,Ingessana,12A,Syllable Structure,Moderately complex,Crewe-1975;Tucker-and-Bryan-1966,
12A-kpe,kpe,Kpelle,12A,Syllable Structure,Moderately complex,Hyman-1973;Welmers-1962;Welmers-1973,
12A-wmu,wmu,Wik Munkan,12A,Syllable Structure,Moderately complex,Sayers-and-Godfrey-1964;McConnel-1945,
12A-paw,paw,Pawaian,12A,Syllable Structure,Moderately complex,Trefry-1972;MacDonald-1973,
12A-pec,pec,Pech,12A,Syllable Structure,Moderately complex,Holt-1999b;Holt-1986,
12A-kom,kom,Komo,12A,Syllable Structure,Moderately complex,Tucker-and-Bryan-1966,
12A-kmp,kmp,Kunimaipa,12A,Syllable Structure,Moderately complex,Pence-1966,
12A-llm,llm,Lelemi,12A,Syllable Structure,Simple,Hoftmann-1971,
12A-nis,nis,Nyishi,12A,Syllable Structure,Complex,Namkung-1996;Ray-1967,
12A-rut,rut,Rutul,12A,Syllable Structure,Complex,Kodzasov-1990b;Ibragimov-1978;Dzhejranishvili-1967,
12A-yar,yar,Yareba,12A,Syllable Structure,Simple,Weimer-and-Weimer-1972,
12A-yes,yes,Yessan-Mayo,12A,Syllable Structure,Moderately complex,Foreman-and-Marten-1973,
12A-yus,yus,Yupik (Siberian),12A,Syllable Structure,Moderately complex,Krauss-1975,
12A-cti,cti,Chin (Tiddim),12A,Syllable Structure,Moderately complex,Henderson-1965,
12A-xoo,xoo,!Xóõ,12A,Syllable Structure,Moderately complex,Traill-1985;Traill-1994,
12A-yul,yul,Yulu,12A,Syllable Structure,Moderately complex,Boyeldieu-1987,
12A-kng,kng,Kaingang,12A,Syllable Structure,Moderately complex,Kindell-1972;Henry-1935;Wiesemann-1972,
12A-ndt,ndt,Ndut,12A,Syllable Structure,Moderately complex,Gueye-1986,
12A-nga,nga,Nganasan,12A,Syllable Structure,Moderately complex,Tereshchenko-1966c;Tereshchenko-1979;Castren-1966,
12A-ytu,ytu,Yukaghir (Tundra),12A,Syllable Structure,Complex,Krejnovich-1958;Krejnovich-1968c,
12A-bai,bai,Bai,12A,Syllable Structure,Moderately complex,Dell-1981,
12A-chp,chp,Chipewyan,12A,Syllable Structure,Moderately complex,Li-1932;Li-1933;Li-1946,
12A-kry,kry,Koryak,12A,Syllable Structure,Complex,Zhukova-1980,
12A-anc,anc,Angas,12A,Syllable Structure,Complex,Burquest-1971,
12A-bod,bod,Bodo,12A,Syllable Structure,Moderately complex,Bhat-1968,
12A-chq,chq,Chinantec (Quiotepec),12A,Syllable Structure,Simple,Robbins-1961;Robbins-1968,
12A-dan,dan,Dan,12A,Syllable Structure,Moderately complex,Bearth-and-Zemp-1967,
12A-diz,diz,Dizi,12A,Syllable Structure,Complex,Allan-1976b,
12A-irr,irr,Irarutu,12A,Syllable Structure,Moderately complex,Voorhoeve-1989,
12A-koy,koy,Koya,12A,Syllable Structure,Complex,Tyler-1969,
12A-shi,shi,Shiriana,12A,Syllable Structure,Moderately complex,Migliazza-and-Grimes-1961,
12A-tol,tol,Tol,12A,Syllable Structure,Moderately complex,Holt-1999a;Fleming-and-Dennis-1977,
12A-ani,ani,//Ani,12A,Syllable Structure,Moderately complex,Vossen-1986;Vossen-1997,
12A-ccp,ccp,Cocopa,12A,Syllable Structure,Complex,Crawford-1966[34-37],
12A-hum,hum,Huitoto (Murui),12A,Syllable Structure,Simple,Aschmann-1993;Minor-et-al-1982;Burtch-1983;Petersen-de-Pineros-1994,
12A-kzy,kzy,Komi-Zyrian,12A,Syllable Structure,Complex,Bubrix-1949;Lytkin-1966b,
12A-nhn,nhn,Nahuatl (North Puebla),12A,Syllable Structure,Moderately complex,Brockway-1963,
12A-sre,sre,Sre,12A,Syllable Structure,Complex,Manley-1972,
12A-gwa,gwa,Gwari,12A,Syllable Structure,Complex,Hyman-and-Magaji-1970,
12A-kgz,kgz,Kirghiz,12A,Syllable Structure,Complex,Herbert-and-Poppe-1963;Junusaliev-1966,
12A-kiw,kiw,Kiwai,12A,Syllable Structure,Simple,Wurm-1977,
12A-kwo,kwo,Kwoma,12A,Syllable Structure,Moderately complex,Kooyers-et-al-1971,
12A-non,non,Noni,12A,Syllable Structure,Complex,Hyman-1981b,
12A-bco,bco,Bella Coola,12A,Syllable Structure,Complex,Nater-1984;Newman-1947,
12A-ber,ber,Berta,12A,Syllable Structure,Moderately complex,Triulzi-et-al-1976a,
12A-ewo,ewo,Ewondo,12A,Syllable Structure,Moderately complex,Abega-1970;Nnomo-and-Mbezele-1982;Redden-1979,
12A-ksg,ksg,Karen (Sgaw),12A,Syllable Structure,Moderately complex,Jones-1961,
12A-kwk,kwk,Kwakw'ala,12A,Syllable Structure,Complex,Boas-1947;Boas-1911a;Newman-1950;Grubb-1977,
12A-ruk,ruk,Rukai (Tanan),12A,Syllable Structure,Moderately complex,Li-1973;Li-1977b,
12A-wah,wah,Wahgi,12A,Syllable Structure,Moderately complex,Ladefoged-et-al-1977;Phillips-1976,
12A-aze,aze,Azerbaijani,12A,Syllable Structure,Moderately complex,Householder-and-Lofti-1965,
12A-ben,ben,Bengali,12A,Syllable Structure,Complex,Ferguson-and-Chowdhury-1960;Klaiman-1990,
12A-iba,iba,Iban,12A,Syllable Structure,Moderately complex,Omar-1981;Scott-1957,
12A-jeb,jeb,Jebero,12A,Syllable Structure,Moderately complex,Bendor-Samuel-1961b,
12A-jng,jng,Jingpho,12A,Syllable Structure,Moderately complex,Liu-1964,
12A-mpa,mpa,Murrinh-Patha,12A,Syllable Structure,Complex,Street-and-Mollinjin-1981,
12A-new,new,Newari (Kathmandu),12A,Syllable Structure,Moderately complex,Hale-and-Hale-1969;Manandhar-1986,
12A-kkv,kkv,Lusi,12A,Syllable Structure,Moderately complex,Counts-1969,
12A-kya,kya,Kuku-Yalanji,12A,Syllable Structure,Moderately complex,Oates-and-Oates-1964;Oates-1964b;Wurm-1972a,
12A-skp,skp,Selkup,12A,Syllable Structure,Moderately complex,Katz-1975b;Prokofjeva-1966,
12A-ttu,ttu,Tsova-Tush,12A,Syllable Structure,Complex,Desheriev-1953,
12A-alw,alw,Alawa,12A,Syllable Structure,Complex,Sharpe-1972,
12A-ao,ao,Ao,12A,Syllable Structure,Moderately complex,Gowda-1975;Gowda-1972,
12A-fye,fye,Fyem,12A,Syllable Structure,Moderately complex,Nettle-1998,
12A-grr,grr,Garrwa,12A,Syllable Structure,Moderately complex,Furby-1974,
12A-kgu,kgu,Kalkatungu,12A,Syllable Structure,Moderately complex,Blake-1979b,
12A-mro,mro,Moro,12A,Syllable Structure,Moderately complex,Schadeberg-1981b;Black-and-Black-1971,
12A-nar,nar,Nara (in Ethiopia),12A,Syllable Structure,Moderately complex,Bender-1968;Thompson-1976a,
12A-tam,tam,Tamang (Eastern),12A,Syllable Structure,Moderately complex,Mazaudon-1973,
12A-tib,tib,Tibetan (Standard Spoken),12A,Syllable Structure,Moderately complex,Denwood-1999,
12A-dgb,dgb,Dagbani,12A,Syllable Structure,Moderately complex,Olawsky-1999;Wilson-and-Bendor-Samuel-1969,
12A-nuu,nuu,Nuuchahnulth,12A,Syllable Structure,Complex,Carlson-et-al-2001;Stonham-1999,
12A-tas,tas,Tashlhiyt,12A,Syllable Structure,Complex,Applegate-1958,
12A-yel,yel,Yelî Dnye,12A,Syllable Structure,Simple,,
12A-bir,bir,Birom,12A,Syllable Structure,Moderately complex,Bouquiaux-1970;Wolff-1959,
12A-din,din,Dinka,12A,Syllable Structure,Moderately complex,Andersen-1987;Malou-1988,
12A-mgg,mgg,Mangghuer,12A,Syllable Structure,Moderately complex,Todaeva-1973,
12A-res,res,Resígaro,12A,Syllable Structure,Moderately complex,Allin-1976,
12A-srn,srn,Sirionó,12A,Syllable Structure,Simple,Firestone-1965,
12A-che,che,Cherokee,12A,Syllable Structure,Moderately complex,Bender-and-Harris-1946;Cook-1979;Walker-1975b,
12A-hup,hup,Hupa,12A,Syllable Structure,Complex,Golla-1970;Gordon-1996;Woodward-1964,
12A-ite,ite,Itelmen,12A,Syllable Structure,Complex,Volodin-1976,
12A-knk,knk,Kanakuru,12A,Syllable Structure,Moderately complex,Newman-1974,
12A-kwa,kwa,Kwaio,12A,Syllable Structure,Simple,Keesing-1985,
12A-shu,shu,Shuswap,12A,Syllable Structure,Complex,Kuipers-1974,
12A-tne,tne,Temne,12A,Syllable Structure,Complex,Dalby-1966;Wilson-1961a,
12A-ctl,ctl,Catalan,12A,Syllable Structure,Moderately complex,Carbonell-and-Llisteri-1999,
12A-nmb,nmb,Nambikuára (Southern),12A,Syllable Structure,Complex,Kroeker-1972;Price-1976,
12A-hop,hop,Hopi,12A,Syllable Structure,Complex,Kluckhohn-and-MacLeish-1955;Voegelin-1956;Whorf-1946a,
12A-mum,mum,Mumuye,12A,Syllable Structure,Moderately complex,Shimizu-1983,
12A-tac,tac,Tacana,12A,Syllable Structure,Simple,Key-1968;Van-Wynen-and-Van-Wynen-1962,
12A-ter,ter,Tera,12A,Syllable Structure,Moderately complex,Newman-1970,
12A-wma,wma,West Makian,12A,Syllable Structure,Moderately complex,Watuseke-1976;Voorhoeve-1982,
12A-brr,brr,Bororo,12A,Syllable Structure,Simple,Crowell-1979,
12A-djp,djp,Djapu,12A,Syllable Structure,Complex,Morphy-1983;Rose-et-al-1982,
12A-doy,doy,Doyayo,12A,Syllable Structure,Complex,Wiering-1974,
12A-krd,krd,Kurdish (Central),12A,Syllable Structure,Complex,Abdulla-and-McCarus-1967;McCarus-1958,
12A-len,len,Lenakel,12A,Syllable Structure,Moderately complex,Lynch-1978,
12A-qaw,qaw,Qawasqar,12A,Syllable Structure,Complex,Clairis-1985;Clairis-1977,
12A-ttn,ttn,Tetun,12A,Syllable Structure,Complex,Morris-1984,
12A-ygr,ygr,Yagaria,12A,Syllable Structure,Complex,Renck-1967;Haiman-1980;Renck-1975,
12A-cub,cub,Cubeo,12A,Syllable Structure,Simple,Morse-and-Maxwell-1999b;Salser-1971,
12A-dgr,dgr,Dagur,12A,Syllable Structure,Complex,Bao-1982,
12A-htc,htc,Huastec,12A,Syllable Structure,Moderately complex,Larsen-and-Pike-1949;McQuown-1984;Peralta-1984,
12A-ik,ik,Ik,12A,Syllable Structure,Complex,Heine-1975b;Tucker-1971,
12A-pae,pae,Páez,12A,Syllable Structure,Complex,Gerdel-1973;Gerdel-1985;Jung-1989,
12A-sed,sed,Sedang,12A,Syllable Structure,Moderately complex,Smith-1979;Smith-1968,
12A-bsk,bsk,Bashkir,12A,Syllable Structure,Complex,Poppe-1964,
12A-mlk,mlk,Malakmalak,12A,Syllable Structure,Complex,Birk-1975;Tryon-1974,
12A-arc,arc,Archi,12A,Syllable Structure,Complex,Kodzasov-1977,
12A-ava,ava,Avar,12A,Syllable Structure,Complex,Charachidze-1981;Zhirkov-1936,
12A-gbb,gbb,Gbeya Bossangoa,12A,Syllable Structure,Moderately complex,Monino-and-Roulon-1972;Samarin-1966,
12A-ngz,ngz,Ngizim,12A,Syllable Structure,Moderately complex,Schuh-1981,
12A-poh,poh,Pohnpeian,12A,Syllable Structure,Complex,Rehg-1981;Rehg-1984b;Rehg-1984a,
12A-hve,hve,Huave (San Mateo del Mar),12A,Syllable Structure,Moderately complex,Stairs-Kreger-and-Scharfe-de-Stairs-1981;Suarez-1975,
12A-kty,kty,Khanty,12A,Syllable Structure,Moderately complex,Gulya-1966;Nikolaeva-1999,
12A-tel,tel,Telugu,12A,Syllable Structure,Moderately complex,Kelley-1963;Kostic-et-al-1977;Krishnamurti-1961;Lisker-1963;Sastry-1972,
12A-ykt,ykt,Yakut,12A,Syllable Structure,Complex,Ubrjatova-1966;Krueger-1962;Bohtlingk-1964,
12A-klm,klm,Klamath,12A,Syllable Structure,Complex,Barker-1964;Barker-1963a,
12A-tgr,tgr,Tigré,12A,Syllable Structure,Moderately complex,Klingenheben-1966;Palmer-1962,
12A-tuv,tuv,Tuvan,12A,Syllable Structure,Complex,Anderson-and-Harrison-1999;Song-1982;Seglenmej-1979;Sat-1966,
12A-nor,nor,Norwegian,12A,Syllable Structure,Complex,Vanvik-1972,
12A-bre,bre,Breton,12A,Syllable Structure,Complex,Bothorel-1982;Ternes-1970,
12A-ijo,ijo,Ijo (Kolokuma),12A,Syllable Structure,Simple,Williamson-1965,
12A-luo,luo,Luo,12A,Syllable Structure,Moderately complex,Gregersen-1961,
12A-psh,psh,Pashto,12A,Syllable Structure,Complex,Penzl-1955;Grjunberg-1987;Shafeev-1964,
12A-sel,sel,Selknam,12A,Syllable Structure,Complex,Najlis-1973,
12A-wao,wao,Waorani,12A,Syllable Structure,Simple,Saint-and-Pike-1962,
12A-win,win,Wintu,12A,Syllable Structure,Moderately complex,Pitkin-1984;Schlichter-1981,
12A-akn,akn,Akan,12A,Syllable Structure,Moderately complex,Dolphyne-1988;Ladefoged-1964;Schachter-and-Fromkin-1968;Stewart-1967;Welmers-1946,
12A-cax,cax,Campa (Axininca),12A,Syllable Structure,Moderately complex,Dirks-1953;Payne-1981,
12A-lug,lug,Lugbara,12A,Syllable Structure,Moderately complex,Tucker-and-Bryan-1966;Anderson-1986;Crazzolara-1960,
12A-maa,maa,Maasai,12A,Syllable Structure,Moderately complex,Tucker-and-Bryan-1966;Tucker-and-Mpaayei-1955,
12A-yap,yap,Yapese,12A,Syllable Structure,Moderately complex,Hsu-1969;Jensen-et-al-1977a,
12A-iaa,iaa,Iaai,12A,Syllable Structure,Moderately complex,Haudricourt-1971;Maddieson-and-Anderson-1995;Ozanne-Rivierre-1976,
12A-jaq,jaq,Jaqaru,12A,Syllable Structure,Moderately complex,Hardman-2000,
12A-tgk,tgk,Tigak,12A,Syllable Structure,Moderately complex,Beaumont-1979,
12A-ton,ton,Tonkawa,12A,Syllable Structure,Moderately complex,Hoijer-1946b;Hoijer-1949;Hoijer-1972,
12A-amp,amp,Arrernte (Mparntwe),12A,Syllable Structure,Moderately complex,Henderson-1994,
12A-diy,diy,Diyari,12A,Syllable Structure,Moderately complex,Austin-1981,
12A-lak,lak,Lak,12A,Syllable Structure,Complex,Zhirkov-1955;Murkelinskij-1967;Khajdakov-1966b,
12A-mne,mne,Maidu (Northeast),12A,Syllable Structure,Moderately complex,Shipley-1956;Shipley-1964,
12A-eka,eka,Ekari,12A,Syllable Structure,Simple,Doble-1987;Steltenpool-1969,
12A-ham,ham,Hamtai,12A,Syllable Structure,Complex,Healey-1981;Oates-and-Oates-1968,
12A-nan,nan,Nandi,12A,Syllable Structure,Moderately complex,Creider-and-Creider-1989,
12A-mrd,mrd,Marind,12A,Syllable Structure,Moderately complex,Drabbe-1955,
12A-abi,abi,Abipón,12A,Syllable Structure,Complex,Najlis-1966,
12A-mab,mab,Maba,12A,Syllable Structure,Complex,Tucker-and-Bryan-1966,
12A-wlf,wlf,Wolof,12A,Syllable Structure,Complex,Ward-1963;Sauvageot-1965;Ka-1994;Manessy-and-Sauvageot-1963,
12A-chv,chv,Chuvash,12A,Syllable Structure,Complex,Andreev-1966;Krueger-1961,
12A-pur,pur,Purépecha,12A,Syllable Structure,Moderately complex,Foster-1969;de-Paul-1989;Chamereau-2000,
12A-una,una,Una,12A,Syllable Structure,Moderately complex,Louwerse-1988,
12A-dyi,dyi,Dyirbal,12A,Syllable Structure,Moderately complex,Dixon-1972,
12A-haw,haw,Hawaiian,12A,Syllable Structure,Simple,Elbert-and-Pukui-1979;Schutz-1981;Pukui-and-Elbert-1965,
12A-kch,kch,Koyra Chiini,12A,Syllable Structure,Moderately complex,Heath-1999b,
12A-lit,lit,Lithuanian,12A,Syllable Structure,Complex,Senn-1966;Ambrazas-et-al-1966;Augustitis-1964,
12A-ood,ood,O'odham,12A,Syllable Structure,Complex,Saxton-1963;Saxton-and-Saxton-1969;Hale-1959,
12A-bul,bul,Bulgarian,12A,Syllable Structure,Complex,Aronson-1968;Bidwell-1968;Klagstad-1958;Scatton-1984;Ternes-and-Vladimirova-Buhtz-1999,
12A-lah,lah,Lahu,12A,Syllable Structure,Moderately complex,Matisoff-1988;Matisoff-1973,
12A-zun,zun,Zuni,12A,Syllable Structure,Moderately complex,Newman-1965;Walker-1972,
12A-krb,krb,Kiribati,12A,Syllable Structure,Moderately complex,Groves-et-al-1985,
12A-som,som,Somali,12A,Syllable Structure,Moderately complex,Hyman-1981a;Andrzejewsky-1956;Farnetani-1981;Armstrong-1964;Cardona-1981;Andrzejewsky-1955,
12A-cnt,cnt,Cantonese,12A,Syllable Structure,Moderately complex,Zee-1999,
12A-fur,fur,Fur,12A,Syllable Structure,Moderately complex,Jakobi-1990;Beaton-1968;Tucker-and-Bryan-1966,
12A-pol,pol,Polish,12A,Syllable Structure,Complex,,
12A-ker,ker,Kera,12A,Syllable Structure,Moderately complex,Ebert-1976;Ebert-1979,
12A-lad,lad,Ladakhi,12A,Syllable Structure,Complex,Koshal-1979,
12A-lep,lep,Lepcha,12A,Syllable Structure,Complex,Mainwaring-1876;Ju-1996;Mainwaring-1898,
12A-tli,tli,Tlingit,12A,Syllable Structure,Complex,Maddieson-et-al-2001,
12A-wam,wam,Wambaya,12A,Syllable Structure,Moderately complex,Nordlinger-1998,
12A-alb,alb,Albanian,12A,Syllable Structure,Complex,Newmark-1957,
12A-bam,bam,Bambara,12A,Syllable Structure,Simple,Bird-et-al-1977,
12A-kyl,kyl,Kayah Li (Eastern),12A,Syllable Structure,Moderately complex,Solnit-1997,
12A-nti,nti,Ngiti,12A,Syllable Structure,Simple,Kutsch-Lojenga-1994,
12A-car,car,Carib,12A,Syllable Structure,Moderately complex,Peasgood-1972;Hoff-1968,
12A-mak,mak,Makah,12A,Syllable Structure,Complex,Jacobsen-1999,
12A-tsi,tsi,Tsimshian (Coast),12A,Syllable Structure,Complex,Dunn-1979;Dunn-1995;Dunn-1970;Mulder-1988;Hoard-1978,
12A-sue,sue,Suena,12A,Syllable Structure,Simple,Wilson-1969;Wilson-1974,
12A-mku,mku,Maranungku,12A,Syllable Structure,Complex,Tryon-1970b,
12A-mrl,mrl,Murle,12A,Syllable Structure,Moderately complex,Arensen-1982;Yigezu-2001,
12A-psm,psm,Passamaquoddy-Maliseet,12A,Syllable Structure,Complex,Sherwood-1986;Leavitt-1996;LeSourd-1993,
12A-pit,pit,Pitjantjatjara,12A,Syllable Structure,Moderately complex,Eckert-and-Hudson-1988;Glass-and-Hackett-1970,
12A-amh,amh,Amharic,12A,Syllable Structure,Moderately complex,Hayward-and-Hayward-1999,
12A-ana,ana,Araona,12A,Syllable Structure,Simple,de-Pitman-1981,
12A-cyv,cyv,Cayuvava,12A,Syllable Structure,Simple,Key-1961;Key-1967,
12A-dio,dio,Diola-Fogny,12A,Syllable Structure,Complex,Sapir-1965,
12A-aym,aym,Aymara (Central),12A,Syllable Structure,Moderately complex,Martin-1969,
12A-baw,baw,Bawm,12A,Syllable Structure,Moderately complex,Reichle-1981,
12A-wrd,wrd,Wardaman,12A,Syllable Structure,Complex,Merlan-1994,
12A-hai,hai,Haida,12A,Syllable Structure,Complex,Sapir-1923,
12A-kmu,kmu,Khmu',12A,Syllable Structure,Complex,Svantesson-1983,
12A-usa,usa,Usan,12A,Syllable Structure,Moderately complex,Reesink-1987,
12A-pai,pai,Paiwan,12A,Syllable Structure,Moderately complex,Ho-1977;Ferrel-1982,
12A-ung,ung,Ungarinjin,12A,Syllable Structure,Moderately complex,Coate-and-Oates-1970;Rumsey-1982;Coate-and-Elkin-1974,
12A-bej,bej,Beja,12A,Syllable Structure,Complex,Hudson-1974;Hudson-1976b,
12A-dre,dre,Drehu,12A,Syllable Structure,Moderately complex,Moyse-Faurie-1983,
12A-gar,gar,Garo,12A,Syllable Structure,Moderately complex,Burling-1961,
12A-pms,pms,Paamese,12A,Syllable Structure,Moderately complex,Crowley-1982,
12A-mss,mss,Miwok (Southern Sierra),12A,Syllable Structure,Moderately complex,Broadbent-1964;Freeland-1951,
12A-sml,sml,Semelai,12A,Syllable Structure,Moderately complex,Kruspe-1999,
12A-yur,yur,Yurok,12A,Syllable Structure,Complex,Robins-1958,
12A-dag,dag,Daga,12A,Syllable Structure,Moderately complex,Murane-1974,
12A-otm,otm,Otomí (Mezquital),12A,Syllable Structure,Complex,Wallis-1968;Sinclair-and-Pike-1948;Hess-1968,
12A-igb,igb,Igbo,12A,Syllable Structure,Simple,Ikekeonwu-1999,
12A-nez,nez,Nez Perce,12A,Syllable Structure,Complex,Aoki-1994,
12A-brh,brh,Brahui,12A,Syllable Structure,Complex,De-Armond-1975;Emeneau-1937;Emeneau-1962,
12A-cah,cah,Cahuilla,12A,Syllable Structure,Complex,Bright-1965b;Sauvel-and-Munro-1981;Seiler-1977,
12A-cle,cle,Chinantec (Lealao),12A,Syllable Structure,Moderately complex,Rupp-1989;Rupp-1990,
12A-knm,knm,Kunama,12A,Syllable Structure,Moderately complex,Bender-1996,
12A-nav,nav,Navajo,12A,Syllable Structure,Moderately complex,Young-and-Morgan-1972;Sapir-and-Hoijer-1967,
12A-zqc,zqc,Zoque (Copainalá),12A,Syllable Structure,Complex,Wonderly-1951a,
12A-bkr,bkr,Batak (Karo),12A,Syllable Structure,Moderately complex,Woollams-1996,
12A-cmn,cmn,Comanche,12A,Syllable Structure,Moderately complex,Charney-1993;Wistrand-Robinson-and-Armagost-1990,
12A-nko,nko,Nkore-Kiga,12A,Syllable Structure,Moderately complex,Taylor-1985,
12A-squ,squ,Squamish,12A,Syllable Structure,Complex,Kuipers-1967,
12A-tru,tru,Trumai,12A,Syllable Structure,Moderately complex,Monod-Becquelin-1975;Guirardello-1992;Guirardello-1999b,
12A-dni,dni,Dani (Lower Grand Valley),12A,Syllable Structure,Moderately complex,Bromley-1961;van-der-Stap-1966,
12A-nen,nen,Nenets,12A,Syllable Structure,Complex,Hajdu-1963;Katz-1975a;Ristinen-1965;Ristinen-1968;Decsy-1966;Tereshchenko-1966a,
12A-urk,urk,Urubú-Kaapor,12A,Syllable Structure,Moderately complex,Kakumasu-1986,
12A-coo,coo,Coos (Hanis),12A,Syllable Structure,Complex,Zenk-1990,
12A-cre,cre,Cree (Plains),12A,Syllable Structure,Moderately complex,Dahlstrom-1991;Vinay-1992,
12A-nht,nht,Nahuatl (Tetelcingo),12A,Syllable Structure,Moderately complex,Tuggy-1979,
12A-yim,yim,Yimas,12A,Syllable Structure,Moderately complex,Foley-1991,
12A-ika,ika,Ika,12A,Syllable Structure,Moderately complex,Frank-1990;Tracy-and-Tracy-1973,
12A-mun,mun,Mundari,12A,Syllable Structure,Moderately complex,Sinha-1975;Pinnow-1959;Gumperz-and-Bilibiri-1957,
12A-yid,yid,Yidiny,12A,Syllable Structure,Moderately complex,Dixon-1977a,
12A-tab,tab,Taba,12A,Syllable Structure,Complex,Bowden-1997a;Bowden-and-Hajek-1999,
12A-aco,aco,Acoma,12A,Syllable Structure,Moderately complex,Miller-1966,
12A-pau,pau,Paumarí,12A,Syllable Structure,Simple,Chapman-and-Derbyshire-1991;Chapman-1981,
12A-arp,arp,Arapesh (Mountain),12A,Syllable Structure,Moderately complex,Conrad-and-Wogiga-1991,
12A-ond,ond,Oneida,12A,Syllable Structure,Complex,Abbott-2000;Michelson-1988,
12A-asm,asm,Asmat,12A,Syllable Structure,Moderately complex,Voorhoeve-1965,
12A-ewe,ewe,Ewe,12A,Syllable Structure,Moderately complex,Pasch-1995,
12A-grb,grb,Grebo,12A,Syllable Structure,Simple,Innes-1966,
12A-hmo,hmo,Hmong Njua,12A,Syllable Structure,Moderately complex,Harriehausen-1990;Lyman-1974;Purnell-1972;Smalley-1976;Wang-1983;Wang-1985,
12A-khs,khs,Khasi,12A,Syllable Structure,Complex,Rabel-1961,
12A-khm,khm,Khmer,12A,Syllable Structure,Complex,Ehrman-1972b;Huffman-1970a;Huffman-1970b;Jacob-1968,
12A-kio,kio,Kiowa,12A,Syllable Structure,Moderately complex,Sivertsen-1956;Watkins-1984,
12A-juh,juh,Ju|'hoan,12A,Syllable Structure,Simple,Dickens-1994;Snyman-1970;Snyman-1975,
12A-klv,klv,Kilivila,12A,Syllable Structure,Moderately complex,Senft-1986,
12A-nug,nug,Nunggubuyu,12A,Syllable Structure,Moderately complex,Heath-1984;Hughes-and-Leeding-1971,
12A-irq,irq,Iraqw,12A,Syllable Structure,Moderately complex,Maghway-1995;Mous-1993;Nordbustad-1988;Whiteley-1958,
12A-kew,kew,Kewa,12A,Syllable Structure,Simple,Franklin-and-Franklin-1962,
12A-snm,snm,Sanuma,12A,Syllable Structure,Moderately complex,Borgman-1990;Aikhenvald-and-Dixon-1999,
12A-shk,shk,Shipibo-Konibo,12A,Syllable Structure,Moderately complex,Valenzuela-et-al-2001;Loriot-et-al-1993,
12A-epe,epe,Epena Pedee,12A,Syllable Structure,Moderately complex,Harms-1984;Harms-1985;Harms-1994,
12A-ket,ket,Ket,12A,Syllable Structure,Complex,Vajda-2000;Dulzon-1968;Feev-1998;Krejnovich-1968a,
12A-koa,koa,Koasati,12A,Syllable Structure,Moderately complex,Haas-1944;Rising-1992,
12A-luv,luv,Luvale,12A,Syllable Structure,Simple,Horton-1949,
12A-san,san,Sango,12A,Syllable Structure,Simple,Samarin-1967b;Samarin-1967a,
12A-bag,bag,Bagirmi,12A,Syllable Structure,Moderately complex,Stevenson-1969,
12A-hzb,hzb,Hunzib,12A,Syllable Structure,Moderately complex,van-den-Berg-1995,
12A-ing,ing,Ingush,12A,Syllable Structure,Complex,Nichols-1994b,
12A-mau,mau,Maung,12A,Syllable Structure,Complex,Capell-and-Hinch-1970,
12A-kfe,kfe,Koromfe,12A,Syllable Structure,Moderately complex,Rennison-1997,
12A-ram,ram,Rama,12A,Syllable Structure,Moderately complex,Grinevald-1988,
12A-wch,wch,Wichí,12A,Syllable Structure,Moderately complex,Tovar-1981;Vinas-Urquiza-1974;Hunt-1940,
12A-yag,yag,Yagua,12A,Syllable Structure,Moderately complex,Payne-1985,
12A-niv,niv,Nivkh,12A,Syllable Structure,Complex,Krejnovich-1937;Gruzdeva-1998,
12A-apu,apu,Apurinã,12A,Syllable Structure,Simple,Facundes-2000,
12A-bma,bma,Berber (Middle Atlas),12A,Syllable Structure,Complex,Abdel-Massih-1971;Penchoen-1973b,
12A-wra,wra,Warao,12A,Syllable Structure,Simple,de-Goeje-1930;Osborn-1966;Vaquero-1965;Romero-Figueroa-1997,
12A-imo,imo,Imonda,12A,Syllable Structure,Complex,Seiler-1985,
12A-awp,awp,Awa Pit,12A,Syllable Structure,Complex,Curnow-1997,
12A-kob,kob,Kobon,12A,Syllable Structure,Moderately complex,Davies-1981b;Davies-1980,
12A-lat,lat,Latvian,12A,Syllable Structure,Complex,Mathiassen-1997,
12A-mar,mar,Maricopa,12A,Syllable Structure,Complex,Gordon-1986,
12A-ala,ala,Alamblak,12A,Syllable Structure,Complex,Bruce-1984,
12A-goo,goo,Gooniyandi,12A,Syllable Structure,Moderately complex,McGregor-1990,
12A-kut,kut,Kutenai,12A,Syllable Structure,Complex,Garvin-1948a;Morgan-1991,
12A-mxc,mxc,Mixtec (Chalcatongo),12A,Syllable Structure,Simple,Macaulay-1996,
12A-lav,lav,Lavukaleve,12A,Syllable Structure,Moderately complex,Terrill-1999,
12A-rap,rap,Rapanui,12A,Syllable Structure,Simple,Du-Feu-1996,
12A-ain,ain,Ainu,12A,Syllable Structure,Moderately complex,Simeon-1969;Patrie-1982,
12A-jak,jak,Jakaltek,12A,Syllable Structure,Moderately complex,Craig-1977;Day-1973,
12A-lkt,lkt,Lakhota,12A,Syllable Structure,Complex,Carter-1974,
12A-mrt,mrt,Martuthunira,12A,Syllable Structure,Moderately complex,Dench-1995,
12A-prh,prh,Pirahã,12A,Syllable Structure,Simple,Everett-1986,
12A-war,war,Wari',12A,Syllable Structure,Moderately complex,MacEachern-et-al-1997;Everett-and-Kern-1997,
12A-gua,gua,Guaraní,12A,Syllable Structure,Simple,Lunt-1973;Uldall-1956;Gregores-and-Suarez-1967,
12A-kho,kho,Khoekhoe,12A,Syllable Structure,Moderately complex,Hagman-1977;Ladefoged-and-Traill-1984;Vossen-1997,
12A-mei,mei,Meithei,12A,Syllable Structure,Moderately complex,Bhat-and-Ningomba-1997;Chelliah-1997,
12A-ngi,ngi,Ngiyambaa,12A,Syllable Structure,Moderately complex,Donaldson-1980,
12A-brm,brm,Burmese,12A,Syllable Structure,Moderately complex,Okell-1969;Watkins-2001,
12A-kro,kro,Krongo,12A,Syllable Structure,Moderately complex,Reh-1985,
12A-myi,myi,Mangarrayi,12A,Syllable Structure,Complex,Merlan-1982,
12A-tiw,tiw,Tiwi,12A,Syllable Structure,Moderately complex,Lee-1983;Osborne-1974;Lee-1984;Anderson-and-Maddieson-1994,
12A-knr,knr,Kanuri,12A,Syllable Structure,Moderately complex,Awobuluyi-1971;Hutchison-1981;Lukas-1937,
12A-kay,kay,Kayardild,12A,Syllable Structure,Moderately complex,Evans-1995,
12A-map,map,Mapudungun,12A,Syllable Structure,Moderately complex,Smeets-1989,
12A-yor,yor,Yoruba,12A,Syllable Structure,Simple,Bamgbose-1966,
12A-yko,yko,Yukaghir (Kolyma),12A,Syllable Structure,Moderately complex,Maslova-1999,
12A-may,may,Maybrat,12A,Syllable Structure,Simple,Dol-1999,
12A-tuk,tuk,Tukang Besi,12A,Syllable Structure,Simple,Donohue-1999c;Donohue-1999a,
12A-bur,bur,Burushaski,12A,Syllable Structure,Complex,Morgenstierne-1945;Anderson-1997b,
12A-cha,cha,Chamorro,12A,Syllable Structure,Moderately complex,Seiden-1960;Topping-1973,
12A-chk,chk,Chukchi,12A,Syllable Structure,Complex,Krause-1980;Skorik-1961;Skorik-1968,
12A-fij,fij,Fijian,12A,Syllable Structure,Simple,Dixon-1988,
12A-lan,lan,Lango,12A,Syllable Structure,Moderately complex,Okello-1975,
12A-orh,orh,Oromo (Harar),12A,Syllable Structure,Moderately complex,Owens-1985,
12A-tha,tha,Thai,12A,Syllable Structure,Moderately complex,Haas-1964;Kalaya-and-Abramson-1999;Abramson-1962;Noss-1964;Noss-1954;Kruatrachue-1960,
12A-yaq,yaq,Yaqui,12A,Syllable Structure,Moderately complex,Kurath-and-Spicer-1947;Dedrick-and-Casad-1999,
12A-zul,zul,Zulu,12A,Syllable Structure,Moderately complex,Canonici-1989;Doke-1926;Poulos-and-Bosch-1997;Poulos-and-Msimang-1998;Ziervogel-et-al-1981;Doke-1961,
12A-sla,sla,Slave,12A,Syllable Structure,Moderately complex,Rice-1976;Rice-1978;Rice-1989,
12A-aeg,aeg,Arabic (Egyptian),12A,Syllable Structure,Complex,Tomiche-1964;Kennedy-1960;Mitchell-1962,
12A-grw,grw,Greenlandic (West),12A,Syllable Structure,Moderately complex,Rischel-1974,
12A-hix,hix,Hixkaryana,12A,Syllable Structure,Moderately complex,Derbyshire-1985,
12A-swa,swa,Swahili,12A,Syllable Structure,Simple,Polome-nd,
12A-vie,vie,Vietnamese,12A,Syllable Structure,Moderately complex,Emeneau-1951;Nguyen-1974a;Thompson-1965;Nguyen-1990,
12A-hin,hin,Hindi,12A,Syllable Structure,Complex,Ohala-1999;Kelkar-1968;Ohala-1983,
12A-ckr,ckr,Canela-Krahô,12A,Syllable Structure,Complex,Popjes-and-Popjes-1986,
12A-tag,tag,Tagalog,12A,Syllable Structure,Moderately complex,Bloomfield-1917;Schachter-and-Otanes-1972,
12A-geo,geo,Georgian,12A,Syllable Structure,Complex,Vogt-1971;Tschenkeli-1958;Robins-and-Waterson-1952;Selmer-1935;Vogt-1958;Hewitt-1995;Neisser-1953;Vogt-1938,
12A-knd,knd,Kannada,12A,Syllable Structure,Complex,Steever-1998b;Upadhyaya-1972;Sridhar-1990,
12A-mal,mal,Malagasy,12A,Syllable Structure,Moderately complex,Dahl-1952;Dyen-1971b,
12A-sup,sup,Supyire,12A,Syllable Structure,Moderately complex,Carlson-1994,
12A-hau,hau,Hausa,12A,Syllable Structure,Moderately complex,Schuh-and-Bagari-1999;Newman-2000,
12A-mao,mao,Maori,12A,Syllable Structure,Simple,Bauer-1993,
12A-bsq,bsq,Basque,12A,Syllable Structure,Complex,Saltarelli-et-al-1988,
12A-abk,abk,Abkhaz,12A,Syllable Structure,Complex,Hewitt-1979,
12A-eve,eve,Evenki,12A,Syllable Structure,Moderately complex,Nedjalkov-1997;Bulatova-and-Grenoble-1999,
12A-kor,kor,Korean,12A,Syllable Structure,Moderately complex,Kim-1972;Martin-and-Lee-1969;Cho-1967;Kim-1986;Martin-1951;Martin-1954;Lee-1999,
12A-prs,prs,Persian,12A,Syllable Structure,Complex,Obolensky-et-al-1963;Majidi-and-Ternes-1999,
12A-ame,ame,Amele,12A,Syllable Structure,Moderately complex,Roberts-1987,
12A-ger,ger,German,12A,Syllable Structure,Complex,Moulton-1962;Wangler-1972;Kohler-1999,
12A-grk,grk,Greek (Modern),12A,Syllable Structure,Complex,Householder-et-al-1964,
12A-lez,lez,Lezgian,12A,Syllable Structure,Complex,Haspelmath-1993;Kodzasov-1990a,
12A-jpn,jpn,Japanese,12A,Syllable Structure,Moderately complex,Jorden-1963;Shibatani-1990;Bloch-1950;Martin-1952,
12A-mnd,mnd,Mandarin,12A,Syllable Structure,Moderately complex,Dow-1972;Chao-1968;Hanyu-1960;Cheng-1973a,
12A-hun,hun,Hungarian,12A,Syllable Structure,Complex,Banhidi-et-al-1965;Hall-1944;Szende-1999,
12A-ind,ind,Indonesian,12A,Syllable Structure,Complex,Alwi-et-al-1998,
12A-fin,fin,Finnish,12A,Syllable Structure,Moderately complex,Wiik-1965;Lehtinen-1970;Harms-1964,
12A-rus,rus,Russian,12A,Syllable Structure,Complex,Halle-1959;Jones-and-Ward-1969,
12A-spa,spa,Spanish,12A,Syllable Structure,Moderately complex,Harris-1969a;Navarro-1961;Saporta-and-Contreras-1962,
12A-tur,tur,Turkish,12A,Syllable Structure,Moderately complex,Zimmer-and-Orgun-1999,
12A-fre,fre,French,12A,Syllable Structure,Complex,Sten-1963;Fougeron-and-Smith-1999,
12A-eng,eng,English,12A,Syllable Structure,Complex,Gimson-1970,
12A-ndy,ndy,Ndyuka,12A,Syllable Structure,Moderately complex,Huttar-and-Huttar-1972;Huttar-and-Huttar-1994,
