ID,Language_ID,Language_name,Parameter_ID,Parameter_name,Value,Source,Comment
19A-kgi,kgi,Konyagi,19A,Presence of Uncommon Consonants,None,Santos-1977,
19A-cve,cve,Chuave,19A,Presence of Uncommon Consonants,None,Thurman-1970,
19A-nbk,nbk,Natügu,19A,Presence of Uncommon Consonants,None,Wurm-1972b,
19A-ach,ach,Aché,19A,Presence of Uncommon Consonants,None,Susnik-1974,
19A-aiz,aiz,Aizi,19A,Presence of Uncommon Consonants,Labial-velars,Herault-1971,
19A-brb,brb,Bariba,19A,Presence of Uncommon Consonants,Labial-velars,Welmers-1952a,
19A-koh,koh,Kohumono,19A,Presence of Uncommon Consonants,Labial-velars,Cook-1969b,
19A-mrn,mrn,Maranao,19A,Presence of Uncommon Consonants,None,McKaughan-1958;McKaughan-and-Macaraya-1967,
19A-mxm,mxm,Mixtec (Molinos),19A,Presence of Uncommon Consonants,'Th' sounds,Hunter-and-Pike-1969,
19A-sab,sab,Sa'ban,19A,Presence of Uncommon Consonants,None,Clayre-1973,
19A-tks,tks,Teke (Southern),19A,Presence of Uncommon Consonants,None,Paulian-1975,
19A-wdo,wdo,Western Desert (Ooldea),19A,Presence of Uncommon Consonants,None,Douglas-1955;Douglas-1964,
19A-wuc,wuc,Wu (Changzhou),19A,Presence of Uncommon Consonants,None,Chao-1970,
19A-ald,ald,Alladian,19A,Presence of Uncommon Consonants,Labial-velars,Dumestre-and-Duponchel-1971;Duponchel-1971,
19A-bki,bki,Bakairí,19A,Presence of Uncommon Consonants,None,Wheatley-1969;Wheatley-1973,
19A-brd,brd,Bardi,19A,Presence of Uncommon Consonants,None,Metcalfe-1971,
19A-bee,bee,Beembe,19A,Presence of Uncommon Consonants,None,Jacquot-1962;Jacquot-1981,
19A-bbf,bbf,Bobo Madaré (Northern),19A,Presence of Uncommon Consonants,Labial-velars,Morse-1976;Bris-and-Prost-1981,
19A-brw,brw,Bru (Western),19A,Presence of Uncommon Consonants,None,Thongkum-1979,
19A-cad,cad,Caddo,19A,Presence of Uncommon Consonants,None,Chafe-1976;Chafe-1979,
19A-dad,dad,Dadibi,19A,Presence of Uncommon Consonants,None,MacDonald-1973,
19A-ddf,ddf,Daju (Dar Fur),19A,Presence of Uncommon Consonants,None,Thelwall-1981;Tucker-and-Bryan-1966,
19A-dnw,dnw,Dangaléat (Western),19A,Presence of Uncommon Consonants,None,Fedry-1977,
19A-dar,dar,Darai,19A,Presence of Uncommon Consonants,None,Kotapish-and-Kotapish-1973;Kotapish-and-Kotapish-1975,
19A-det,det,Deti,19A,Presence of Uncommon Consonants,Clicks,Vossen-1997,
19A-dts,dts,Toro So,19A,Presence of Uncommon Consonants,'Th' sounds,Bendor-Samuel-et-al-1989;Plungian-1995,
19A-fuz,fuz,Fuzhou,19A,Presence of Uncommon Consonants,None,Chan-1985;Chen-and-Norman-1965;Hanyu-1960;Norman-1988,
19A-gla,gla,Gelao,19A,Presence of Uncommon Consonants,None,He-1981;He-1983,
19A-had,had,Hadza,19A,Presence of Uncommon Consonants,Clicks,Sands-et-al-1996;Tucker-et-al-1977,
19A-hba,hba,Hebrew (Modern Ashkenazic),19A,Presence of Uncommon Consonants,None,Bolozky-1978;Bolozky-1997,
19A-ird,ird,Irish (Donegal),19A,Presence of Uncommon Consonants,None,Ni-Chasaide-1999;O-Dochartaigh-1992,
19A-iso,iso,Isoko,19A,Presence of Uncommon Consonants,Labial-velars,Donwa-1982,
19A-ivs,ivs,Ivatan (Southern),19A,Presence of Uncommon Consonants,None,Cottle-and-Cottle-1958;Heye-and-Hidalgo-1967;Hidalgo-and-Hidalgo-1971,
19A-jpr,jpr,Japreria,19A,Presence of Uncommon Consonants,None,Durbin-and-Seijas-1972,
19A-jom,jom,Jomang,19A,Presence of Uncommon Consonants,None,Schadeberg-1981a,
19A-kzh,kzh,Kam (Zhanglu),19A,Presence of Uncommon Consonants,None,Zheng-and-Quan-1988,
19A-ked,ked,Kedang,19A,Presence of Uncommon Consonants,None,Korner-1985;Samely-1991,
19A-kss,kss,Kisi (Southern),19A,Presence of Uncommon Consonants,Labial-velars,Childs-1995,
19A-kpa,kpa,Kpan,19A,Presence of Uncommon Consonants,Labial-velars,Shimizu-1971,
19A-lkk,lkk,Lakkia,19A,Presence of Uncommon Consonants,'Th' sounds,Haudricourt-1967;Solnit-1988,
19A-lam,lam,Lamé,19A,Presence of Uncommon Consonants,None,Sachnine-1982,
19A-lua,lua,Lua,19A,Presence of Uncommon Consonants,None,Boyeldieu-1985,
19A-mya,mya,Ma'ya,19A,Presence of Uncommon Consonants,None,Remijsen-2001;van-der-Leeden-1993,
19A-nkt,nkt,Nyah Kur (Tha Pong),19A,Presence of Uncommon Consonants,None,Thongkum-1982;Thongkum-1984;Diffloth-1984,
19A-nyg,nyg,Nyangi,19A,Presence of Uncommon Consonants,None,Heine-1975a,
19A-ogb,ogb,Ogbia,19A,Presence of Uncommon Consonants,Labial-velars,Williamson-1970;Williamson-1972,
19A-puk,puk,Parauk,19A,Presence of Uncommon Consonants,None,Qiu-et-al-1980;Maddieson-and-Ladefoged-1985;Diffloth-1980,
19A-phl,phl,Phlong,19A,Presence of Uncommon Consonants,None,Cooke-et-al-1976,
19A-poa,poa,Po-Ai,19A,Presence of Uncommon Consonants,None,,
19A-rsc,rsc,Romansch (Scharans),19A,Presence of Uncommon Consonants,None,Soler-and-Ebneter-1988,
19A-rtk,rtk,Rotokas,19A,Presence of Uncommon Consonants,'Th' sounds,Firchow-and-Firchow-1969;Firchow-et-al-1973,
19A-scs,scs,Saami (Central-South),19A,Presence of Uncommon Consonants,None,Kert-1971;Hasselbrink-1965,
19A-svs,svs,Savosavo,19A,Presence of Uncommon Consonants,None,Todd-1975,
19A-sui,sui,Sui,19A,Presence of Uncommon Consonants,None,Li-1948,
19A-tmp,tmp,Tampulma,19A,Presence of Uncommon Consonants,Labial-velars,Bergman-et-al-1969,
19A-tok,tok,Tarok,19A,Presence of Uncommon Consonants,Labial-velars,Robinson-1976,
19A-tza,tza,Tzeltal (Aguacatenango),19A,Presence of Uncommon Consonants,None,Kaufman-1971,
19A-umb,umb,UMbundu,19A,Presence of Uncommon Consonants,None,Schadeberg-1982;Schadeberg-1990,
19A-wnt,wnt,Wantoat,19A,Presence of Uncommon Consonants,None,Davis-1969,
19A-wps,wps,Wapishana,19A,Presence of Uncommon Consonants,None,Tracy-1972,
19A-xia,xia,Xiamen,19A,Presence of Uncommon Consonants,None,Hanyu-1960;Ramsey-1987;Norman-1988,
19A-aik,aik,Aikaná,19A,Presence of Uncommon Consonants,None,Hanke-1956;Aikhenvald-and-Dixon-1999[362-363],
19A-akw,akw,Akawaio,19A,Presence of Uncommon Consonants,None,Edwards-1978,
19A-aea,aea,Aleut (Eastern),19A,Presence of Uncommon Consonants,'Th' sounds,Cho-et-al-1997;Jacobson-1944;Menovshchikov-1968;Rozelle-1997;Bergsland-1994;Bergsland-1956;Bergsland-1959,
19A-chu,chu,Chulupí,19A,Presence of Uncommon Consonants,None,Stell-1972,
19A-fef,fef,Fe'fe',19A,Presence of Uncommon Consonants,None,Hyman-1972,
19A-kef,kef,Kefa,19A,Presence of Uncommon Consonants,None,Fleming-1976,
19A-ktk,ktk,Kotoko,19A,Presence of Uncommon Consonants,Labial-velars,Bouny-1977,
19A-lu,lu,Lü,19A,Presence of Uncommon Consonants,None,Li-1964;Morev-1978,
19A-nap,nap,Neo-Aramaic (Persian Azerbaijan),19A,Presence of Uncommon Consonants,None,Garbell-1965,
19A-orm,orm,Ormuri,19A,Presence of Uncommon Consonants,None,Efimov-1986,
19A-snd,snd,Senadi,19A,Presence of Uncommon Consonants,Labial-velars,Welmers-1950,
19A-wrs,wrs,Waris,19A,Presence of Uncommon Consonants,None,Brown-1988b,
19A-byu,byu,Bandjalang (Yugumbir),19A,Presence of Uncommon Consonants,None,Cunningham-1969,
19A-bno,bno,Waimaha,19A,Presence of Uncommon Consonants,None,Stolte-and-Stolte-1971,
19A-bis,bis,Bisa,19A,Presence of Uncommon Consonants,None,Naden-1973,
19A-cac,cac,Cacua,19A,Presence of Uncommon Consonants,None,Cathcart-1979;Anderton-1989,
19A-iwm,iwm,Iwam,19A,Presence of Uncommon Consonants,None,Laycock-1965b,
19A-jeh,jeh,Jeh,19A,Presence of Uncommon Consonants,None,Gradin-1966;Gradin-and-Gradin-1979;Cohen-1966,
19A-kek,kek,K'ekchí,19A,Presence of Uncommon Consonants,None,Freeze-1975;Haeseriju-1966,
19A-kul,kul,Kullo,19A,Presence of Uncommon Consonants,None,Allan-1976a,
19A-max,max,Maxakalí,19A,Presence of Uncommon Consonants,None,Gudschinsky-et-al-1970,
19A-mtp,mtp,Mixe (Totontepec),19A,Presence of Uncommon Consonants,None,Crawford-1963;Schoenhals-and-Schoenhals-1965,
19A-toa,toa,Toaripi,19A,Presence of Uncommon Consonants,None,Brown-1973,
19A-yey,yey,Yeyi,19A,Presence of Uncommon Consonants,Clicks,Gowlett-1997,
19A-agh,agh,Aghem,19A,Presence of Uncommon Consonants,Labial-velars,Hyman-1979,
19A-aht,aht,Ahtna,19A,Presence of Uncommon Consonants,None,Kari-1990,
19A-eya,eya,Eyak,19A,Presence of Uncommon Consonants,None,Krauss-1965,
19A-kly,kly,Kala Lagaw Ya,19A,Presence of Uncommon Consonants,None,Kennedy-1981;Wurm-1972a,
19A-kot,kot,Kota,19A,Presence of Uncommon Consonants,None,Emeneau-1944,
19A-lus,lus,Lushootseed,19A,Presence of Uncommon Consonants,None,Bates-et-al-1994,
19A-nob,nob,Nobiin,19A,Presence of Uncommon Consonants,None,Bell-1968;Bell-1971;Werner-1987,
19A-pac,pac,Pacoh,19A,Presence of Uncommon Consonants,None,Watson-1964,
19A-qco,qco,Quechua (Cochabamba),19A,Presence of Uncommon Consonants,'Th' sounds,Lastra-1968,
19A-ror,ror,Roro,19A,Presence of Uncommon Consonants,None,Bluhme-1970;Davis-1974,
19A-soq,soq,Soqotri,19A,Presence of Uncommon Consonants,Pharyngeals,Johnstone-1975;Leslau-1938,
19A-ant,ant,Angaatiha,19A,Presence of Uncommon Consonants,None,Huisman-1973;Huisman-and-Lloyd-1981;Huisman-et-al-1981,
19A-bng,bng,Baining,19A,Presence of Uncommon Consonants,None,Parker-and-Parker-1974,
19A-cck,cck,Chickasaw,19A,Presence of Uncommon Consonants,None,Gordon-et-al-2000;Munro-et-al-2002,
19A-cof,cof,Cofán,19A,Presence of Uncommon Consonants,None,Borman-1962,
19A-dah,dah,Dahalo,19A,Presence of Uncommon Consonants,"Clicks, pharyngeals, and 'th'",Maddieson-et-al-1993;Nurse-1986;Tucker-et-al-1977,
19A-eja,eja,Ejagham,19A,Presence of Uncommon Consonants,Labial-velars,Watters-1981,
19A-ghb,ghb,Guahibo,19A,Presence of Uncommon Consonants,None,Kondo-and-Kondo-1967,
19A-kal,kal,Kalami,19A,Presence of Uncommon Consonants,None,Baart-1997,
19A-kkn,kkn,Konkani,19A,Presence of Uncommon Consonants,None,Madtha-1984;Gajendragadkar-1970;Major-1979,
19A-kur,kur,Kurukh,19A,Presence of Uncommon Consonants,None,Pfeiffer-1972;Pinnow-1964,
19A-sha,sha,Shan,19A,Presence of Uncommon Consonants,None,Chao-1951;Chan-1980;Cheng-1973b,
19A-tsg,tsg,Tausug,19A,Presence of Uncommon Consonants,None,Ashley-1963,
19A-try,try,Tiruray,19A,Presence of Uncommon Consonants,None,Schlegel-1971;Post-1966,
19A-uzn,uzn,Uzbek (Northern),19A,Presence of Uncommon Consonants,None,Sjoberg-1963;Sjoberg-1962,
19A-adz,adz,Adzera,19A,Presence of Uncommon Consonants,None,Holzknecht-1973,
19A-amz,amz,Amuzgo,19A,Presence of Uncommon Consonants,None,Bauernschmidt-1965;Longacre-1966,
19A-cil,cil,CiLuba,19A,Presence of Uncommon Consonants,None,de-Schryver-1999,
19A-gmb,gmb,Guambiano,19A,Presence of Uncommon Consonants,None,Branks-and-Branks-1973;Caudmont-1954,
19A-maz,maz,Mazahua,19A,Presence of Uncommon Consonants,None,Spotts-1953,
19A-nax,nax,Naxi,19A,Presence of Uncommon Consonants,None,Jiang-1985;Bradley-1975;Jiang-1980,
19A-pnr,pnr,Panare,19A,Presence of Uncommon Consonants,None,Payne-1990b;Cauty-1974a;Cauty-1974b;Cauty-1978,
19A-sdh,sdh,Sindhi,19A,Presence of Uncommon Consonants,None,Nihalani-1999,
19A-tpa,tpa,Totonac (Papantla),19A,Presence of Uncommon Consonants,None,Aschmann-1946,
19A-bet,bet,Bété,19A,Presence of Uncommon Consonants,Labial-velars,Werle-and-Gbalehi-1976,
19A-mov,mov,Movima,19A,Presence of Uncommon Consonants,None,Judy-and-Judy-1962b;Aikhenvald-and-Dixon-1999,
19A-nim,nim,Nimboran,19A,Presence of Uncommon Consonants,None,Anceaux-1965,
19A-teh,teh,Tehuelche,19A,Presence of Uncommon Consonants,None,Fernandez-Garay-1998,
19A-yan,yan,Yana,19A,Presence of Uncommon Consonants,None,Sapir-and-Swadesh-1960,
19A-yaw,yaw,Yawa,19A,Presence of Uncommon Consonants,None,Jones-1986b,
19A-khr,khr,Kharia,19A,Presence of Uncommon Consonants,None,Biligiri-1965;Pinnow-1959,
19A-mla,mla,Mambila,19A,Presence of Uncommon Consonants,None,Connell-2000;Perrin-and-Hill-1969,
19A-mbb,mbb,Mbabaram,19A,Presence of Uncommon Consonants,None,Dixon-1966a;Dixon-1966b,
19A-arb,arb,Arabela,19A,Presence of Uncommon Consonants,None,Rich-1963,
19A-awn,awn,Awngi,19A,Presence of Uncommon Consonants,None,Hetzron-1969;Hetzron-1976,
19A-chl,chl,Chehalis (Upper),19A,Presence of Uncommon Consonants,None,Kinkade-1963,
19A-kla,kla,Klao,19A,Presence of Uncommon Consonants,Labial-velars,Singler-1979,
19A-kun,kun,Kuna,19A,Presence of Uncommon Consonants,None,Baptista-and-Wallin-1974;Sherzer-1983,
19A-oca,oca,Ocaina,19A,Presence of Uncommon Consonants,None,Agnew-and-Pike-1957;Aschmann-1993,
19A-sba,sba,Sáliba (in Colombia),19A,Presence of Uncommon Consonants,None,Benaissa-1979,
19A-irx,irx,Iranxe,19A,Presence of Uncommon Consonants,None,Meader-1967,
19A-kad,kad,Kadugli,19A,Presence of Uncommon Consonants,None,Abdalla-1973;Matsushita-1984,
19A-sor,sor,Sora,19A,Presence of Uncommon Consonants,None,Ramamurti-1986,
19A-ycn,ycn,Yucuna,19A,Presence of Uncommon Consonants,None,Schauer-and-Schauer-1967,
19A-shs,shs,Shasta,19A,Presence of Uncommon Consonants,None,Silver-1966;Silver-1964,
19A-tso,tso,Tsou,19A,Presence of Uncommon Consonants,None,Tung-1964;Wright-and-Ladefoged-1994,
19A-yct,yct,Yucatec,19A,Presence of Uncommon Consonants,None,Straight-1976,
19A-der,der,Dla (Proper),19A,Presence of Uncommon Consonants,None,Voorhoeve-1971,
19A-gan,gan,Great Andamanese,19A,Presence of Uncommon Consonants,None,Yadav-nd,
19A-sdw,sdw,Sandawe,19A,Presence of Uncommon Consonants,Clicks,Maddieson-et-al-1999;Tucker-et-al-1977;Kagaya-1993;Dempwolff-1916;Elderkin-1982,
19A-tug,tug,Tuareg (Ahaggar),19A,Presence of Uncommon Consonants,None,Prasse-1972;Louali-Reynal-et-al-1997,
19A-abm,abm,Alabama,19A,Presence of Uncommon Consonants,None,Rand-1968,
19A-cam,cam,Camsá,19A,Presence of Uncommon Consonants,None,Howard-1967;Howard-1972;Mongui-Sanchez-1981,
19A-hmr,hmr,Hamer,19A,Presence of Uncommon Consonants,None,Lydall-1976,
19A-seb,seb,Sebei,19A,Presence of Uncommon Consonants,None,Montgomery-1970,
19A-yay,yay,Yay,19A,Presence of Uncommon Consonants,'Th' sounds,Gedney-1965,
19A-bra,bra,Brao,19A,Presence of Uncommon Consonants,Pharyngeals,Keller-1976,
19A-hak,hak,Hakka,19A,Presence of Uncommon Consonants,None,Hashimoto-1973,
19A-mui,mui,Muinane,19A,Presence of Uncommon Consonants,None,Walton-and-Walton-1967;Aschmann-1993,
19A-nai,nai,Nanai,19A,Presence of Uncommon Consonants,None,Avrorin-1968,
19A-tma,tma,Tama,19A,Presence of Uncommon Consonants,Pharyngeals,Tucker-and-Bryan-1966,
19A-tmn,tmn,Temein,19A,Presence of Uncommon Consonants,None,Tucker-and-Bryan-1966,
19A-yny,yny,Yanyuwa,19A,Presence of Uncommon Consonants,None,Kirton-1967;Kirton-and-Charlie-1978;Huttar-and-Kirton-1981,
19A-efi,efi,Efik,19A,Presence of Uncommon Consonants,Labial-velars,Cook-1969a,
19A-ga,ga,Gã,19A,Presence of Uncommon Consonants,Labial-velars,Berry-nd;Kropp-1987,
19A-ign,ign,Ignaciano,19A,Presence of Uncommon Consonants,None,Ott-and-Ott-1967a,
19A-mog,mog,Moghol,19A,Presence of Uncommon Consonants,None,Weiers-1971,
19A-mor,mor,Mor,19A,Presence of Uncommon Consonants,None,Laycock-1978,
19A-woi,woi,Woisika,19A,Presence of Uncommon Consonants,None,Stokhof-1979,
19A-adk,adk,Andoke,19A,Presence of Uncommon Consonants,None,Landaburu-1979,
19A-ful,ful,Fulniô,19A,Presence of Uncommon Consonants,None,Lapenda-1968,
19A-ito,ito,Itonama,19A,Presence of Uncommon Consonants,None,Liccardi-and-Grimes-1968,
19A-jav,jav,Javanese,19A,Presence of Uncommon Consonants,None,Fagan-1988;Herrfurth-1964;Horne-1961;Uhlenbeck-1963,
19A-koi,koi,Koiari,19A,Presence of Uncommon Consonants,None,Dutton-1969;Dutton-1996,
19A-mzc,mzc,Mazatec (Chiquihuitlán),19A,Presence of Uncommon Consonants,None,Jamieson-1976a;Jamieson-1976b,
19A-mba,mba,Mba,19A,Presence of Uncommon Consonants,Labial-velars,Pasch-1986,
19A-nnc,nnc,Nancowry,19A,Presence of Uncommon Consonants,None,Das-1977;Radhakrishnan-1981,
19A-amo,amo,Amo,19A,Presence of Uncommon Consonants,Labial-velars,Di-Luzio-1972;Anderson-1980,
19A-amu,amu,Yanesha',19A,Presence of Uncommon Consonants,None,Wise-1958;Fast-1953,
19A-bua,bua,Burarra,19A,Presence of Uncommon Consonants,None,Glasgow-and-Glasgow-1967,
19A-chw,chw,Cham (Western),19A,Presence of Uncommon Consonants,None,Blood-1967;Edmondson-and-Gregerson-1993,
19A-fas,fas,Fasu,19A,Presence of Uncommon Consonants,None,Loeweke-and-May-1964,
19A-nyi,nyi,Nyimang,19A,Presence of Uncommon Consonants,None,Stevenson-1957;Tucker-and-Bryan-1966,
19A-sin,sin,Siona,19A,Presence of Uncommon Consonants,None,Wheeler-and-Wheeler-1962,
19A-tul,tul,Tulu,19A,Presence of Uncommon Consonants,None,Bhat-1967,
19A-baj,baj,Bajau (Sama),19A,Presence of Uncommon Consonants,None,Verheijen-1986,
19A-gds,gds,Gadsup,19A,Presence of Uncommon Consonants,None,Frantz-and-Frantz-1966,
19A-igs,igs,Ingessana,19A,Presence of Uncommon Consonants,'Th' sounds,Crewe-1975;Tucker-and-Bryan-1966,
19A-kpe,kpe,Kpelle,19A,Presence of Uncommon Consonants,Labial-velars,Hyman-1973;Welmers-1973;Welmers-1962,
19A-mbm,mbm,Mbum,19A,Presence of Uncommon Consonants,Labial-velars,Hagege-1970,
19A-tic,tic,Ticuna,19A,Presence of Uncommon Consonants,None,Anderson-1962;Anderson-1959,
19A-wry,wry,Waray (in Australia),19A,Presence of Uncommon Consonants,None,Harvey-1986,
19A-wmu,wmu,Wik Munkan,19A,Presence of Uncommon Consonants,None,McConnel-1945;Sayers-and-Godfrey-1964,
19A-paw,paw,Pawaian,19A,Presence of Uncommon Consonants,None,MacDonald-1973;Trefry-1972,
19A-pec,pec,Pech,19A,Presence of Uncommon Consonants,None,Holt-1999b;Holt-1986,
19A-twn,twn,Tiwa (Northern),19A,Presence of Uncommon Consonants,None,Trager-1971;Hoijer-and-Dozier-1949,
19A-kom,kom,Komo,19A,Presence of Uncommon Consonants,None,Tucker-and-Bryan-1966,
19A-kmp,kmp,Kunimaipa,19A,Presence of Uncommon Consonants,None,Pence-1966,
19A-llm,llm,Lelemi,19A,Presence of Uncommon Consonants,Labial-velars,Hoftmann-1971,
19A-nis,nis,Nyishi,19A,Presence of Uncommon Consonants,None,Namkung-1996;Ray-1967,
19A-rut,rut,Rutul,19A,Presence of Uncommon Consonants,Pharyngeals,Kodzasov-1990b;Dzhejranishvili-1967;Ibragimov-1978,
19A-yar,yar,Yareba,19A,Presence of Uncommon Consonants,None,Weimer-and-Weimer-1972,
19A-yes,yes,Yessan-Mayo,19A,Presence of Uncommon Consonants,None,Foreman-and-Marten-1973,
19A-yus,yus,Yupik (Siberian),19A,Presence of Uncommon Consonants,None,Krauss-1975,
19A-cti,cti,Chin (Tiddim),19A,Presence of Uncommon Consonants,None,Henderson-1965,
19A-xoo,xoo,!Xóõ,19A,Presence of Uncommon Consonants,Clicks,Traill-1985;Traill-1994,
19A-yul,yul,Yulu,19A,Presence of Uncommon Consonants,Labial-velars,Boyeldieu-1987,
19A-kng,kng,Kaingang,19A,Presence of Uncommon Consonants,None,Henry-1935;Wiesemann-1972;Kindell-1972,
19A-ndt,ndt,Ndut,19A,Presence of Uncommon Consonants,None,Gueye-1986,
19A-nga,nga,Nganasan,19A,Presence of Uncommon Consonants,'Th' sounds,Tereshchenko-1979;Castren-1966;Tereshchenko-1966c,
19A-ytu,ytu,Yukaghir (Tundra),19A,Presence of Uncommon Consonants,None,Krejnovich-1968c;Krejnovich-1958,
19A-amc,amc,Amahuaca,19A,Presence of Uncommon Consonants,'Th' sounds,Osborn-1948,
19A-bai,bai,Bai,19A,Presence of Uncommon Consonants,None,Dell-1981,
19A-cay,cay,Cayapa,19A,Presence of Uncommon Consonants,None,Lindskoog-and-Brend-1962,
19A-chp,chp,Chipewyan,19A,Presence of Uncommon Consonants,'Th' sounds,Li-1932;Li-1933;Li-1946,
19A-kry,kry,Koryak,19A,Presence of Uncommon Consonants,None,Zhukova-1980,
19A-acm,acm,Achumawi,19A,Presence of Uncommon Consonants,None,Olmsted-1964;Olmsted-1966,
19A-anc,anc,Angas,19A,Presence of Uncommon Consonants,None,Burquest-1971,
19A-api,api,Apinayé,19A,Presence of Uncommon Consonants,None,Burgess-and-Ham-1968,
19A-bod,bod,Bodo,19A,Presence of Uncommon Consonants,None,Bhat-1968,
19A-chq,chq,Chinantec (Quiotepec),19A,Presence of Uncommon Consonants,'Th' sounds,Robbins-1961;Robbins-1968,
19A-dan,dan,Dan,19A,Presence of Uncommon Consonants,Labial-velars,Bearth-and-Zemp-1967,
19A-diz,diz,Dizi,19A,Presence of Uncommon Consonants,None,Allan-1976b,
19A-irr,irr,Irarutu,19A,Presence of Uncommon Consonants,None,Voorhoeve-1989,
19A-koy,koy,Koya,19A,Presence of Uncommon Consonants,None,Tyler-1969,
19A-mie,mie,Mien,19A,Presence of Uncommon Consonants,None,Purnell-1965;Mao-et-al-1982,
19A-slp,slp,Selepet,19A,Presence of Uncommon Consonants,None,McElhanon-1970c;McElhanon-1970b,
19A-shi,shi,Shiriana,19A,Presence of Uncommon Consonants,None,Migliazza-and-Grimes-1961,
19A-tol,tol,Tol,19A,Presence of Uncommon Consonants,None,Fleming-and-Dennis-1977;Holt-1999a,
19A-ani,ani,//Ani,19A,Presence of Uncommon Consonants,Clicks,Vossen-1986;Vossen-1997,
19A-ccp,ccp,Cocopa,19A,Presence of Uncommon Consonants,None,Crawford-1966[13],
19A-hum,hum,Huitoto (Murui),19A,Presence of Uncommon Consonants,'Th' sounds,Burtch-1983;Petersen-de-Pineros-1994;Aschmann-1993;Minor-et-al-1982,
19A-jiv,jiv,Jivaro,19A,Presence of Uncommon Consonants,None,Beasley-and-Pike-1957,
19A-kzy,kzy,Komi-Zyrian,19A,Presence of Uncommon Consonants,None,Lytkin-1966b;Bubrix-1949,
19A-nhn,nhn,Nahuatl (North Puebla),19A,Presence of Uncommon Consonants,None,Brockway-1963,
19A-sre,sre,Sre,19A,Presence of Uncommon Consonants,None,Manley-1972,
19A-gwa,gwa,Gwari,19A,Presence of Uncommon Consonants,Labial-velars,Hyman-and-Magaji-1970,
19A-kws,kws,Kawaiisu,19A,Presence of Uncommon Consonants,None,Zigmond-et-al-1990-1991,
19A-kgz,kgz,Kirghiz,19A,Presence of Uncommon Consonants,None,Herbert-and-Poppe-1963;Junusaliev-1966,
19A-kiw,kiw,Kiwai,19A,Presence of Uncommon Consonants,None,Wurm-1977,
19A-kwo,kwo,Kwoma,19A,Presence of Uncommon Consonants,None,Kooyers-et-al-1971,
19A-mnc,mnc,Manchu,19A,Presence of Uncommon Consonants,None,Austin-1962,
19A-non,non,Noni,19A,Presence of Uncommon Consonants,None,Hyman-1981b,
19A-bco,bco,Bella Coola,19A,Presence of Uncommon Consonants,None,Nater-1984;Newman-1947,
19A-ber,ber,Berta,19A,Presence of Uncommon Consonants,'Th' sounds,Triulzi-et-al-1976a,
19A-cso,cso,Chatino (Sierra Occidental),19A,Presence of Uncommon Consonants,None,Pride-1965,
19A-ewo,ewo,Ewondo,19A,Presence of Uncommon Consonants,Labial-velars,Abega-1970;Nnomo-and-Mbezele-1982;Redden-1979,
19A-ksg,ksg,Karen (Sgaw),19A,Presence of Uncommon Consonants,'Th' sounds,Jones-1961,
19A-kwk,kwk,Kwakw'ala,19A,Presence of Uncommon Consonants,None,Grubb-1977;Boas-1911a;Boas-1947;Newman-1950,
19A-ruk,ruk,Rukai (Tanan),19A,Presence of Uncommon Consonants,'Th' sounds,Li-1977b;Li-1973,
19A-wah,wah,Wahgi,19A,Presence of Uncommon Consonants,None,Phillips-1976;Ladefoged-et-al-1977,
19A-ata,ata,Atayal,19A,Presence of Uncommon Consonants,Pharyngeals,Egerod-1966b,
19A-aze,aze,Azerbaijani,19A,Presence of Uncommon Consonants,None,Householder-and-Lofti-1965,
19A-ben,ben,Bengali,19A,Presence of Uncommon Consonants,None,Ferguson-and-Chowdhury-1960;Klaiman-1990,
19A-iba,iba,Iban,19A,Presence of Uncommon Consonants,None,Omar-1981;Scott-1957,
19A-jeb,jeb,Jebero,19A,Presence of Uncommon Consonants,None,Bendor-Samuel-1961b,
19A-jng,jng,Jingpho,19A,Presence of Uncommon Consonants,None,Liu-1964,
19A-mme,mme,Mari (Meadow),19A,Presence of Uncommon Consonants,'Th' sounds,Ristinen-1960;Kovedjaeva-1966,
19A-mpa,mpa,Murrinh-Patha,19A,Presence of Uncommon Consonants,None,Street-and-Mollinjin-1981,
19A-new,new,Newari (Kathmandu),19A,Presence of Uncommon Consonants,None,Hale-and-Hale-1969;Manandhar-1986,
19A-kkv,kkv,Lusi,19A,Presence of Uncommon Consonants,None,Counts-1969,
19A-kya,kya,Kuku-Yalanji,19A,Presence of Uncommon Consonants,None,Oates-1964b;Oates-and-Oates-1964;Wurm-1972a,
19A-skp,skp,Selkup,19A,Presence of Uncommon Consonants,None,Prokofjeva-1966;Katz-1975b,
19A-ttu,ttu,Tsova-Tush,19A,Presence of Uncommon Consonants,Pharyngeals,Desheriev-1953,
19A-alw,alw,Alawa,19A,Presence of Uncommon Consonants,None,Sharpe-1972,
19A-ao,ao,Ao,19A,Presence of Uncommon Consonants,None,Gowda-1972;Gowda-1975,
19A-fye,fye,Fyem,19A,Presence of Uncommon Consonants,None,Nettle-1998,
19A-grr,grr,Garrwa,19A,Presence of Uncommon Consonants,None,Furby-1974,
19A-kgu,kgu,Kalkatungu,19A,Presence of Uncommon Consonants,None,Blake-1979b,
19A-mro,mro,Moro,19A,Presence of Uncommon Consonants,'Th' sounds,Black-and-Black-1971;Schadeberg-1981b,
19A-nar,nar,Nara (in Ethiopia),19A,Presence of Uncommon Consonants,None,Thompson-1976a;Bender-1968,
19A-tam,tam,Tamang (Eastern),19A,Presence of Uncommon Consonants,None,Mazaudon-1973,
19A-tib,tib,Tibetan (Standard Spoken),19A,Presence of Uncommon Consonants,None,Denwood-1999,
19A-tlp,tlp,Tlapanec,19A,Presence of Uncommon Consonants,None,Suarez-1983a,
19A-zan,zan,Zande,19A,Presence of Uncommon Consonants,Labial-velars,Tucker-and-Hackett-1959,
19A-dgb,dgb,Dagbani,19A,Presence of Uncommon Consonants,Labial-velars,Olawsky-1999;Wilson-and-Bendor-Samuel-1969,
19A-dum,dum,Dumo,19A,Presence of Uncommon Consonants,None,Ross-1980,
19A-nuu,nuu,Nuuchahnulth,19A,Presence of Uncommon Consonants,Pharyngeals,Stonham-1999;Carlson-et-al-2001,
19A-snh,snh,Sinhala,19A,Presence of Uncommon Consonants,None,Coates-and-da-Silva-1960,
19A-tas,tas,Tashlhiyt,19A,Presence of Uncommon Consonants,Pharyngeals,Applegate-1958,
19A-yel,yel,Yelî Dnye,19A,Presence of Uncommon Consonants,Labial-velars,,
19A-bto,bto,Batak (Toba),19A,Presence of Uncommon Consonants,None,van-der-Tuuk-1971,
19A-bir,bir,Birom,19A,Presence of Uncommon Consonants,Labial-velars,Bouquiaux-1970;Wolff-1959,
19A-din,din,Dinka,19A,Presence of Uncommon Consonants,None,Andersen-1987;Malou-1988,
19A-evn,evn,Even,19A,Presence of Uncommon Consonants,None,Novikova-1960;Novikova-1966,
19A-goa,goa,Goajiro,19A,Presence of Uncommon Consonants,None,Holmer-1949d;Mansen-1967,
19A-mgg,mgg,Mangghuer,19A,Presence of Uncommon Consonants,None,Todaeva-1973,
19A-oji,oji,Ojibwa (Eastern),19A,Presence of Uncommon Consonants,None,Bloomfield-1957,
19A-res,res,Resígaro,19A,Presence of Uncommon Consonants,None,Allin-1976,
19A-snc,snc,Seneca,19A,Presence of Uncommon Consonants,None,Chafe-1967,
19A-srn,srn,Sirionó,19A,Presence of Uncommon Consonants,None,Firestone-1965,
19A-che,che,Cherokee,19A,Presence of Uncommon Consonants,None,Bender-and-Harris-1946;Cook-1979;Walker-1975b,
19A-hup,hup,Hupa,19A,Presence of Uncommon Consonants,None,Golla-1970;Gordon-1996;Woodward-1964,
19A-ite,ite,Itelmen,19A,Presence of Uncommon Consonants,None,Volodin-1976,
19A-kab,kab,Kabardian,19A,Presence of Uncommon Consonants,"Pharyngeals and ""th""",Kuipers-1960,
19A-knk,knk,Kanakuru,19A,Presence of Uncommon Consonants,None,Newman-1974,
19A-kwa,kwa,Kwaio,19A,Presence of Uncommon Consonants,None,Keesing-1985,
19A-shu,shu,Shuswap,19A,Presence of Uncommon Consonants,None,Kuipers-1974,
19A-tne,tne,Temne,19A,Presence of Uncommon Consonants,Labial-velars,Wilson-1961a;Dalby-1966,
19A-ctl,ctl,Catalan,19A,Presence of Uncommon Consonants,None,Carbonell-and-Llisteri-1999,
19A-lui,lui,Luiseño,19A,Presence of Uncommon Consonants,None,Bright-1965a;Bright-1968;Hyde-1971;Kroeber-and-Grace-1960;Malecot-1963b,
19A-nmb,nmb,Nambikuára (Southern),19A,Presence of Uncommon Consonants,None,Kroeker-1972;Price-1976,
19A-nas,nas,Nasioi,19A,Presence of Uncommon Consonants,None,Hurd-and-Hurd-1966,
19A-hop,hop,Hopi,19A,Presence of Uncommon Consonants,None,Kluckhohn-and-MacLeish-1955;Voegelin-1956;Whorf-1946a,
19A-mum,mum,Mumuye,19A,Presence of Uncommon Consonants,Labial-velars,Shimizu-1983,
19A-tac,tac,Tacana,19A,Presence of Uncommon Consonants,'Th' sounds,Key-1968;Van-Wynen-and-Van-Wynen-1962,
19A-ter,ter,Tera,19A,Presence of Uncommon Consonants,None,Newman-1970,
19A-wma,wma,West Makian,19A,Presence of Uncommon Consonants,None,Voorhoeve-1982;Watuseke-1976,
19A-wiy,wiy,Wiyot,19A,Presence of Uncommon Consonants,None,Teeter-1964,
19A-brr,brr,Bororo,19A,Presence of Uncommon Consonants,None,Crowell-1979,
19A-djp,djp,Djapu,19A,Presence of Uncommon Consonants,None,Morphy-1983;Rose-et-al-1982,
19A-doy,doy,Doyayo,19A,Presence of Uncommon Consonants,Labial-velars,Wiering-1974,
19A-krd,krd,Kurdish (Central),19A,Presence of Uncommon Consonants,Pharyngeals,Abdulla-and-McCarus-1967;McCarus-1958,
19A-len,len,Lenakel,19A,Presence of Uncommon Consonants,None,Lynch-1978,
19A-qaw,qaw,Qawasqar,19A,Presence of Uncommon Consonants,None,Clairis-1977;Clairis-1985,
19A-ttn,ttn,Tetun,19A,Presence of Uncommon Consonants,None,Morris-1984,
19A-ygr,ygr,Yagaria,19A,Presence of Uncommon Consonants,None,Renck-1967;Renck-1975;Haiman-1980,
19A-cub,cub,Cubeo,19A,Presence of Uncommon Consonants,'Th' sounds,Morse-and-Maxwell-1999b;Salser-1971,
19A-dgr,dgr,Dagur,19A,Presence of Uncommon Consonants,None,Bao-1982,
19A-htc,htc,Huastec,19A,Presence of Uncommon Consonants,'Th' sounds,Larsen-and-Pike-1949;McQuown-1984;Peralta-1984,
19A-ik,ik,Ik,19A,Presence of Uncommon Consonants,None,Heine-1975b;Tucker-1971,
19A-nun,nun,Nung (in Vietnam),19A,Presence of Uncommon Consonants,None,Li-1977a,
19A-pae,pae,Páez,19A,Presence of Uncommon Consonants,None,Gerdel-1973;Gerdel-1985;Jung-1989,
19A-sed,sed,Sedang,19A,Presence of Uncommon Consonants,None,Smith-1968;Smith-1979,
19A-bsk,bsk,Bashkir,19A,Presence of Uncommon Consonants,'Th' sounds,Poppe-1964,
19A-mlk,mlk,Malakmalak,19A,Presence of Uncommon Consonants,None,Birk-1975;Tryon-1974,
19A-arc,arc,Archi,19A,Presence of Uncommon Consonants,Pharyngeals,Kodzasov-1977,
19A-ava,ava,Avar,19A,Presence of Uncommon Consonants,Pharyngeals,Charachidze-1981;Zhirkov-1936,
19A-gbb,gbb,Gbeya Bossangoa,19A,Presence of Uncommon Consonants,Labial-velars,Monino-and-Roulon-1972;Samarin-1966,
19A-ngz,ngz,Ngizim,19A,Presence of Uncommon Consonants,None,Schuh-1981,
19A-poh,poh,Pohnpeian,19A,Presence of Uncommon Consonants,None,Rehg-1981;Rehg-1984a;Rehg-1984b,
19A-hve,hve,Huave (San Mateo del Mar),19A,Presence of Uncommon Consonants,'Th' sounds,Stairs-Kreger-and-Scharfe-de-Stairs-1981;Suarez-1975,
19A-kty,kty,Khanty,19A,Presence of Uncommon Consonants,None,Gulya-1966;Nikolaeva-1999,
19A-tel,tel,Telugu,19A,Presence of Uncommon Consonants,None,Sastry-1972;Lisker-1963;Krishnamurti-1961;Kostic-et-al-1977;Kelley-1963,
19A-ykt,ykt,Yakut,19A,Presence of Uncommon Consonants,None,Krueger-1962;Bohtlingk-1964;Ubrjatova-1966,
19A-klm,klm,Klamath,19A,Presence of Uncommon Consonants,None,Barker-1964;Barker-1963a,
19A-nep,nep,Nepali,19A,Presence of Uncommon Consonants,None,Bandhu-et-al-1971,
19A-tgr,tgr,Tigré,19A,Presence of Uncommon Consonants,Pharyngeals,Palmer-1962;Klingenheben-1966,
19A-tuv,tuv,Tuvan,19A,Presence of Uncommon Consonants,None,Sat-1966;Anderson-and-Harrison-1999;Seglenmej-1979;Song-1982,
19A-nor,nor,Norwegian,19A,Presence of Uncommon Consonants,None,Vanvik-1972,
19A-qui,qui,Quileute,19A,Presence of Uncommon Consonants,None,Powell-1975;Hoard-1993,
19A-bre,bre,Breton,19A,Presence of Uncommon Consonants,None,Bothorel-1982;Ternes-1970,
19A-ijo,ijo,Ijo (Kolokuma),19A,Presence of Uncommon Consonants,Labial-velars,Williamson-1965,
19A-luo,luo,Luo,19A,Presence of Uncommon Consonants,None,Gregersen-1961,
19A-psh,psh,Pashto,19A,Presence of Uncommon Consonants,None,Penzl-1955;Grjunberg-1987;Shafeev-1964,
19A-sel,sel,Selknam,19A,Presence of Uncommon Consonants,None,Najlis-1973,
19A-wao,wao,Waorani,19A,Presence of Uncommon Consonants,None,Saint-and-Pike-1962,
19A-wap,wap,Wappo,19A,Presence of Uncommon Consonants,None,Sawyer-1965,
19A-win,win,Wintu,19A,Presence of Uncommon Consonants,None,Pitkin-1984;Schlichter-1981,
19A-akn,akn,Akan,19A,Presence of Uncommon Consonants,None,Ladefoged-1964;Dolphyne-1988;Schachter-and-Fromkin-1968;Stewart-1967;Welmers-1946,
19A-bri,bri,Bribri,19A,Presence of Uncommon Consonants,None,Arroyo-1972,
19A-cax,cax,Campa (Axininca),19A,Presence of Uncommon Consonants,None,Payne-1981;Dirks-1953,
19A-lug,lug,Lugbara,19A,Presence of Uncommon Consonants,Labial-velars,Crazzolara-1960;Anderson-1986;Tucker-and-Bryan-1966,
19A-maa,maa,Maasai,19A,Presence of Uncommon Consonants,None,Tucker-and-Bryan-1966;Tucker-and-Mpaayei-1955,
19A-yap,yap,Yapese,19A,Presence of Uncommon Consonants,'Th' sounds,Hsu-1969;Jensen-et-al-1977a,
19A-iaa,iaa,Iaai,19A,Presence of Uncommon Consonants,'Th' sounds,Haudricourt-1971;Maddieson-and-Anderson-1995;Ozanne-Rivierre-1976,
19A-jaq,jaq,Jaqaru,19A,Presence of Uncommon Consonants,None,Hardman-2000,
19A-tgk,tgk,Tigak,19A,Presence of Uncommon Consonants,None,Beaumont-1979,
19A-ton,ton,Tonkawa,19A,Presence of Uncommon Consonants,None,Hoijer-1946b;Hoijer-1949;Hoijer-1972,
19A-amp,amp,Arrernte (Mparntwe),19A,Presence of Uncommon Consonants,None,Henderson-1994,
19A-die,die,Diegueño (Mesa Grande),19A,Presence of Uncommon Consonants,None,Langdon-1970,
19A-diy,diy,Diyari,19A,Presence of Uncommon Consonants,None,Austin-1981,
19A-lak,lak,Lak,19A,Presence of Uncommon Consonants,Pharyngeals,Zhirkov-1955;Khajdakov-1966b;Murkelinskij-1967,
19A-mne,mne,Maidu (Northeast),19A,Presence of Uncommon Consonants,None,Shipley-1956;Shipley-1964,
19A-eka,eka,Ekari,19A,Presence of Uncommon Consonants,None,Steltenpool-1969;Doble-1987,
19A-ham,ham,Hamtai,19A,Presence of Uncommon Consonants,None,Healey-1981;Oates-and-Oates-1968,
19A-mrg,mrg,Margi,19A,Presence of Uncommon Consonants,None,Hoffmann-1963;Maddieson-1987,
19A-nan,nan,Nandi,19A,Presence of Uncommon Consonants,None,Creider-and-Creider-1989,
19A-mrd,mrd,Marind,19A,Presence of Uncommon Consonants,None,Drabbe-1955,
19A-abi,abi,Abipón,19A,Presence of Uncommon Consonants,None,Najlis-1966,
19A-mab,mab,Maba,19A,Presence of Uncommon Consonants,None,Tucker-and-Bryan-1966,
19A-wlf,wlf,Wolof,19A,Presence of Uncommon Consonants,None,Ward-1963;Manessy-and-Sauvageot-1963;Ka-1994;Sauvageot-1965,
19A-chv,chv,Chuvash,19A,Presence of Uncommon Consonants,None,Andreev-1966;Krueger-1961,
19A-kas,kas,Kashmiri,19A,Presence of Uncommon Consonants,None,Bhat-1987;Kelkar-and-Trisal-1964;Zakharin-1974;Zakharin-and-Edelman-1971,
19A-pur,pur,Purépecha,19A,Presence of Uncommon Consonants,None,Foster-1969;Chamereau-2000;de-Paul-1989,
19A-una,una,Una,19A,Presence of Uncommon Consonants,None,Louwerse-1988,
19A-dyi,dyi,Dyirbal,19A,Presence of Uncommon Consonants,None,Dixon-1972,
19A-haw,haw,Hawaiian,19A,Presence of Uncommon Consonants,None,Elbert-and-Pukui-1979;Pukui-and-Elbert-1965;Schutz-1981,
19A-kch,kch,Koyra Chiini,19A,Presence of Uncommon Consonants,None,Heath-1999b,
19A-lit,lit,Lithuanian,19A,Presence of Uncommon Consonants,None,Ambrazas-et-al-1966;Senn-1966;Augustitis-1964,
19A-ood,ood,O'odham,19A,Presence of Uncommon Consonants,None,Saxton-1963;Saxton-and-Saxton-1969;Hale-1959,
19A-rom,rom,Romanian,19A,Presence of Uncommon Consonants,None,Agard-1958;Ruhlen-1973;Tataru-1978,
19A-bul,bul,Bulgarian,19A,Presence of Uncommon Consonants,None,Scatton-1984;Ternes-and-Vladimirova-Buhtz-1999;Aronson-1968;Bidwell-1968;Klagstad-1958,
19A-lah,lah,Lahu,19A,Presence of Uncommon Consonants,None,Matisoff-1973;Matisoff-1988,
19A-yuc,yuc,Yuchi,19A,Presence of Uncommon Consonants,None,Crawford-1973;Ballard-1975,
19A-pso,pso,Pomo (Southeastern),19A,Presence of Uncommon Consonants,None,Moshinsky-1974,
19A-zun,zun,Zuni,19A,Presence of Uncommon Consonants,None,Walker-1972;Newman-1965,
19A-snt,snt,Sentani,19A,Presence of Uncommon Consonants,None,Cowan-1965,
19A-krb,krb,Kiribati,19A,Presence of Uncommon Consonants,None,Groves-et-al-1985,
19A-som,som,Somali,19A,Presence of Uncommon Consonants,Pharyngeals,Hyman-1981a;Cardona-1981;Farnetani-1981;Andrzejewsky-1955;Andrzejewsky-1956;Armstrong-1964,
19A-cnt,cnt,Cantonese,19A,Presence of Uncommon Consonants,None,Zee-1999,
19A-fur,fur,Fur,19A,Presence of Uncommon Consonants,None,Jakobi-1990;Tucker-and-Bryan-1966;Beaton-1968,
19A-pol,pol,Polish,19A,Presence of Uncommon Consonants,None,,
19A-ker,ker,Kera,19A,Presence of Uncommon Consonants,None,Ebert-1976;Ebert-1979,
19A-lad,lad,Ladakhi,19A,Presence of Uncommon Consonants,None,Koshal-1979,
19A-lep,lep,Lepcha,19A,Presence of Uncommon Consonants,None,Mainwaring-1898;Ju-1996;Mainwaring-1876,
19A-tli,tli,Tlingit,19A,Presence of Uncommon Consonants,None,Maddieson-et-al-2001,
19A-wam,wam,Wambaya,19A,Presence of Uncommon Consonants,None,Nordlinger-1998,
19A-alb,alb,Albanian,19A,Presence of Uncommon Consonants,'Th' sounds,Newmark-1957,
19A-bam,bam,Bambara,19A,Presence of Uncommon Consonants,None,Bird-et-al-1977,
19A-kyl,kyl,Kayah Li (Eastern),19A,Presence of Uncommon Consonants,None,Solnit-1997,
19A-nti,nti,Ngiti,19A,Presence of Uncommon Consonants,Labial-velars,Kutsch-Lojenga-1994,
19A-car,car,Carib,19A,Presence of Uncommon Consonants,None,Hoff-1968;Peasgood-1972,
19A-mak,mak,Makah,19A,Presence of Uncommon Consonants,None,Jacobsen-1999,
19A-tsi,tsi,Tsimshian (Coast),19A,Presence of Uncommon Consonants,None,Dunn-1970;Dunn-1979;Dunn-1995;Hoard-1978;Mulder-1988,
19A-tun,tun,Tunica,19A,Presence of Uncommon Consonants,None,Haas-1940,
19A-sue,sue,Suena,19A,Presence of Uncommon Consonants,None,Wilson-1969;Wilson-1974,
19A-mku,mku,Maranungku,19A,Presence of Uncommon Consonants,None,Tryon-1970b,
19A-mrl,mrl,Murle,19A,Presence of Uncommon Consonants,'Th' sounds,Arensen-1982;Yigezu-2001,
19A-psm,psm,Passamaquoddy-Maliseet,19A,Presence of Uncommon Consonants,None,Sherwood-1986;LeSourd-1993;Leavitt-1996,
19A-pit,pit,Pitjantjatjara,19A,Presence of Uncommon Consonants,None,Eckert-and-Hudson-1988;Glass-and-Hackett-1970,
19A-amh,amh,Amharic,19A,Presence of Uncommon Consonants,None,Hayward-and-Hayward-1999,
19A-ana,ana,Araona,19A,Presence of Uncommon Consonants,None,de-Pitman-1981,
19A-cyv,cyv,Cayuvava,19A,Presence of Uncommon Consonants,None,Key-1961;Key-1967,
19A-dio,dio,Diola-Fogny,19A,Presence of Uncommon Consonants,None,Sapir-1965,
19A-arm,arm,Armenian (Eastern),19A,Presence of Uncommon Consonants,None,Allen-1950,
19A-aym,aym,Aymara (Central),19A,Presence of Uncommon Consonants,None,Martin-1969,
19A-baw,baw,Bawm,19A,Presence of Uncommon Consonants,None,Reichle-1981,
19A-wrd,wrd,Wardaman,19A,Presence of Uncommon Consonants,None,Merlan-1994,
19A-hai,hai,Haida,19A,Presence of Uncommon Consonants,None,Sapir-1923,
19A-kmu,kmu,Khmu',19A,Presence of Uncommon Consonants,None,Svantesson-1983,
19A-usa,usa,Usan,19A,Presence of Uncommon Consonants,None,Reesink-1987,
19A-pai,pai,Paiwan,19A,Presence of Uncommon Consonants,None,Ho-1977;Ferrel-1982,
19A-ung,ung,Ungarinjin,19A,Presence of Uncommon Consonants,None,Coate-and-Oates-1970;Coate-and-Elkin-1974;Rumsey-1982,
19A-bej,bej,Beja,19A,Presence of Uncommon Consonants,None,Hudson-1974;Hudson-1976b,
19A-dre,dre,Drehu,19A,Presence of Uncommon Consonants,'Th' sounds,Moyse-Faurie-1983,
19A-gar,gar,Garo,19A,Presence of Uncommon Consonants,None,Burling-1961,
19A-pms,pms,Paamese,19A,Presence of Uncommon Consonants,None,Crowley-1982,
19A-mss,mss,Miwok (Southern Sierra),19A,Presence of Uncommon Consonants,None,Freeland-1951;Broadbent-1964,
19A-sml,sml,Semelai,19A,Presence of Uncommon Consonants,None,Kruspe-1999,
19A-yur,yur,Yurok,19A,Presence of Uncommon Consonants,None,Robins-1958,
19A-dag,dag,Daga,19A,Presence of Uncommon Consonants,None,Murane-1974,
19A-otm,otm,Otomí (Mezquital),19A,Presence of Uncommon Consonants,'Th' sounds,Hess-1968;Wallis-1968;Sinclair-and-Pike-1948,
19A-igb,igb,Igbo,19A,Presence of Uncommon Consonants,Labial-velars,Ikekeonwu-1999,
19A-nez,nez,Nez Perce,19A,Presence of Uncommon Consonants,None,Aoki-1994,
19A-brh,brh,Brahui,19A,Presence of Uncommon Consonants,None,Emeneau-1962;Emeneau-1937;De-Armond-1975,
19A-cah,cah,Cahuilla,19A,Presence of Uncommon Consonants,None,Seiler-1977;Sauvel-and-Munro-1981;Bright-1965b,
19A-cle,cle,Chinantec (Lealao),19A,Presence of Uncommon Consonants,None,Rupp-1989;Rupp-1990,
19A-knm,knm,Kunama,19A,Presence of Uncommon Consonants,None,Bender-1996,
19A-nav,nav,Navajo,19A,Presence of Uncommon Consonants,None,Young-and-Morgan-1972;Sapir-and-Hoijer-1967,
19A-zqc,zqc,Zoque (Copainalá),19A,Presence of Uncommon Consonants,None,Wonderly-1951a,
19A-bkr,bkr,Batak (Karo),19A,Presence of Uncommon Consonants,None,Woollams-1996,
19A-cmn,cmn,Comanche,19A,Presence of Uncommon Consonants,None,Charney-1993;Wistrand-Robinson-and-Armagost-1990,
19A-nko,nko,Nkore-Kiga,19A,Presence of Uncommon Consonants,None,Taylor-1985,
19A-squ,squ,Squamish,19A,Presence of Uncommon Consonants,Pharyngeals,Kuipers-1967,
19A-tru,tru,Trumai,19A,Presence of Uncommon Consonants,None,Monod-Becquelin-1975;Guirardello-1999b;Guirardello-1992,
19A-dni,dni,Dani (Lower Grand Valley),19A,Presence of Uncommon Consonants,None,Bromley-1961;van-der-Stap-1966,
19A-nen,nen,Nenets,19A,Presence of Uncommon Consonants,"Pharyngeals and ""th""",Ristinen-1968;Katz-1975a;Ristinen-1965;Hajdu-1963;Decsy-1966;Tereshchenko-1966a,
19A-urk,urk,Urubú-Kaapor,19A,Presence of Uncommon Consonants,None,Kakumasu-1986,
19A-coo,coo,Coos (Hanis),19A,Presence of Uncommon Consonants,None,Zenk-1990,
19A-cre,cre,Cree (Plains),19A,Presence of Uncommon Consonants,None,Dahlstrom-1991;Vinay-1992,
19A-nht,nht,Nahuatl (Tetelcingo),19A,Presence of Uncommon Consonants,None,Tuggy-1979,
19A-yim,yim,Yimas,19A,Presence of Uncommon Consonants,None,Foley-1991,
19A-ika,ika,Ika,19A,Presence of Uncommon Consonants,None,Frank-1990;Tracy-and-Tracy-1973,
19A-kse,kse,Koyraboro Senni,19A,Presence of Uncommon Consonants,None,Prost-1956;Williamson-1967,
19A-mun,mun,Mundari,19A,Presence of Uncommon Consonants,None,Gumperz-and-Bilibiri-1957;Sinha-1975;Pinnow-1959,
19A-yid,yid,Yidiny,19A,Presence of Uncommon Consonants,None,Dixon-1977a,
19A-krk,krk,Karok,19A,Presence of Uncommon Consonants,None,Bright-1957,
19A-tab,tab,Taba,19A,Presence of Uncommon Consonants,None,Bowden-and-Hajek-1999;Bowden-1997a,
19A-aco,aco,Acoma,19A,Presence of Uncommon Consonants,'Th' sounds,Miller-1966,
19A-pau,pau,Paumarí,19A,Presence of Uncommon Consonants,None,Chapman-1981;Chapman-and-Derbyshire-1991,
19A-arp,arp,Arapesh (Mountain),19A,Presence of Uncommon Consonants,None,Conrad-and-Wogiga-1991,
19A-ond,ond,Oneida,19A,Presence of Uncommon Consonants,None,Michelson-1988;Abbott-2000,
19A-asm,asm,Asmat,19A,Presence of Uncommon Consonants,None,Voorhoeve-1965,
19A-ewe,ewe,Ewe,19A,Presence of Uncommon Consonants,Labial-velars,Pasch-1995,
19A-grb,grb,Grebo,19A,Presence of Uncommon Consonants,Labial-velars,Innes-1966,
19A-hmo,hmo,Hmong Njua,19A,Presence of Uncommon Consonants,None,Harriehausen-1990;Lyman-1974;Purnell-1972;Smalley-1976;Wang-1983;Wang-1985,
19A-khs,khs,Khasi,19A,Presence of Uncommon Consonants,None,Rabel-1961,
19A-khm,khm,Khmer,19A,Presence of Uncommon Consonants,None,Ehrman-1972b;Huffman-1970a;Huffman-1970b;Jacob-1968,
19A-kio,kio,Kiowa,19A,Presence of Uncommon Consonants,None,Watkins-1984;Sivertsen-1956,
19A-wic,wic,Wichita,19A,Presence of Uncommon Consonants,None,Rood-1976,
19A-juh,juh,Ju|'hoan,19A,Presence of Uncommon Consonants,Clicks,Dickens-1994;Snyman-1970;Snyman-1975,
19A-klv,klv,Kilivila,19A,Presence of Uncommon Consonants,None,Senft-1986,
19A-nug,nug,Nunggubuyu,19A,Presence of Uncommon Consonants,None,Heath-1984;Hughes-and-Leeding-1971,
19A-irq,irq,Iraqw,19A,Presence of Uncommon Consonants,Pharyngeals,Maghway-1995;Mous-1993;Nordbustad-1988;Whiteley-1958,
19A-kew,kew,Kewa,19A,Presence of Uncommon Consonants,None,Franklin-and-Franklin-1962,
19A-snm,snm,Sanuma,19A,Presence of Uncommon Consonants,None,Borgman-1990;Aikhenvald-and-Dixon-1999,
19A-shk,shk,Shipibo-Konibo,19A,Presence of Uncommon Consonants,None,Loriot-et-al-1993;Valenzuela-et-al-2001,
19A-epe,epe,Epena Pedee,19A,Presence of Uncommon Consonants,None,Harms-1984;Harms-1985;Harms-1994,
19A-ket,ket,Ket,19A,Presence of Uncommon Consonants,None,Dulzon-1968;Feev-1998;Krejnovich-1968a;Vajda-2000,
19A-koa,koa,Koasati,19A,Presence of Uncommon Consonants,None,Haas-1944;Rising-1992,
19A-luv,luv,Luvale,19A,Presence of Uncommon Consonants,None,Horton-1949,
19A-san,san,Sango,19A,Presence of Uncommon Consonants,Labial-velars,Samarin-1967a;Samarin-1967b,
19A-bag,bag,Bagirmi,19A,Presence of Uncommon Consonants,None,Stevenson-1969,
19A-hzb,hzb,Hunzib,19A,Presence of Uncommon Consonants,Pharyngeals,van-den-Berg-1995,
19A-ing,ing,Ingush,19A,Presence of Uncommon Consonants,Pharyngeals,Nichols-1994b,
19A-mau,mau,Maung,19A,Presence of Uncommon Consonants,None,Capell-and-Hinch-1970,
19A-kfe,kfe,Koromfe,19A,Presence of Uncommon Consonants,None,Rennison-1997,
19A-ram,ram,Rama,19A,Presence of Uncommon Consonants,None,Grinevald-1988,
19A-wch,wch,Wichí,19A,Presence of Uncommon Consonants,None,Hunt-1940;Vinas-Urquiza-1974;Tovar-1981,
19A-yag,yag,Yagua,19A,Presence of Uncommon Consonants,None,Payne-1985,
19A-niv,niv,Nivkh,19A,Presence of Uncommon Consonants,None,Gruzdeva-1998;Krejnovich-1937,
19A-apu,apu,Apurinã,19A,Presence of Uncommon Consonants,None,Facundes-2000,
19A-bma,bma,Berber (Middle Atlas),19A,Presence of Uncommon Consonants,Pharyngeals,Abdel-Massih-1971;Penchoen-1973b,
19A-wra,wra,Warao,19A,Presence of Uncommon Consonants,None,de-Goeje-1930;Vaquero-1965;Romero-Figueroa-1997;Osborn-1966,
19A-imo,imo,Imonda,19A,Presence of Uncommon Consonants,None,Seiler-1985,
19A-awp,awp,Awa Pit,19A,Presence of Uncommon Consonants,None,Curnow-1997,
19A-kob,kob,Kobon,19A,Presence of Uncommon Consonants,None,Davies-1980;Davies-1981b,
19A-lat,lat,Latvian,19A,Presence of Uncommon Consonants,None,Mathiassen-1997,
19A-mar,mar,Maricopa,19A,Presence of Uncommon Consonants,'Th' sounds,Gordon-1986,
19A-ala,ala,Alamblak,19A,Presence of Uncommon Consonants,None,Bruce-1984,
19A-goo,goo,Gooniyandi,19A,Presence of Uncommon Consonants,None,McGregor-1990,
19A-kut,kut,Kutenai,19A,Presence of Uncommon Consonants,None,Garvin-1948a;Morgan-1991,
19A-mxc,mxc,Mixtec (Chalcatongo),19A,Presence of Uncommon Consonants,'Th' sounds,Macaulay-1996,
19A-lav,lav,Lavukaleve,19A,Presence of Uncommon Consonants,None,Terrill-1999,
19A-rap,rap,Rapanui,19A,Presence of Uncommon Consonants,None,Du-Feu-1996,
19A-ain,ain,Ainu,19A,Presence of Uncommon Consonants,None,Simeon-1969;Patrie-1982,
19A-jak,jak,Jakaltek,19A,Presence of Uncommon Consonants,None,Craig-1977;Day-1973,
19A-lkt,lkt,Lakhota,19A,Presence of Uncommon Consonants,None,Carter-1974,
19A-mrt,mrt,Martuthunira,19A,Presence of Uncommon Consonants,None,Dench-1995,
19A-prh,prh,Pirahã,19A,Presence of Uncommon Consonants,None,Everett-1986,
19A-war,war,Wari',19A,Presence of Uncommon Consonants,None,MacEachern-et-al-1997;Everett-and-Kern-1997,
19A-gua,gua,Guaraní,19A,Presence of Uncommon Consonants,None,Gregores-and-Suarez-1967;Lunt-1973;Uldall-1956,
19A-kho,kho,Khoekhoe,19A,Presence of Uncommon Consonants,Clicks,Vossen-1997;Hagman-1977;Ladefoged-and-Traill-1984,
19A-mei,mei,Meithei,19A,Presence of Uncommon Consonants,None,Bhat-and-Ningomba-1997;Chelliah-1997,
19A-ngi,ngi,Ngiyambaa,19A,Presence of Uncommon Consonants,'Th' sounds,Donaldson-1980,
19A-brm,brm,Burmese,19A,Presence of Uncommon Consonants,'Th' sounds,Okell-1969;Watkins-2001,
19A-kro,kro,Krongo,19A,Presence of Uncommon Consonants,None,Reh-1985,
19A-myi,myi,Mangarrayi,19A,Presence of Uncommon Consonants,None,Merlan-1982,
19A-tiw,tiw,Tiwi,19A,Presence of Uncommon Consonants,None,Osborne-1974;Lee-1984;Anderson-and-Maddieson-1994;Lee-1983,
19A-knr,knr,Kanuri,19A,Presence of Uncommon Consonants,None,Awobuluyi-1971;Hutchison-1981;Lukas-1937,
19A-kay,kay,Kayardild,19A,Presence of Uncommon Consonants,None,Evans-1995,
19A-map,map,Mapudungun,19A,Presence of Uncommon Consonants,'Th' sounds,Smeets-1989,
19A-yor,yor,Yoruba,19A,Presence of Uncommon Consonants,Labial-velars,Bamgbose-1966,
19A-yko,yko,Yukaghir (Kolyma),19A,Presence of Uncommon Consonants,None,Maslova-1999,
19A-may,may,Maybrat,19A,Presence of Uncommon Consonants,None,Dol-1999,
19A-tuk,tuk,Tukang Besi,19A,Presence of Uncommon Consonants,None,Donohue-1999a;Donohue-1999c,
19A-bur,bur,Burushaski,19A,Presence of Uncommon Consonants,None,Morgenstierne-1945;Anderson-1997b,
19A-cha,cha,Chamorro,19A,Presence of Uncommon Consonants,None,Seiden-1960;Topping-1973,
19A-chk,chk,Chukchi,19A,Presence of Uncommon Consonants,None,Krause-1980;Skorik-1961;Skorik-1968,
19A-fij,fij,Fijian,19A,Presence of Uncommon Consonants,'Th' sounds,Dixon-1988,
19A-lan,lan,Lango,19A,Presence of Uncommon Consonants,None,Okello-1975,
19A-orh,orh,Oromo (Harar),19A,Presence of Uncommon Consonants,None,Owens-1985,
19A-tha,tha,Thai,19A,Presence of Uncommon Consonants,None,Abramson-1962;Kruatrachue-1960;Noss-1964;Haas-1964;Kalaya-and-Abramson-1999;Noss-1954,
19A-yaq,yaq,Yaqui,19A,Presence of Uncommon Consonants,None,Kurath-and-Spicer-1947;Dedrick-and-Casad-1999,
19A-zul,zul,Zulu,19A,Presence of Uncommon Consonants,Clicks,Canonici-1989;Doke-1926;Doke-1961;Poulos-and-Bosch-1997;Poulos-and-Msimang-1998;Ziervogel-et-al-1981,
19A-sla,sla,Slave,19A,Presence of Uncommon Consonants,None,Rice-1978;Rice-1989;Rice-1976,
19A-aeg,aeg,Arabic (Egyptian),19A,Presence of Uncommon Consonants,Pharyngeals,Tomiche-1964;Kennedy-1960;Mitchell-1962,
19A-grw,grw,Greenlandic (West),19A,Presence of Uncommon Consonants,None,Rischel-1974,
19A-hix,hix,Hixkaryana,19A,Presence of Uncommon Consonants,None,Derbyshire-1985,
19A-swa,swa,Swahili,19A,Presence of Uncommon Consonants,'Th' sounds,Polome-nd,
19A-vie,vie,Vietnamese,19A,Presence of Uncommon Consonants,None,Thompson-1965;Nguyen-1974a;Emeneau-1951;Nguyen-1990,
19A-hin,hin,Hindi,19A,Presence of Uncommon Consonants,None,Kelkar-1968;Ohala-1983;Ohala-1999,
19A-ckr,ckr,Canela-Krahô,19A,Presence of Uncommon Consonants,None,Popjes-and-Popjes-1986,
19A-tag,tag,Tagalog,19A,Presence of Uncommon Consonants,None,Bloomfield-1917;Schachter-and-Otanes-1972,
19A-geo,geo,Georgian,19A,Presence of Uncommon Consonants,None,Hewitt-1995;Vogt-1958;Robins-and-Waterson-1952;Vogt-1971;Tschenkeli-1958;Vogt-1938;Neisser-1953;Selmer-1935,
19A-knd,knd,Kannada,19A,Presence of Uncommon Consonants,None,Sridhar-1990;Steever-1998b;Upadhyaya-1972,
19A-kha,kha,Khalkha,19A,Presence of Uncommon Consonants,None,Svantesson-1985;Street-1963;Luvsanvandan-1964;Hangin-1968,
19A-mal,mal,Malagasy,19A,Presence of Uncommon Consonants,None,Dahl-1952;Dyen-1971b,
19A-sup,sup,Supyire,19A,Presence of Uncommon Consonants,None,Carlson-1994,
19A-hau,hau,Hausa,19A,Presence of Uncommon Consonants,None,Newman-2000;Schuh-and-Bagari-1999,
19A-mao,mao,Maori,19A,Presence of Uncommon Consonants,None,Bauer-1993,
19A-bsq,bsq,Basque,19A,Presence of Uncommon Consonants,None,Saltarelli-et-al-1988,
19A-abk,abk,Abkhaz,19A,Presence of Uncommon Consonants,Pharyngeals,Hewitt-1979,
19A-eve,eve,Evenki,19A,Presence of Uncommon Consonants,None,Nedjalkov-1997;Bulatova-and-Grenoble-1999,
19A-kor,kor,Korean,19A,Presence of Uncommon Consonants,None,Kim-1986;Cho-1967;Martin-1954;Martin-and-Lee-1969;Kim-1972;Lee-1999;Martin-1951,
19A-prs,prs,Persian,19A,Presence of Uncommon Consonants,None,Obolensky-et-al-1963;Majidi-and-Ternes-1999,
19A-ame,ame,Amele,19A,Presence of Uncommon Consonants,Labial-velars,Roberts-1987,
19A-ger,ger,German,19A,Presence of Uncommon Consonants,None,Moulton-1962;Wangler-1972;Kohler-1999,
19A-grk,grk,Greek (Modern),19A,Presence of Uncommon Consonants,'Th' sounds,Householder-et-al-1964,
19A-lez,lez,Lezgian,19A,Presence of Uncommon Consonants,None,Kodzasov-1990a;Haspelmath-1993,
19A-jpn,jpn,Japanese,19A,Presence of Uncommon Consonants,None,Bloch-1950;Jorden-1963;Martin-1952;Shibatani-1990,
19A-mnd,mnd,Mandarin,19A,Presence of Uncommon Consonants,None,Cheng-1973a;Hanyu-1960;Chao-1968;Dow-1972,
19A-hun,hun,Hungarian,19A,Presence of Uncommon Consonants,None,Banhidi-et-al-1965;Hall-1944;Szende-1999,
19A-ind,ind,Indonesian,19A,Presence of Uncommon Consonants,None,Alwi-et-al-1998,
19A-fin,fin,Finnish,19A,Presence of Uncommon Consonants,None,Wiik-1965;Harms-1964;Lehtinen-1970,
19A-rus,rus,Russian,19A,Presence of Uncommon Consonants,None,Jones-and-Ward-1969;Halle-1959,
19A-spa,spa,Spanish,19A,Presence of Uncommon Consonants,'Th' sounds,Navarro-1961;Saporta-and-Contreras-1962;Harris-1969a,
19A-tur,tur,Turkish,19A,Presence of Uncommon Consonants,None,Zimmer-and-Orgun-1999,
19A-fre,fre,French,19A,Presence of Uncommon Consonants,None,Fougeron-and-Smith-1999;Sten-1963,
19A-eng,eng,English,19A,Presence of Uncommon Consonants,'Th' sounds,Gimson-1970,
19A-ndy,ndy,Ndyuka,19A,Presence of Uncommon Consonants,None,Huttar-and-Huttar-1972;Huttar-and-Huttar-1994,
