ID,Language_ID,Language_name,Parameter_ID,Parameter_name,Value,Source,Comment
91A-tod,tod,Tod,91A,Order of Degree Word and Adjective,Degree word-Adjective,Sharma-1989b[ 301],
91A-cnm,cnm,Canamarí,91A,Order of Degree Word and Adjective,Adjective-Degree word,,
91A-cup,cup,Cupeño,91A,Order of Degree Word and Adjective,Degree word-Adjective,Hill-2005[ 357],
91A-hoa,hoa,Hoava,91A,Order of Degree Word and Adjective,Adjective-Degree word,Davis-2003[ 78],
91A-pdp,pdp,Folopa,91A,Order of Degree Word and Adjective,Degree word-Adjective,,
91A-boq,boq,Bokar,91A,Order of Degree Word and Adjective,Adjective-Degree word,Megu-1990[19-22],
91A-pog,pog,Pogoro,91A,Order of Degree Word and Adjective,Adjective-Degree word,Hendle-1907[ 49],
91A-jad,jad,Jad,91A,Order of Degree Word and Adjective,Adjective-Degree word,Sharma-1989c[44],
91A-chd,chd,Chaudangsi,91A,Order of Degree Word and Adjective,Degree word-Adjective,Sharma-1989a[149],
91A-dma,dma,Duma,91A,Order of Degree Word and Adjective,Adjective-Degree word,Adam-1954[151],
91A-ktu,ktu,Katu,91A,Order of Degree Word and Adjective,No dominant order,Costello-1969[30-31],
91A-nus,nus,Nusu,91A,Order of Degree Word and Adjective,Degree word-Adjective,Sun-and-Liu-1986[passim],
91A-bgn,bgn,Bugun,91A,Order of Degree Word and Adjective,Degree word-Adjective,Dondrup-1990[14],
91A-cln,cln,Cholón,91A,Order of Degree Word and Adjective,Degree word-Adjective,"Alexander-Bakkerus-2005[ 189, 290-291]",
91A-mgi,mgi,Magi,91A,Order of Degree Word and Adjective,Adjective-Degree word,Thomson-1975a[647],
91A-spi,spi,Spitian,91A,Order of Degree Word and Adjective,Degree word-Adjective,Sharma-1992[51],
91A-tho,tho,Thompson,91A,Order of Degree Word and Adjective,Degree word-Adjective,"Thompson-and-Thompson-1992[ 163, 171]",
91A-han,han,Hani,91A,Order of Degree Word and Adjective,No dominant order,Lewis-and-Bibo-1996[15];Li-1990[passim],
91A-kbt,kbt,Kabatei,91A,Order of Degree Word and Adjective,Degree word-Adjective,Stilo-2005[passim],
91A-klr,klr,Koluri,91A,Order of Degree Word and Adjective,Degree word-Adjective,Stilo-2005[passim],
91A-mbe,mbe,Mbere,91A,Order of Degree Word and Adjective,Adjective-Degree word,Adam-1954[151],
91A-nnd,nnd,Nend,91A,Order of Degree Word and Adjective,Adjective-Degree word,Harris-1990[137],
91A-tls,tls,Talysh (Southern),91A,Order of Degree Word and Adjective,Degree word-Adjective,Stilo-2005[passim],
91A-tni,tni,Tinani,91A,Order of Degree Word and Adjective,Degree word-Adjective,Sharma-1989b[181],
91A-wor,wor,Worora,91A,Order of Degree Word and Adjective,Adjective-Degree word,Love-2000[31],
91A-bfi,bfi,Bafia,91A,Order of Degree Word and Adjective,Adjective-Degree word,Guarisma-1973[211],
91A-dul,dul,Dulong,91A,Order of Degree Word and Adjective,Degree word-Adjective,Sun-1982[passim],
91A-kyn,kyn,Koyukon,91A,Order of Degree Word and Adjective,Degree word-Adjective,Chapman-1914[passim],
91A-lun,lun,Lungchang,91A,Order of Degree Word and Adjective,Degree word-Adjective,Rekhung-1988b[passim],
91A-nyk,nyk,Nyamkad,91A,Order of Degree Word and Adjective,Degree word-Adjective,Sharma-1992[192],
91A-svs,svs,Savosavo,91A,Order of Degree Word and Adjective,No dominant order,Wegener-2008[ 73],
91A-sim,sim,Simeulue,91A,Order of Degree Word and Adjective,Adjective-Degree word,Kahler-1963[passim],
91A-bug,bug,Bugis,91A,Order of Degree Word and Adjective,Degree word-Adjective,"Samsuri-1965[50, 189]",
91A-kgr,kgr,Kagulu,91A,Order of Degree Word and Adjective,Adjective-Degree word,"Last-1886[21, 87]",
91A-pam,pam,Pame,91A,Order of Degree Word and Adjective,Degree word-Adjective,Manrique-1967[346],
91A-xav,xav,Xavánte,91A,Order of Degree Word and Adjective,Adjective-Degree word,McLeod-and-Mitchell-1980[passim],
91A-bry,bry,Baruya,91A,Order of Degree Word and Adjective,Adjective-Degree word,Lloyd-1989[101],
91A-kyq,kyq,Kyuquot,91A,Order of Degree Word and Adjective,No dominant order,Rose-1981[46],
91A-srb,srb,Sorbian,91A,Order of Degree Word and Adjective,Degree word-Adjective,Stone-1993[655],
91A-cld,cld,Chaldean (Modern),91A,Order of Degree Word and Adjective,Adjective-Degree word,Sara-1974[104],
91A-isa,isa,I'saka,91A,Order of Degree Word and Adjective,Adjective-Degree word,Donohue-and-San-Roque-2002[ 41],
91A-nnk,nnk,Nankina,91A,Order of Degree Word and Adjective,Adjective-Degree word,Spaulding-and-Spaulding-1994[118],
91A-pnu,pnu,Bunu (Younuo),91A,Order of Degree Word and Adjective,Adjective-Degree word,Mao-and-Tsu-yao-1972[248],
91A-vaf,vaf,Vafsi,91A,Order of Degree Word and Adjective,Degree word-Adjective,Stilo-2005[passim],
91A-awe,awe,Arrernte (Western),91A,Order of Degree Word and Adjective,Adjective-Degree word,Strehlow-1944[86],
91A-bid,bid,Bidiya,91A,Order of Degree Word and Adjective,Adjective-Degree word,Alio-1986[218],
91A-lou,lou,Lou,91A,Order of Degree Word and Adjective,No dominant order,Stutzman-1997[77],
91A-mds,mds,Manadonese,91A,Order of Degree Word and Adjective,Degree word-Adjective,Wantalangi-1993[44-45],
91A-cas,cas,Cashibo,91A,Order of Degree Word and Adjective,No dominant order,Abreu-1914[15],
91A-djm,djm,Djambarrpuyngu,91A,Order of Degree Word and Adjective,Adjective-Degree word,Wilkinson-1991[passim 683],
91A-kel,kel,Kele,91A,Order of Degree Word and Adjective,Adjective-Degree word,Ross-2002k[132],
91A-myn,myn,Ma'anyan,91A,Order of Degree Word and Adjective,No dominant order,Gudai-1988[155],
91A-omi,omi,Ömie,91A,Order of Degree Word and Adjective,No dominant order,Austing-and-Upia-1975[passim],
91A-pum,pum,Pumi,91A,Order of Degree Word and Adjective,Degree word-Adjective,Ding-1998[107];Lu-1983[passim],
91A-thy,thy,Kuuk Thaayorre,91A,Order of Degree Word and Adjective,No dominant order,"Hall-1972[96, 319]",
91A-cro,cro,Crow,91A,Order of Degree Word and Adjective,Adjective-Degree word,Lowie-1941[8],
91A-drm,drm,Darma,91A,Order of Degree Word and Adjective,Degree word-Adjective,Sharma-1989a[96],
91A-dim,dim,Dime,91A,Order of Degree Word and Adjective,Degree word-Adjective,Fleming-1990[536],
91A-hil,hil,Hiligaynon,91A,Order of Degree Word and Adjective,No dominant order,Wolfenden-1975[23-24],
91A-lmh,lmh,Lamaholot,91A,Order of Degree Word and Adjective,No dominant order,Arndt-1937[35-36],
91A-mbi,mbi,Mbili,91A,Order of Degree Word and Adjective,Degree word-Adjective,Ayuninjam-1998[226-227],
91A-mco,mco,Mixe (Coatlán),91A,Order of Degree Word and Adjective,Degree word-Adjective,Van-Haitsma-and-Van-Haitsma-1976[76],
91A-osa,osa,Osage,91A,Order of Degree Word and Adjective,Degree word-Adjective,Quintero-1997[33],
91A-plg,plg,Palaung,91A,Order of Degree Word and Adjective,Adjective-Degree word,Milne-1921[passim],
91A-tgl,tgl,Tshangla,91A,Order of Degree Word and Adjective,Degree word-Adjective,Das-Gupta-1968[passim],
91A-usr,usr,Usarufa,91A,Order of Degree Word and Adjective,Degree word-Adjective,Bee-1973[293],
91A-apw,apw,Apache (Western),91A,Order of Degree Word and Adjective,Degree word-Adjective,"Edgerton-1963[103, passim]",
91A-ams,ams,Arabic (Modern Standard),91A,Order of Degree Word and Adjective,Adjective-Degree word,Cowan-1958[passim],
91A-awa,awa,Awa,91A,Order of Degree Word and Adjective,Degree word-Adjective,Loving-1973[passim],
91A-blt,blt,Balti,91A,Order of Degree Word and Adjective,Degree word-Adjective,Read-1934[22],
91A-bnn,bnn,Banoni,91A,Order of Degree Word and Adjective,Adjective-Degree word,Lincoln-1976[191],
91A-bsh,bsh,Bushoong,91A,Order of Degree Word and Adjective,Adjective-Degree word,Edmiston-1932[39],
91A-knn,knn,Kinnauri,91A,Order of Degree Word and Adjective,Degree word-Adjective,"Sharma-1988[113, 188]",
91A-kta,kta,Koita,91A,Order of Degree Word and Adjective,Adjective-Degree word,Dutton-1975[323],
91A-qia,qia,Qiang,91A,Order of Degree Word and Adjective,Degree word-Adjective,LaPolla-2003b[ 212-213],
91A-tak,tak,Takia,91A,Order of Degree Word and Adjective,Adjective-Degree word,Ross-2002h[227],
91A-gid,gid,Gidabal,91A,Order of Degree Word and Adjective,No dominant order,Geytenbeek-and-Geytenbeek-1971[21],
91A-ilo,ilo,Ilocano,91A,Order of Degree Word and Adjective,No dominant order,Rubino-1998b[40],
91A-mdm,mdm,Madimadi,91A,Order of Degree Word and Adjective,Degree word-Adjective,Hercus-1986a[135],
91A-mxj,mxj,Mixtec (Jicaltepec),91A,Order of Degree Word and Adjective,Adjective-Degree word,"Bradley-1970[46, 57]",
91A-oro,oro,Orokaiva,91A,Order of Degree Word and Adjective,Adjective-Degree word,Healey-et-al-1969[47],
91A-sna,sna,Shina,91A,Order of Degree Word and Adjective,Degree word-Adjective,Bailey-1924[passim],
91A-bkl,bkl,Bikol,91A,Order of Degree Word and Adjective,Adjective-Degree word,Mintz-1971a[145-146],
91A-bmb,bmb,Bimoba,91A,Order of Degree Word and Adjective,Adjective-Degree word,"Jacobs-1970[168, passim]",
91A-cai,cai,Chai,91A,Order of Degree Word and Adjective,No dominant order,Last-and-Lucassen-1998[406],
91A-gln,gln,Golin,91A,Order of Degree Word and Adjective,Adjective-Degree word,Bunn-1974[passim],
91A-kau,kau,Kaulong,91A,Order of Degree Word and Adjective,Adjective-Degree word,Ross-2002i[395],
91A-lis,lis,Lisu,91A,Order of Degree Word and Adjective,Degree word-Adjective,Bradley-2003[ 232],
91A-mlu,mlu,Maleu,91A,Order of Degree Word and Adjective,Adjective-Degree word,Haywood-1996[170],
91A-mmn,mmn,Mamanwa,91A,Order of Degree Word and Adjective,Degree word-Adjective,Miller-and-Miller-1976[33],
91A-mru,mru,Maru,91A,Order of Degree Word and Adjective,Degree word-Adjective,"Abbey-1899[passim];Clerk-1911[15, 30, passim]",
91A-ptt,ptt,Pattani,91A,Order of Degree Word and Adjective,Degree word-Adjective,"Sharma-1989c[68, 107];Sharma-2000[passim]",
91A-pok,pok,Poko-Rawo,91A,Order of Degree Word and Adjective,Adjective-Degree word,,
91A-rwe,rwe,Romani (Welsh),91A,Order of Degree Word and Adjective,No dominant order,Sampson-1926[passim],
91A-srd,srd,Sardinian,91A,Order of Degree Word and Adjective,Degree word-Adjective,Jones-1988[335-336],
91A-ycn,ycn,Yucuna,91A,Order of Degree Word and Adjective,Adjective-Degree word,Schauer-and-Schauer-1958[ 29-30],
91A-akh,akh,Akha,91A,Order of Degree Word and Adjective,No dominant order,Dellinger-1969[passim],
91A-arq,arq,Arabic (Iraqi),91A,Order of Degree Word and Adjective,No dominant order,"Erwin-1963[359, 361, 364]",
91A-gon,gon,Gondi,91A,Order of Degree Word and Adjective,Degree word-Adjective,Lincoln-1969[155-157],
91A-hnd,hnd,Hunde,91A,Order of Degree Word and Adjective,Adjective-Degree word,Kahombo-1992[139],
91A-jva,jva,Karajá,91A,Order of Degree Word and Adjective,Degree word-Adjective,Maia-1998[36],
91A-let,let,Leti,91A,Order of Degree Word and Adjective,Adjective-Degree word,van-Engelenhoven-1995[159],
91A-nhm,nhm,Nahuatl (Michoacán),91A,Order of Degree Word and Adjective,Degree word-Adjective,Sischo-1979[348],
91A-son,son,Sonsorol-Tobi,91A,Order of Degree Word and Adjective,Adjective-Degree word,Capell-1969[80],
91A-apt,apt,Apatani,91A,Order of Degree Word and Adjective,Degree word-Adjective,Abraham-1985[125],
91A-bil,bil,Bilua,91A,Order of Degree Word and Adjective,Degree word-Adjective,Obata-2003,
91A-cmr,cmr,Chin (Mara),91A,Order of Degree Word and Adjective,Adjective-Degree word,Lorrain-1951[passim],
91A-chs,chs,Chin (Siyin),91A,Order of Degree Word and Adjective,Adjective-Degree word,Naylor-1925[passim],
91A-mee,mee,Me'en,91A,Order of Degree Word and Adjective,Adjective-Degree word,Will-1989[137],
91A-nhh,nhh,Nahuatl (Huasteca),91A,Order of Degree Word and Adjective,Degree word-Adjective,Beller-and-Beller-1979[233],
91A-nwd,nwd,Newar (Dolakha),91A,Order of Degree Word and Adjective,Degree word-Adjective,,
91A-nkn,nkn,Nkonya,91A,Order of Degree Word and Adjective,Adjective-Degree word,Painter-1970[355-356],
91A-sdw,sdw,Sandawe,91A,Order of Degree Word and Adjective,Degree word-Adjective,Eaton-2008[72-73],
91A-skk,skk,Sikkimese,91A,Order of Degree Word and Adjective,Degree word-Adjective,Sandberg-1888[31],
91A-wal,wal,Walman,91A,Order of Degree Word and Adjective,Adjective-Degree word,,
91A-zch,zch,Zoque (Chimalapa),91A,Order of Degree Word and Adjective,Degree word-Adjective,Johnson-2000[87-88],
91A-amq,amq,Ambai,91A,Order of Degree Word and Adjective,Adjective-Degree word,Silzer-1983[109],
91A-gok,gok,Gokana,91A,Order of Degree Word and Adjective,Degree word-Adjective,,
91A-gjj,gjj,Guajajara,91A,Order of Degree Word and Adjective,Adjective-Degree word,Bendor-Samuel-1972[92-94],
91A-hal,hal,Halia,91A,Order of Degree Word and Adjective,Adjective-Degree word,Allen-and-Allen-1987[39];Allen-and-Allen-1965[passim],
91A-kbw,kbw,Karen (Bwe),91A,Order of Degree Word and Adjective,Adjective-Degree word,Henderson-1997[passim],
91A-kre,kre,Kresh,91A,Order of Degree Word and Adjective,Adjective-Degree word,Santandrea-1976[194],
91A-msg,msg,Mising,91A,Order of Degree Word and Adjective,Degree word-Adjective,Prasad-1991[118-119],
91A-nam,nam,Namia,91A,Order of Degree Word and Adjective,Adjective-Degree word,Feldpausch-and-Feldpausch-1992[51-52],
91A-ngd,ngd,Ngad'a,91A,Order of Degree Word and Adjective,Adjective-Degree word,Arndt-1933b[11],
91A-olo,olo,Olo,91A,Order of Degree Word and Adjective,Adjective-Degree word,"Staley-1995[48-49];Staley-nd[225, 230]",
91A-seb,seb,Sebei,91A,Order of Degree Word and Adjective,Adjective-Degree word,OBrien-and-Cuypers-1975[46],
91A-tim,tim,Timugon,91A,Order of Degree Word and Adjective,Adjective-Degree word,Prentice-1971[149],
91A-adi,adi,Adioukrou,91A,Order of Degree Word and Adjective,Adjective-Degree word,"Herault-1978[88, passim]",
91A-agc,agc,Agta (Central),91A,Order of Degree Word and Adjective,No dominant order,"Healey-1960[64, 71]",
91A-agm,agm,Angami,91A,Order of Degree Word and Adjective,Adjective-Degree word,"Giridhar-1980[passim 86, 57]",
91A-gur,gur,Gurung,91A,Order of Degree Word and Adjective,Degree word-Adjective,Glover-1974[109-110],
91A-hak,hak,Hakka,91A,Order of Degree Word and Adjective,No dominant order,Hashimoto-1973[passim],
91A-khg,khg,Khaling,91A,Order of Degree Word and Adjective,Degree word-Adjective,Toba-1984[5],
91A-mxo,mxo,Mixtec (Ocotepec),91A,Order of Degree Word and Adjective,Adjective-Degree word,"Alexander-1988[207-209, 201]",
91A-nab,nab,Nabak,91A,Order of Degree Word and Adjective,Adjective-Degree word,Fabian-et-al-1998[passim 62],
91A-tce,tce,Tarahumara (Central),91A,Order of Degree Word and Adjective,Degree word-Adjective,Cohen-1998[242-245],
91A-tep,tep,Tepehua (Tlachichilco),91A,Order of Degree Word and Adjective,Degree word-Adjective,Watters-1988[passim 397-398],
91A-wat,wat,Watjarri,91A,Order of Degree Word and Adjective,Degree word-Adjective,Douglas-1981[244],
91A-kkp,kkp,Karakalpak,91A,Order of Degree Word and Adjective,Degree word-Adjective,Wurm-1951[562],
91A-kri,kri,Kipea,91A,Order of Degree Word and Adjective,Adjective-Degree word,Adam-1897[57],
91A-lal,lal,Lalo,91A,Order of Degree Word and Adjective,Adjective-Degree word,Bjorverud-1998[119],
91A-lmn,lmn,Lamani,91A,Order of Degree Word and Adjective,Degree word-Adjective,Trail-1970[123],
91A-ngt,ngt,Naga (Tangkhul),91A,Order of Degree Word and Adjective,Adjective-Degree word,Subbarao-et-al-2000;Pettigrew-1918,
91A-tbo,tbo,Tboli,91A,Order of Degree Word and Adjective,Degree word-Adjective,"Porter-1977[72, passim]",
91A-wlo,wlo,Wolio,91A,Order of Degree Word and Adjective,Adjective-Degree word,Anceaux-1952[44],
91A-cpl,cpl,Chinantec (Palantla),91A,Order of Degree Word and Adjective,Degree word-Adjective,"Merrifield-1968[46, passim]",
91A-fua,fua,Fula (Cameroonian),91A,Order of Degree Word and Adjective,Adjective-Degree word,"Taylor-1953[45, passim];Stennes-1967[153-154]",
91A-iqu,iqu,Iquito,91A,Order of Degree Word and Adjective,Degree word-Adjective,Eastman-and-Eastman-1963[174],
91A-mon,mon,Mon,91A,Order of Degree Word and Adjective,Adjective-Degree word,Bauer-1982a[386-387],
91A-nnc,nnc,Nancowry,91A,Order of Degree Word and Adjective,Adjective-Degree word,"Man-1889[lviii, xlvii]",
91A-pkn,pkn,Paakantyi,91A,Order of Degree Word and Adjective,Adjective-Degree word,Hercus-1982[224],
91A-pul,pul,Puluwat,91A,Order of Degree Word and Adjective,Degree word-Adjective,Elbert-1974[90],
91A-sng,sng,Sinaugoro,91A,Order of Degree Word and Adjective,Adjective-Degree word,Kolia-1975[128],
91A-url,url,Urak Lawoi',91A,Order of Degree Word and Adjective,Adjective-Degree word,Hogan-1988[85],
91A-chw,chw,Cham (Western),91A,Order of Degree Word and Adjective,Adjective-Degree word,Baumgartner-1998[14],
91A-cmy,cmy,Chontal Maya,91A,Order of Degree Word and Adjective,Degree word-Adjective,Knowles-1984[262],
91A-coc,coc,Cocama,91A,Order of Degree Word and Adjective,Degree word-Adjective,Faust-1972[81],
91A-did,did,Didinga,91A,Order of Degree Word and Adjective,Adjective-Degree word,Rosato-1980[passim 48-49],
91A-dig,dig,Digaro,91A,Order of Degree Word and Adjective,No dominant order,"Sastry-1984[112-113, passim]",
91A-guj,guj,Gujarati,91A,Order of Degree Word and Adjective,Degree word-Adjective,Cardona-1965[87-90],
91A-jmo,jmo,Jur Mödö,91A,Order of Degree Word and Adjective,Adjective-Degree word,Persson-1981[113],
91A-krr,krr,Kairiru,91A,Order of Degree Word and Adjective,Adjective-Degree word,"Wivell-1981[73-74, passim]",
91A-mng,mng,Manggarai,91A,Order of Degree Word and Adjective,No dominant order,Semiun-1993[30-31],
91A-ngm,ngm,Ngambay,91A,Order of Degree Word and Adjective,Adjective-Degree word,Thayer-1978[34],
91A-sem,sem,Sema,91A,Order of Degree Word and Adjective,No dominant order,"Sreedhar-1980[69, 145-146, 155]",
91A-sio,sio,Sio,91A,Order of Degree Word and Adjective,No dominant order,"Clark-and-Clark-1987[33, 47]",
91A-twe,twe,Tarahumara (Western),91A,Order of Degree Word and Adjective,Degree word-Adjective,Burgess-1984[passim],
91A-urd,urd,Urdu,91A,Order of Degree Word and Adjective,Degree word-Adjective,,
91A-au,au,Au,91A,Order of Degree Word and Adjective,Adjective-Degree word,Scorza-1985[241],
91A-kmj,kmj,Karimojong,91A,Order of Degree Word and Adjective,No dominant order,Novelli-1985[101],
91A-moe,moe,Mordvin (Erzya),91A,Order of Degree Word and Adjective,Degree word-Adjective,Zaicz-1998[196],
91A-tno,tno,Tondano,91A,Order of Degree Word and Adjective,Degree word-Adjective,Sneddon-1975[135ff],
91A-wem,wem,Wembawemba,91A,Order of Degree Word and Adjective,Degree word-Adjective,Hercus-1986b[59];Hercus-1969b[88],
91A-bud,bud,Buduma,91A,Order of Degree Word and Adjective,Adjective-Degree word,Lukas-and-Nachtigal-1939[73],
91A-ese,ese,Ese Ejja,91A,Order of Degree Word and Adjective,Adjective-Degree word,Shoemaker-and-Shoemaker-1967[251],
91A-hmi,hmi,Huitoto (Minica),91A,Order of Degree Word and Adjective,Degree word-Adjective,Minor-et-al-1982[44],
91A-lmp,lmp,Lampung,91A,Order of Degree Word and Adjective,Adjective-Degree word,"Walker-1976[passim 19, passim]",
91A-ndo,ndo,Ndonga,91A,Order of Degree Word and Adjective,Adjective-Degree word,Fivaz-1986[181],
91A-nsg,nsg,Nisgha,91A,Order of Degree Word and Adjective,Degree word-Adjective,"Tarpent-1987[passim 376, 390, 397, 399]",
91A-nis,nis,Nyishi,91A,Order of Degree Word and Adjective,No dominant order,Hamilton-1900[passim],
91A-par,par,Päri,91A,Order of Degree Word and Adjective,No dominant order,Simeoni-1978[45],
91A-raw,raw,Rawang,91A,Order of Degree Word and Adjective,Degree word-Adjective,Barnard-1934[passim],
91A-tar,tar,Tariana,91A,Order of Degree Word and Adjective,Adjective-Degree word,Aikhenvald-2003,
91A-yar,yar,Yareba,91A,Order of Degree Word and Adjective,Adjective-Degree word,Weimer-and-Weimer-1975[703],
91A-zai,zai,Zapotec (Isthmus),91A,Order of Degree Word and Adjective,Degree word-Adjective,Pickett-et-al-1998[48],
91A-arw,arw,Armenian (Western),91A,Order of Degree Word and Adjective,Degree word-Adjective,Gulian-1965[passim],
91A-hay,hay,Hayu,91A,Order of Degree Word and Adjective,Degree word-Adjective,Michailovsky-2003[  531],
91A-kuo,kuo,Kuot,91A,Order of Degree Word and Adjective,Degree word-Adjective,Chung-and-Chung-1996[30],
91A-nak,nak,Nakanai,91A,Order of Degree Word and Adjective,Adjective-Degree word,Johnston-1980[133],
91A-plk,plk,Palikur,91A,Order of Degree Word and Adjective,Degree word-Adjective,Green-and-Green-1972[29],
91A-sro,sro,Siroi,91A,Order of Degree Word and Adjective,Adjective-Degree word,"Wells-1979[19, passim]",
91A-sul,sul,Sulka,91A,Order of Degree Word and Adjective,Adjective-Degree word,Tharp-1996[123],
91A-txj,txj,Totonac (Xicotepec de Juárez),91A,Order of Degree Word and Adjective,Degree word-Adjective,Reid-et-al-1968[passim],
91A-anj,anj,Anejom,91A,Order of Degree Word and Adjective,Adjective-Degree word,Lynch-2000[103],
91A-asy,asy,Arabic (Syrian),91A,Order of Degree Word and Adjective,No dominant order,Cowell-1964[520],
91A-brn,brn,Burunge,91A,Order of Degree Word and Adjective,Adjective-Degree word,Kiessling-1994[195],
91A-ccm,ccm,Chinantec (Comaltepec),91A,Order of Degree Word and Adjective,No dominant order,"Anderson-1989[37, passim]",
91A-ctm,ctm,Chitimacha,91A,Order of Degree Word and Adjective,Adjective-Degree word,Swadesh-1946b[329],
91A-gmw,gmw,Gumawana,91A,Order of Degree Word and Adjective,Adjective-Degree word,Olson-1988[94],
91A-kng,kng,Kaingang,91A,Order of Degree Word and Adjective,Adjective-Degree word,"Henry-1948[121, 144, 147]",
91A-kmk,kmk,Kalmyk,91A,Order of Degree Word and Adjective,Degree word-Adjective,Street-1959[76],
91A-mad,mad,Ma'di,91A,Order of Degree Word and Adjective,Adjective-Degree word,Tucker-and-Bryan-1966,
91A-mnm,mnm,Manam,91A,Order of Degree Word and Adjective,Adjective-Degree word,Gregersen-1976[ passim],
91A-obo,obo,Obolo,91A,Order of Degree Word and Adjective,Adjective-Degree word,Faraclas-1984[33],
91A-udm,udm,Udmurt,91A,Order of Degree Word and Adjective,Degree word-Adjective,Tepljashina-1966[267],
91A-wbn,wbn,Wambon,91A,Order of Degree Word and Adjective,Adjective-Degree word,de-Vries-1989[39],
91A-wol,wol,Woleaian,91A,Order of Degree Word and Adjective,Adjective-Degree word,"Sohn-1975[87-88, 182, 229]",
91A-ytu,ytu,Yukaghir (Tundra),91A,Order of Degree Word and Adjective,Degree word-Adjective,Krejnovich-1958[203],
91A-amc,amc,Amahuaca,91A,Order of Degree Word and Adjective,Adjective-Degree word,"Russell-1975[74, 79, passim]",
91A-bya,bya,Byansi,91A,Order of Degree Word and Adjective,Degree word-Adjective,"Trivedi-1991[57, passim]",
91A-kmh,kmh,Kham,91A,Order of Degree Word and Adjective,Degree word-Adjective,Watters-1998[390-391],
91A-min,min,Minangkabau,91A,Order of Degree Word and Adjective,Adjective-Degree word,,
91A-mxp,mxp,Mixtec (Peñoles),91A,Order of Degree Word and Adjective,Adjective-Degree word,"Daly-1973[43, passim]",
91A-bod,bod,Bodo,91A,Order of Degree Word and Adjective,No dominant order,"Subbarao-et-al-2000[passim 189];Subbarao-and-Murthy-2000[189, passim]",
91A-chq,chq,Chinantec (Quiotepec),91A,Order of Degree Word and Adjective,No dominant order,"Robbins-1968[126, passim]",
91A-koy,koy,Koya,91A,Order of Degree Word and Adjective,Degree word-Adjective,Tyler-1969[73],
91A-mie,mie,Mien,91A,Order of Degree Word and Adjective,Adjective-Degree word,Mao-and-Tsu-yao-1972[248],
91A-nia,nia,Nias,91A,Order of Degree Word and Adjective,Adjective-Degree word,Brown-2001,
91A-rot,rot,Rotuman,91A,Order of Degree Word and Adjective,Adjective-Degree word,"Churchward-1940[57, 107-108]",
91A-slp,slp,Selepet,91A,Order of Degree Word and Adjective,Adjective-Degree word,McElhanon-1972[91],
91A-fut,fut,Futuna-Aniwa,91A,Order of Degree Word and Adjective,Adjective-Degree word,Dougherty-1983[passim],
91A-hum,hum,Huitoto (Murui),91A,Order of Degree Word and Adjective,Degree word-Adjective,Burtch-and-Wise-1968[28],
91A-jiv,jiv,Jivaro,91A,Order of Degree Word and Adjective,Degree word-Adjective,Beuchat-and-Rivet-1909[822],
91A-lao,lao,Lao,91A,Order of Degree Word and Adjective,Adjective-Degree word,"Yates-and-Sayisthsena-1970[32, 190]",
91A-msl,msl,Masalit,91A,Order of Degree Word and Adjective,Degree word-Adjective,Edgar-1989[passim 79],
91A-syu,syu,Salt-Yui,91A,Order of Degree Word and Adjective,Adjective-Degree word,"Irwin-1974[42, passim]",
91A-sre,sre,Sre,91A,Order of Degree Word and Adjective,Adjective-Degree word,Manley-1972[passim],
91A-tng,tng,Tongan,91A,Order of Degree Word and Adjective,No dominant order,Churchward-1953[206-207],
91A-lon,lon,Loniu,91A,Order of Degree Word and Adjective,Adjective-Degree word,Hamel-1985[125],
91A-nbr,nbr,Ngäbere,91A,Order of Degree Word and Adjective,Degree word-Adjective,Alphonse-1956[20],
91A-niu,niu,Niuean,91A,Order of Degree Word and Adjective,Adjective-Degree word,Seiter-1980[passim],
91A-sal,sal,Salinan,91A,Order of Degree Word and Adjective,Adjective-Degree word,Turner-1987[ 197];Mason-1918[passim],
91A-kwo,kwo,Kwoma,91A,Order of Degree Word and Adjective,Adjective-Degree word,Kooyers-1974[18],
91A-mnc,mnc,Manchu,91A,Order of Degree Word and Adjective,Degree word-Adjective,Haenisch-1961[48],
91A-taw,taw,Tawala,91A,Order of Degree Word and Adjective,Adjective-Degree word,"Ezard-1991[143, 278]",
91A-cso,cso,Chatino (Sierra Occidental),91A,Order of Degree Word and Adjective,Adjective-Degree word,Pride-1965[passim],
91A-ksg,ksg,Karen (Sgaw),91A,Order of Degree Word and Adjective,Adjective-Degree word,"Jones-1961[21, passim]",
91A-miz,miz,Mizo,91A,Order of Degree Word and Adjective,Adjective-Degree word,"Chhangte-1989[144, 158]",
91A-ruk,ruk,Rukai (Tanan),91A,Order of Degree Word and Adjective,Degree word-Adjective,Zeitoun-2007[ 93-94],
91A-but,but,Buriat,91A,Order of Degree Word and Adjective,Degree word-Adjective,"Poppe-1960[76, 111]",
91A-iba,iba,Iban,91A,Order of Degree Word and Adjective,No dominant order,"Omar-1981[99, 162]",
91A-jng,jng,Jingpho,91A,Order of Degree Word and Adjective,Degree word-Adjective,"Hertz-1917[12, passim]",
91A-mpa,mpa,Murrinh-Patha,91A,Order of Degree Word and Adjective,Adjective-Degree word,Street-1980[129-130],
91A-new,new,Newari (Kathmandu),91A,Order of Degree Word and Adjective,Degree word-Adjective,Malla-1985[79],
91A-kkv,kkv,Lusi,91A,Order of Degree Word and Adjective,Adjective-Degree word,"Counts-1969[113-115, passim]",
91A-sah,sah,Sahu,91A,Order of Degree Word and Adjective,No dominant order,"Visser-and-Voorhoeve-1987[44, 57]",
91A-wsk,wsk,Waskia,91A,Order of Degree Word and Adjective,Adjective-Degree word,Ross-and-Paol-1978[50],
91A-ao,ao,Ao,91A,Order of Degree Word and Adjective,Degree word-Adjective,Mills-1926[passim],
91A-apl,apl,Apalaí,91A,Order of Degree Word and Adjective,Adjective-Degree word,Koehn-and-Koehn-1986[passim 111-112],
91A-bbw,bbw,Bininj Gun-Wok,91A,Order of Degree Word and Adjective,Adjective-Degree word,Evans-2004,
91A-lai,lai,Lai,91A,Order of Degree Word and Adjective,Adjective-Degree word,Hay-Neave-1953[passim],
91A-tvo,tvo,Tatar,91A,Order of Degree Word and Adjective,Degree word-Adjective,Poppe-1968[116],
91A-tpn,tpn,Tepehuan (Northern),91A,Order of Degree Word and Adjective,Degree word-Adjective,Bascom-1982[340-341],
91A-tib,tib,Tibetan (Standard Spoken),91A,Order of Degree Word and Adjective,Adjective-Degree word,Denwood-1999[ 189],
91A-tlp,tlp,Tlapanec,91A,Order of Degree Word and Adjective,Degree word-Adjective,Suarez-1983a[passim 321],
91A-cct,cct,Choctaw,91A,Order of Degree Word and Adjective,Adjective-Degree word,"Nicklas-1979[28, passim]",
91A-dgb,dgb,Dagbani,91A,Order of Degree Word and Adjective,Adjective-Degree word,"Olawsky-1999[38, 41-42]",
91A-kos,kos,Kosraean,91A,Order of Degree Word and Adjective,Degree word-Adjective,Lee-1975[147-148],
91A-nuu,nuu,Nuuchahnulth,91A,Order of Degree Word and Adjective,Adjective-Degree word,Davidson-2002,
91A-snh,snh,Sinhala,91A,Order of Degree Word and Adjective,Degree word-Adjective,Geiger-1938[117],
91A-tja,tja,Tiipay (Jamul),91A,Order of Degree Word and Adjective,Adjective-Degree word,Miller-2001[291],
91A-tla,tla,Tolai,91A,Order of Degree Word and Adjective,No dominant order,Franklin-et-al-1974[passim],
91A-amr,amr,Arabic (Moroccan),91A,Order of Degree Word and Adjective,Adjective-Degree word,Harrell-1962[205],
91A-bto,bto,Batak (Toba),91A,Order of Degree Word and Adjective,Degree word-Adjective,"Percival-1981[91, passim];Nababan-1981[110]",
91A-din,din,Dinka,91A,Order of Degree Word and Adjective,Adjective-Degree word,Nebel-1948[86],
91A-goa,goa,Goajiro,91A,Order of Degree Word and Adjective,Adjective-Degree word,Holmer-1949a[passim],
91A-oji,oji,Ojibwa (Eastern),91A,Order of Degree Word and Adjective,Degree word-Adjective,"Rhodes-1991[2, passim]",
91A-srn,srn,Sirionó,91A,Order of Degree Word and Adjective,Adjective-Degree word,Schermair-1949[passim 52];Firestone-1965[32],
91A-tah,tah,Tahitian,91A,Order of Degree Word and Adjective,Adjective-Degree word,"Tryon-1970a[21, 25]",
91A-che,che,Cherokee,91A,Order of Degree Word and Adjective,Degree word-Adjective,Scancarelli-1987[174];Scancarelli-1986[234];Foley-1980[passim],
91A-dsh,dsh,Danish,91A,Order of Degree Word and Adjective,Degree word-Adjective,"Bredsdorff-1958[60-61, passim];Allan-et-al-1995[226]",
91A-ite,ite,Itelmen,91A,Order of Degree Word and Adjective,Degree word-Adjective,Volodin-1976[passim],
91A-por,por,Portuguese,91A,Order of Degree Word and Adjective,Degree word-Adjective,Hutchinson-and-Lloyd-1996[97],
91A-sun,sun,Sundanese,91A,Order of Degree Word and Adjective,No dominant order,Hardjadibrata-1985[57-59],
91A-chr,chr,Chrau,91A,Order of Degree Word and Adjective,No dominant order,Thomas-1971[109-110],
91A-est,est,Estonian,91A,Order of Degree Word and Adjective,Degree word-Adjective,Tauli-1983[23],
91A-gae,gae,Gaelic (Scots),91A,Order of Degree Word and Adjective,Degree word-Adjective,Calder-1923[308],
91A-guu,guu,Guugu Yimidhirr,91A,Order of Degree Word and Adjective,Degree word-Adjective,Haviland-1979[61-63],
91A-hop,hop,Hopi,91A,Order of Degree Word and Adjective,Degree word-Adjective,Kalectaca-1978[122],
91A-mis,mis,Miskito,91A,Order of Degree Word and Adjective,Degree word-Adjective,"Anonymous-1985[79-80, 83, passim]",
91A-abu,abu,Abun,91A,Order of Degree Word and Adjective,Adjective-Degree word,Berry-1995b[130],
91A-bab,bab,Babungo,91A,Order of Degree Word and Adjective,Degree word-Adjective,Schaub-1985[66],
91A-krd,krd,Kurdish (Central),91A,Order of Degree Word and Adjective,Degree word-Adjective,Abdulla-and-McCarus-1967[passim],
91A-len,len,Lenakel,91A,Order of Degree Word and Adjective,Adjective-Degree word,"Lynch-1978[87-88, 119, passim]",
91A-nca,nca,Nicobarese (Car),91A,Order of Degree Word and Adjective,Adjective-Degree word,Braine-1970[214],
91A-ttn,ttn,Tetun,91A,Order of Degree Word and Adjective,Adjective-Degree word,"Morris-1984[132];van-Klinken-1997[156, 229]",
91A-tid,tid,Tidore,91A,Order of Degree Word and Adjective,Adjective-Degree word,"van-Staden-2000[113, passim 156]",
91A-arg,arg,Arabic (Gulf),91A,Order of Degree Word and Adjective,Degree word-Adjective,"Holes-1990[42, passim 50-51, passim]",
91A-cub,cub,Cubeo,91A,Order of Degree Word and Adjective,No dominant order,Morse-and-Maxwell-1999a[ 132],
91A-htc,htc,Huastec,91A,Order of Degree Word and Adjective,Degree word-Adjective,Edmonson-1988[514-517],
91A-nun,nun,Nung (in Vietnam),91A,Order of Degree Word and Adjective,Adjective-Degree word,"Saul-and-Wilson-1980[33, 17, 37]",
91A-pae,pae,Páez,91A,Order of Degree Word and Adjective,Degree word-Adjective,Slocum-1986[26],
91A-sed,sed,Sedang,91A,Order of Degree Word and Adjective,Adjective-Degree word,Smith-1979[130-131],
91A-bsk,bsk,Bashkir,91A,Order of Degree Word and Adjective,Degree word-Adjective,Poppe-1964[84],
91A-mlk,mlk,Malakmalak,91A,Order of Degree Word and Adjective,Degree word-Adjective,Birk-1976[104],
91A-mns,mns,Mansi,91A,Order of Degree Word and Adjective,Degree word-Adjective,"Murphy-1968[136, 138, 140]",
91A-mna,mna,Muna,91A,Order of Degree Word and Adjective,Adjective-Degree word,van-den-Berg-1989b[188],
91A-mup,mup,Mupun,91A,Order of Degree Word and Adjective,No dominant order,"Frajzyngier-1993[66, 351]",
91A-ngl,ngl,Ngalakan,91A,Order of Degree Word and Adjective,No dominant order,Merlan-1983[65],
91A-scr,scr,Serbian-Croatian,91A,Order of Degree Word and Adjective,Degree word-Adjective,Partridge-1964[passim],
91A-tin,tin,Tinrin,91A,Order of Degree Word and Adjective,Degree word-Adjective,"Osumi-1995[190, 195]",
91A-ava,ava,Avar,91A,Order of Degree Word and Adjective,Degree word-Adjective,Bokarev-1949b[passim],
91A-lim,lim,Limbu,91A,Order of Degree Word and Adjective,Degree word-Adjective,van-Driem-1987[passim],
91A-ngz,ngz,Ngizim,91A,Order of Degree Word and Adjective,Adjective-Degree word,"Schuh-1972[34, 75]",
91A-poh,poh,Pohnpeian,91A,Order of Degree Word and Adjective,No dominant order,Rehg-1981[260-263],
91A-uzb,uzb,Uzbek,91A,Order of Degree Word and Adjective,Degree word-Adjective,Raun-1969[passim];Sjoberg-1963[passim],
91A-hve,hve,Huave (San Mateo del Mar),91A,Order of Degree Word and Adjective,Degree word-Adjective,Stairs-and-Hollenbach-1981[ passim],
91A-kty,kty,Khanty,91A,Order of Degree Word and Adjective,Degree word-Adjective,"Filchenko-2007[ 166-167, 300]",
91A-tel,tel,Telugu,91A,Order of Degree Word and Adjective,Degree word-Adjective,Lisker-1963[passim],
91A-awt,awt,Awtuw,91A,Order of Degree Word and Adjective,Adjective-Degree word,"Feldman-1986[116, passim]",
91A-klm,klm,Klamath,91A,Order of Degree Word and Adjective,Degree word-Adjective,Barker-1964[338];Gatschet-1890[522],
91A-mok,mok,Mokilese,91A,Order of Degree Word and Adjective,Degree word-Adjective,Harrison-and-Albert-1976[150],
91A-nor,nor,Norwegian,91A,Order of Degree Word and Adjective,Degree word-Adjective,Olson-1901[91];Moen-and-Pedersen-1983[84],
91A-bre,bre,Breton,91A,Order of Degree Word and Adjective,No dominant order,Press-1986[ 79],
91A-pal,pal,Palauan,91A,Order of Degree Word and Adjective,Degree word-Adjective,Josephs-1975[480],
91A-psh,psh,Pashto,91A,Order of Degree Word and Adjective,Degree word-Adjective,"Shafeev-1964[55, 49, 50];Tegey-and-Robson-1996[ 171]",
91A-sam,sam,Samoan,91A,Order of Degree Word and Adjective,No dominant order,"Mosel-and-Hovdhaugen-1992[142, 383, 387, 389, 391]",
91A-akn,akn,Akan,91A,Order of Degree Word and Adjective,Adjective-Degree word,Welmers-1946[66];Christaller-1875[passim],
91A-bri,bri,Bribri,91A,Order of Degree Word and Adjective,No dominant order,Margery-Pena-1982[xi],
91A-kis,kis,Kisi,91A,Order of Degree Word and Adjective,No dominant order,Childs-1995[256],
91A-kon,kon,Kongo,91A,Order of Degree Word and Adjective,No dominant order,Carrie-1890[ 53],
91A-lug,lug,Lugbara,91A,Order of Degree Word and Adjective,Adjective-Degree word,Crazzolara-1960[36-37],
91A-maa,maa,Maasai,91A,Order of Degree Word and Adjective,Adjective-Degree word,Hollis-1905[passim],
91A-tsh,tsh,Tümpisa Shoshone,91A,Order of Degree Word and Adjective,No dominant order,Dayley-1989a[284-286],
91A-wel,wel,Welsh,91A,Order of Degree Word and Adjective,No dominant order,Bowen-and-Jones-1960[32];Jones-and-Thomas-1977[190],
91A-yap,yap,Yapese,91A,Order of Degree Word and Adjective,Degree word-Adjective,Jensen-et-al-1977a[310];Jensen-1977a[ 310],
91A-iaa,iaa,Iaai,91A,Order of Degree Word and Adjective,Adjective-Degree word,Tryon-1968[75],
91A-jaq,jaq,Jaqaru,91A,Order of Degree Word and Adjective,Degree word-Adjective,Hardman-1966[114],
91A-tgk,tgk,Tigak,91A,Order of Degree Word and Adjective,Adjective-Degree word,Beaumont-1979[104],
91A-mhi,mhi,Marathi,91A,Order of Degree Word and Adjective,Degree word-Adjective,,
91A-tzu,tzu,Tzutujil,91A,Order of Degree Word and Adjective,No dominant order,Dayley-1985[passim 201],
91A-die,die,Diegueño (Mesa Grande),91A,Order of Degree Word and Adjective,Adjective-Degree word,Couro-and-Langdon-1975[173],
91A-ice,ice,Icelandic,91A,Order of Degree Word and Adjective,Degree word-Adjective,Einarsson-1945[175],
91A-pan,pan,Panjabi,91A,Order of Degree Word and Adjective,Degree word-Adjective,Gill-and-Gleason-1969[48];Gill-and-Gleason-1963[168],
91A-ham,ham,Hamtai,91A,Order of Degree Word and Adjective,Degree word-Adjective,Oates-and-Oates-1968[56],
91A-mrg,mrg,Margi,91A,Order of Degree Word and Adjective,Adjective-Degree word,Hoffmann-1963[70],
91A-mac,mac,Macushi,91A,Order of Degree Word and Adjective,Adjective-Degree word,Abbott-1991[136],
91A-abi,abi,Abipón,91A,Order of Degree Word and Adjective,Degree word-Adjective,"Najlis-1966[passim 89, passim]",
91A-mab,mab,Maba,91A,Order of Degree Word and Adjective,Degree word-Adjective,Trenga-1947[61],
91A-swe,swe,Swedish,91A,Order of Degree Word and Adjective,Degree word-Adjective,McClean-1963[passim];Holmes-and-Hinchliffe-1994[329],
91A-wlf,wlf,Wolof,91A,Order of Degree Word and Adjective,Adjective-Degree word,Njie-1982[76],
91A-ace,ace,Acehnese,91A,Order of Degree Word and Adjective,No dominant order,Durie-1985[224-226],
91A-chv,chv,Chuvash,91A,Order of Degree Word and Adjective,Degree word-Adjective,Krueger-1961[127-128],
91A-una,una,Una,91A,Order of Degree Word and Adjective,Degree word-Adjective,Louwerse-1988[96],
91A-haw,haw,Hawaiian,91A,Order of Degree Word and Adjective,Adjective-Degree word,Elbert-and-Pukui-1979[129],
91A-ita,ita,Italian,91A,Order of Degree Word and Adjective,Degree word-Adjective,Sauer-1891[72],
91A-kch,kch,Koyra Chiini,91A,Order of Degree Word and Adjective,Adjective-Degree word,Heath-1999b[249],
91A-lit,lit,Lithuanian,91A,Order of Degree Word and Adjective,Degree word-Adjective,Dambriunas-et-al-1966[passim],
91A-ood,ood,O'odham,91A,Order of Degree Word and Adjective,Degree word-Adjective,Zepeda-1983[115-116],
91A-rom,rom,Romanian,91A,Order of Degree Word and Adjective,Degree word-Adjective,"Mallinson-1986[100-105, passim]",
91A-tml,tml,Tamil,91A,Order of Degree Word and Adjective,Degree word-Adjective,Asher-1982[58],
91A-bul,bul,Bulgarian,91A,Order of Degree Word and Adjective,Degree word-Adjective,Scatton-1984[27],
91A-lah,lah,Lahu,91A,Order of Degree Word and Adjective,Adjective-Degree word,Matisoff-1973[passim];Matisoff-1988[passim 742],
91A-snt,snt,Sentani,91A,Order of Degree Word and Adjective,Adjective-Degree word,Cowan-1965[58],
91A-krb,krb,Kiribati,91A,Order of Degree Word and Adjective,Adjective-Degree word,Groves-et-al-1985[69],
91A-som,som,Somali,91A,Order of Degree Word and Adjective,Degree word-Adjective,Kirk-1905[99],
91A-cnt,cnt,Cantonese,91A,Order of Degree Word and Adjective,Degree word-Adjective,"Cheung-1983[10];Matthews-and-Yip-1994[ 160, 169, 172]",
91A-pol,pol,Polish,91A,Order of Degree Word and Adjective,Degree word-Adjective,Bielec-1998[201],
91A-tli,tli,Tlingit,91A,Order of Degree Word and Adjective,Degree word-Adjective,Kelly-and-Willard-1904[passim],
91A-alb,alb,Albanian,91A,Order of Degree Word and Adjective,Degree word-Adjective,"Newmark-et-al-1982[216, 233-234, 243-244]",
91A-car,car,Carib,91A,Order of Degree Word and Adjective,Adjective-Degree word,Hoff-1968[passim],
91A-mak,mak,Makah,91A,Order of Degree Word and Adjective,Degree word-Adjective,,
91A-tsi,tsi,Tsimshian (Coast),91A,Order of Degree Word and Adjective,Degree word-Adjective,Boas-1911c[passim],
91A-tun,tun,Tunica,91A,Order of Degree Word and Adjective,Adjective-Degree word,Haas-1940[99],
91A-mku,mku,Maranungku,91A,Order of Degree Word and Adjective,Adjective-Degree word,Tryon-1970b[13],
91A-psm,psm,Passamaquoddy-Maliseet,91A,Order of Degree Word and Adjective,Degree word-Adjective,Ng-2002,
91A-pit,pit,Pitjantjatjara,91A,Order of Degree Word and Adjective,Adjective-Degree word,Bowe-1990[36],
91A-cyv,cyv,Cayuvava,91A,Order of Degree Word and Adjective,Degree word-Adjective,Key-1967[62],
91A-arm,arm,Armenian (Eastern),91A,Order of Degree Word and Adjective,Degree word-Adjective,,
91A-aym,aym,Aymara (Central),91A,Order of Degree Word and Adjective,Degree word-Adjective,Ebbing-1965[34-35],
91A-baw,baw,Bawm,91A,Order of Degree Word and Adjective,Adjective-Degree word,"Reichle-1981[42, passim]",
91A-nbd,nbd,Nubian (Dongolese),91A,Order of Degree Word and Adjective,Degree word-Adjective,Armbruster-1960[412],
91A-hai,hai,Haida,91A,Order of Degree Word and Adjective,Adjective-Degree word,Enrico-2003[ 1183-1184],
91A-kmu,kmu,Khmu',91A,Order of Degree Word and Adjective,No dominant order,"Premsrirat-1987[42, 68]",
91A-usa,usa,Usan,91A,Order of Degree Word and Adjective,Degree word-Adjective,Reesink-1987[67],
91A-ung,ung,Ungarinjin,91A,Order of Degree Word and Adjective,Adjective-Degree word,Coate-and-Oates-1970[37],
91A-dre,dre,Drehu,91A,Order of Degree Word and Adjective,Adjective-Degree word,"Tryon-1967a[63-64, 70]",
91A-yur,yur,Yurok,91A,Order of Degree Word and Adjective,Degree word-Adjective,Robins-1958[133],
91A-dag,dag,Daga,91A,Order of Degree Word and Adjective,Adjective-Degree word,"Murane-1974[82, 22]",
91A-otm,otm,Otomí (Mezquital),91A,Order of Degree Word and Adjective,Degree word-Adjective,Hess-1968[62],
91A-nez,nez,Nez Perce,91A,Order of Degree Word and Adjective,Degree word-Adjective,Aoki-1970[passim],
91A-cle,cle,Chinantec (Lealao),91A,Order of Degree Word and Adjective,Degree word-Adjective,Rupp-1989[44],
91A-knm,knm,Kunama,91A,Order of Degree Word and Adjective,Degree word-Adjective,Thompson-1983[301],
91A-nav,nav,Navajo,91A,Order of Degree Word and Adjective,Degree word-Adjective,Young-and-Morgan-1980[passim],
91A-zqc,zqc,Zoque (Copainalá),91A,Order of Degree Word and Adjective,Degree word-Adjective,"Harrison-et-al-1981[414, passim 440, 411]",
91A-bkr,bkr,Batak (Karo),91A,Order of Degree Word and Adjective,Degree word-Adjective,Woollams-1996[253-254],
91A-cmn,cmn,Comanche,91A,Order of Degree Word and Adjective,Degree word-Adjective,Wistrand-Robinson-and-Armagost-1990[321];Canonge-1958[passim],
91A-nko,nko,Nkore-Kiga,91A,Order of Degree Word and Adjective,Adjective-Degree word,Taylor-1985[50],
91A-urk,urk,Urubú-Kaapor,91A,Order of Degree Word and Adjective,Adjective-Degree word,Kakumasu-1986[passim],
91A-coo,coo,Coos (Hanis),91A,Order of Degree Word and Adjective,Degree word-Adjective,Frachtenberg-1913[passim],
91A-nht,nht,Nahuatl (Tetelcingo),91A,Order of Degree Word and Adjective,Degree word-Adjective,Tuggy-1979[14],
91A-ika,ika,Ika,91A,Order of Degree Word and Adjective,Degree word-Adjective,Frank-1990[25],
91A-mun,mun,Mundari,91A,Order of Degree Word and Adjective,No dominant order,Sinha-1975[119],
91A-tab,tab,Taba,91A,Order of Degree Word and Adjective,No dominant order,"Bowden-1997a[359, 396]",
91A-ond,ond,Oneida,91A,Order of Degree Word and Adjective,Degree word-Adjective,,
91A-asm,asm,Asmat,91A,Order of Degree Word and Adjective,Adjective-Degree word,Voorhoeve-1965[138-142],
91A-hmo,hmo,Hmong Njua,91A,Order of Degree Word and Adjective,Adjective-Degree word,"Harriehausen-1990[62-63, 192];Lyman-1979[passim]",
91A-khs,khs,Khasi,91A,Order of Degree Word and Adjective,Adjective-Degree word,"Rabel-1961[63];Nagaraja-1985[21, 26, 42, 106-107]",
91A-khm,khm,Khmer,91A,Order of Degree Word and Adjective,Adjective-Degree word,Gorgoniev-1966[ 106];Jacob-1968[59];Gorgoniyev-1966[106],
91A-snm,snm,Sanuma,91A,Order of Degree Word and Adjective,Adjective-Degree word,"Borgman-1990[204, passim 207]",
91A-shk,shk,Shipibo-Konibo,91A,Order of Degree Word and Adjective,Degree word-Adjective,,
91A-ket,ket,Ket,91A,Order of Degree Word and Adjective,Degree word-Adjective,Dulzon-1968[passim],
91A-san,san,Sango,91A,Order of Degree Word and Adjective,Adjective-Degree word,"Samarin-1967b[59-61, passim]",
91A-mau,mau,Maung,91A,Order of Degree Word and Adjective,Adjective-Degree word,Capell-and-Hinch-1970[passim],
91A-qim,qim,Quechua (Imbabura),91A,Order of Degree Word and Adjective,Degree word-Adjective,"Cole-1982[71, 74]",
91A-ram,ram,Rama,91A,Order of Degree Word and Adjective,Adjective-Degree word,Grinevald-nd[85-86];Grinevald-1988[ 85-86],
91A-yag,yag,Yagua,91A,Order of Degree Word and Adjective,Degree word-Adjective,Payne-1990a[119],
91A-wra,wra,Warao,91A,Order of Degree Word and Adjective,Adjective-Degree word,de-Goeje-1930[passim];Romero-Figueroa-1986[passim],
91A-imo,imo,Imonda,91A,Order of Degree Word and Adjective,No dominant order,Seiler-1985[67],
91A-awp,awp,Awa Pit,91A,Order of Degree Word and Adjective,Degree word-Adjective,Curnow-1997[110],
91A-kob,kob,Kobon,91A,Order of Degree Word and Adjective,Adjective-Degree word,Davies-1981b[54],
91A-lat,lat,Latvian,91A,Order of Degree Word and Adjective,Degree word-Adjective,Bielenstein-1863[417],
91A-ala,ala,Alamblak,91A,Order of Degree Word and Adjective,Adjective-Degree word,Bruce-1984[118-121],
91A-kut,kut,Kutenai,91A,Order of Degree Word and Adjective,Degree word-Adjective,,
91A-mxc,mxc,Mixtec (Chalcatongo),91A,Order of Degree Word and Adjective,No dominant order,Macaulay-1996[passim 132],
91A-jak,jak,Jakaltek,91A,Order of Degree Word and Adjective,Degree word-Adjective,"Craig-1977[40, 138];Day-1973[passim]",
91A-lkt,lkt,Lakhota,91A,Order of Degree Word and Adjective,Degree word-Adjective,Buechel-1939[120-121],
91A-war,war,Wari',91A,Order of Degree Word and Adjective,No dominant order,Everett-and-Kern-1997[345-346],
91A-kho,kho,Khoekhoe,91A,Order of Degree Word and Adjective,Degree word-Adjective,Hagman-1977[33],
91A-brm,brm,Burmese,91A,Order of Degree Word and Adjective,Degree word-Adjective,"Okell-1969[30-31, 173, 424];Cornyn-and-Roop-1968[passim]",
91A-kro,kro,Krongo,91A,Order of Degree Word and Adjective,No dominant order,Reh-1985[306],
91A-knr,knr,Kanuri,91A,Order of Degree Word and Adjective,Adjective-Degree word,"Lukas-1937[133-142, 148]",
91A-map,map,Mapudungun,91A,Order of Degree Word and Adjective,Degree word-Adjective,"Smeets-1989[167];Augusta-1903[110-112, 285]",
91A-may,may,Maybrat,91A,Order of Degree Word and Adjective,Adjective-Degree word,Brown-1990[60],
91A-bur,bur,Burushaski,91A,Order of Degree Word and Adjective,Degree word-Adjective,"Lorimer-1935[375, 404]",
91A-cha,cha,Chamorro,91A,Order of Degree Word and Adjective,Degree word-Adjective,Topping-1973[214],
91A-fij,fij,Fijian,91A,Order of Degree Word and Adjective,No dominant order,Dixon-1988[95],
91A-heb,heb,Hebrew (Modern),91A,Order of Degree Word and Adjective,No dominant order,Glinert-1989[210-211],
91A-orh,orh,Oromo (Harar),91A,Order of Degree Word and Adjective,Degree word-Adjective,Owens-1985[226],
91A-tha,tha,Thai,91A,Order of Degree Word and Adjective,Adjective-Degree word,"Warotamasikkhadit-1972[58];Anthony-et-al-1968[244, 290, 402, passim]",
91A-yaq,yaq,Yaqui,91A,Order of Degree Word and Adjective,Degree word-Adjective,Lindenfeld-1973[15],
91A-aeg,aeg,Arabic (Egyptian),91A,Order of Degree Word and Adjective,Adjective-Degree word,Gary-and-Gamal-Eldin-1982[27],
91A-grw,grw,Greenlandic (West),91A,Order of Degree Word and Adjective,Degree word-Adjective,Fortescue-1984[103],
91A-hix,hix,Hixkaryana,91A,Order of Degree Word and Adjective,Adjective-Degree word,"Derbyshire-1979[42];Derbyshire-1985[21, passim]",
91A-hin,hin,Hindi,91A,Order of Degree Word and Adjective,Degree word-Adjective,"McGregor-1977[95, 147-148]",
91A-knd,knd,Kannada,91A,Order of Degree Word and Adjective,Degree word-Adjective,"Sridhar-1990[90, 91]",
91A-kha,kha,Khalkha,91A,Order of Degree Word and Adjective,Degree word-Adjective,Binnick-1979[15],
91A-hau,hau,Hausa,91A,Order of Degree Word and Adjective,Adjective-Degree word,Migeod-1914[175];Newman-2000[33];Smirnova-1982[passim],
91A-mao,mao,Maori,91A,Order of Degree Word and Adjective,Adjective-Degree word,"Bauer-1993[95, 100, 114]",
91A-bsq,bsq,Basque,91A,Order of Degree Word and Adjective,Degree word-Adjective,"Urbina-1989[77];Saltarelli-et-al-1988[71];Lafitte-1962[45, 143]",
91A-abk,abk,Abkhaz,91A,Order of Degree Word and Adjective,Degree word-Adjective,Hewitt-1979[53],
91A-eve,eve,Evenki,91A,Order of Degree Word and Adjective,Degree word-Adjective,Nedjalkov-1997[77],
91A-kor,kor,Korean,91A,Order of Degree Word and Adjective,Degree word-Adjective,Sohn-1999[265],
91A-prs,prs,Persian,91A,Order of Degree Word and Adjective,Degree word-Adjective,"Lambton-1967[22];Lazard-1957a[83, 88]",
91A-ame,ame,Amele,91A,Order of Degree Word and Adjective,Adjective-Degree word,Roberts-1987[80],
91A-ger,ger,German,91A,Order of Degree Word and Adjective,Degree word-Adjective,Lederer-1969[618],
91A-grk,grk,Greek (Modern),91A,Order of Degree Word and Adjective,Degree word-Adjective,"Mackridge-1985[143, 196, passim]",
91A-lez,lez,Lezgian,91A,Order of Degree Word and Adjective,Degree word-Adjective,Haspelmath-1993[266],
91A-jpn,jpn,Japanese,91A,Order of Degree Word and Adjective,Degree word-Adjective,"Hinds-1986[76, 79, 80, 125]",
91A-mnd,mnd,Mandarin,91A,Order of Degree Word and Adjective,Degree word-Adjective,Li-and-Thompson-1981[passim],
91A-hun,hun,Hungarian,91A,Order of Degree Word and Adjective,Degree word-Adjective,"Kenesei-et-al-1998[79, 83]",
91A-ind,ind,Indonesian,91A,Order of Degree Word and Adjective,Degree word-Adjective,Macdonald-1976[103-104];Sneddon-1996a[177-181],
91A-fin,fin,Finnish,91A,Order of Degree Word and Adjective,Degree word-Adjective,Sulkala-and-Karjalainen-1992[77-78];Whitney-1973[66-67],
91A-rus,rus,Russian,91A,Order of Degree Word and Adjective,Degree word-Adjective,Krylova-and-Khavronina-1976[53],
91A-spa,spa,Spanish,91A,Order of Degree Word and Adjective,Degree word-Adjective,,
91A-tur,tur,Turkish,91A,Order of Degree Word and Adjective,Degree word-Adjective,Lewis-1967[239];Underhill-1976[passim 224],
91A-fre,fre,French,91A,Order of Degree Word and Adjective,Degree word-Adjective,,
91A-eng,eng,English,91A,Order of Degree Word and Adjective,Degree word-Adjective,,
91A-hlu,hlu,Halkomelem (Upriver),91A,Order of Degree Word and Adjective,Degree word-Adjective,Galloway-1993[415],
91A-jms,jms,Jamsay,91A,Order of Degree Word and Adjective,Adjective-Degree word,Heath-2008[ 245-246],
91A-arj,arj,Arabic (Kuwaiti),91A,Order of Degree Word and Adjective,Degree word-Adjective,,
91A-rji,rji,Raji,91A,Order of Degree Word and Adjective,No dominant order,Sharma-1990[205],
91A-rpa,rpa,Rang Pas,91A,Order of Degree Word and Adjective,Degree word-Adjective,Zoller-1983[ 88],
91A-xns,xns,Kanashi,91A,Order of Degree Word and Adjective,Degree word-Adjective,Sharma-1992[ 355],
91A-wme,wme,Wambule,91A,Order of Degree Word and Adjective,Degree word-Adjective,"Opgenort-2004[ passim, 233]",
91A-gyc,gyc,Gyarong (Cogtse),91A,Order of Degree Word and Adjective,Degree word-Adjective,"Lin-1993[ 354, 355]",
91A-tvt,tvt,Tutsa,91A,Order of Degree Word and Adjective,Degree word-Adjective,"Rekhung-1992[43-44, passim]",
91A-khn,khn,Khün,91A,Order of Degree Word and Adjective,Adjective-Degree word,Petsuk-1978[passim],
91A-bwc,bwc,Bajau (West Coast),91A,Order of Degree Word and Adjective,No dominant order,"Miller-2007[324, 350]",
91A-ttd,ttd,Tetun Dili,91A,Order of Degree Word and Adjective,Adjective-Degree word,Williams-van-Klinken-et-al-2002[ 88],
91A-mkj,mkj,Makasae,91A,Order of Degree Word and Adjective,Degree word-Adjective,Huber-2008[ 32],
91A-adg,adg,Adang,91A,Order of Degree Word and Adjective,No dominant order,"Haan-2001[ 61-72, passim]",
91A-bdw,bdw,Baham,91A,Order of Degree Word and Adjective,Adjective-Degree word,Flassy-et-al-1984[77],
91A-brp,brp,Barupu,91A,Order of Degree Word and Adjective,Adjective-Degree word,Corris-2005[ 124],
91A-kwt,kwt,Kwomtari,91A,Order of Degree Word and Adjective,Adjective-Degree word,Spencer-2008[ 77],
91A-kmz,kmz,Kamasau,91A,Order of Degree Word and Adjective,Adjective-Degree word,Sanders-and-Sanders-1994[ 31],
91A-msq,msq,Musqueam,91A,Order of Degree Word and Adjective,Degree word-Adjective,"Suttles-2004[ 62, 418]",
91A-tee,tee,Tepehua (Huehuetla),91A,Order of Degree Word and Adjective,Degree word-Adjective,Kung-2007[ 585-587],
91A-qhu,qhu,Quechua (Huallaga),91A,Order of Degree Word and Adjective,Degree word-Adjective,Weber-1989[17],
91A-ndy,ndy,Ndyuka,91A,Order of Degree Word and Adjective,No dominant order,"Huttar-and-Huttar-1994[173-176, 178, 209]",
