ID,Language_ID,Language_name,Parameter_ID,Parameter_name,Value,Source,Comment
14A-ahs,ahs,Arabic (Bani-Hassan),14A,Fixed Stress Locations,No fixed stress,Irshied-and-Kenstowicz-1984[109-148],
14A-arh,arh,Arabic (Hijazi),14A,Fixed Stress Locations,No fixed stress,Al-Mozainy-1981,
14A-atb,atb,Aralle-Tabulahan,14A,Fixed Stress Locations,Penultimate,McKenzie-1991[99-149],
14A-bnl,bnl,Banggarla,14A,Fixed Stress Locations,Antepenultimate,Schurmann-1844,
14A-bim,bim,Bima,14A,Fixed Stress Locations,Penultimate,Verheijen-1982,
14A-daa,daa,Da'a,14A,Fixed Stress Locations,Penultimate,Barr-1995;Barr-and-Barr-1988,
14A-hln,hln,Halang,14A,Fixed Stress Locations,Ultimate,Cooper-and-Cooper-1966,
14A-irm,irm,Irish (Munster),14A,Fixed Stress Locations,No fixed stress,Dillon-1961;O-Siadhail-1989,
14A-kli,kli,Kaili,14A,Fixed Stress Locations,Penultimate,Esser-1934,
14A-kaw,kaw,Kaiwá,14A,Fixed Stress Locations,Ultimate,Bridgeman-1961,
14A-kap,kap,Kela (Apoze),14A,Fixed Stress Locations,Antepenultimate,Collier-and-Collier-1975,
14A-kuz,kuz,Kulamanen,14A,Fixed Stress Locations,No fixed stress,Dubois-1976;Meiklejohn-and-Meiklejohn-1958[1-3],
14A-lla,lla,Lamu-Lamu,14A,Fixed Stress Locations,Second,Laycock-1971,
14A-lje,lje,Lauje,14A,Fixed Stress Locations,Penultimate,Himmelmann-1991,
14A-mms,mms,Mamasa,14A,Fixed Stress Locations,Penultimate,Matti-1991,
14A-meb,meb,Melayu Betawi,14A,Fixed Stress Locations,No fixed stress,Ikranegara-1980;Wallace-1976,
14A-liv,liv,Liv,14A,Fixed Stress Locations,Initial,Sjogren-1861,
14A-mgd,mgd,Mongondow,14A,Fixed Stress Locations,Penultimate,Dunnebier-1929,
14A-mrk,mrk,Murik,14A,Fixed Stress Locations,No fixed stress,Abbott-1985,
14A-nsy,nsy,Neo-Aramaic (Assyrian),14A,Fixed Stress Locations,Penultimate,Tsereteli-1978,
14A-oto,oto,Oto,14A,Fixed Stress Locations,No fixed stress,Miner-1979;Whitman-1947,
14A-pag,pag,Pagu,14A,Fixed Stress Locations,Penultimate,Wimbish-1992,
14A-plb,plb,Polabian,14A,Fixed Stress Locations,No fixed stress,Olesch-1974,
14A-plp,plp,Pulopetak,14A,Fixed Stress Locations,Penultimate,Mihing-and-Stokhof-1977,
14A-rnr,rnr,Romani (North Russian),14A,Fixed Stress Locations,Ultimate,Ventzel-1983,
14A-rsm,rsm,Romansch (Surmeiran),14A,Fixed Stress Locations,No fixed stress,Kamprath-1987;Roca-1999,
14A-sao,sao,Saho,14A,Fixed Stress Locations,No fixed stress,Welmers-1952b,
14A-sps,sps,Salish (Southern Puget Sound),14A,Fixed Stress Locations,No fixed stress,Snyder-1968,
14A-sbg,sbg,Sama (Balangingi),14A,Fixed Stress Locations,Penultimate,Gault-1979[49-67],
14A-sgr,sgr,Sangir,14A,Fixed Stress Locations,Penultimate,Sneddon-1984;Adriani-1893,
14A-skl,skl,Sikule,14A,Fixed Stress Locations,Ultimate,Kohler-1955,
14A-svc,svc,Slovincian,14A,Fixed Stress Locations,No fixed stress,Kurylowicz-1960;Lorentz-1903;Lehr-Splawinski-1917,
14A-tld,tld,Talaud,14A,Fixed Stress Locations,Penultimate,Talens-1911;Sneddon-1984,
14A-thp,thp,Thaypan,14A,Fixed Stress Locations,Second,Rigsby-1976,
14A-tse,tse,Timorese,14A,Fixed Stress Locations,Penultimate,Middelkoop-1950,
14A-tnt,tnt,Tontemboan,14A,Fixed Stress Locations,No fixed stress,Adriani-and-Adriani-1908,
14A-trd,trd,Toraja,14A,Fixed Stress Locations,Penultimate,Sande-and-Stokhof-1977,
14A-tzz,tzz,Tzotzil (Zinacantán),14A,Fixed Stress Locations,Initial,Haviland-et-al-nd,
14A-yil,yil,Yil,14A,Fixed Stress Locations,No fixed stress,Martens-and-Tuominen-1977,
14A-jum,jum,Júma,14A,Fixed Stress Locations,Penultimate,Abramson-1968,
14A-akl,akl,Aklanon,14A,Fixed Stress Locations,No fixed stress,Chai-1971,
14A-abe,abe,Arabic (Beirut),14A,Fixed Stress Locations,No fixed stress,Abdul-Karim-1979,
14A-ael,ael,Arabic (Eastern Libyan),14A,Fixed Stress Locations,No fixed stress,Owens-1984,
14A-arv,arv,Arabic (Negev),14A,Fixed Stress Locations,No fixed stress,Blanc-1971[112-150],
14A-awd,awd,Awadhi,14A,Fixed Stress Locations,No fixed stress,Saksena-1971,
14A-blk,blk,Balantak,14A,Fixed Stress Locations,Penultimate,Busenitz-and-Busenitz-1991[29-47],
14A-bbm,bbm,Bambam,14A,Fixed Stress Locations,Penultimate,Campbell-1991[1-52],
14A-bna,bna,Banawá,14A,Fixed Stress Locations,No fixed stress,Buller-and-Buller-1986,
14A-bnt,bnt,Bantik,14A,Fixed Stress Locations,Penultimate,Sneddon-1984,
14A-bqi,bqi,Basque (Basaburua and Imoz),14A,Fixed Stress Locations,No fixed stress,Hualde-1999;Ibarra-1994,
14A-bqb,bqb,Basque (Bidasoa Valley),14A,Fixed Stress Locations,Second,Hualde-1999,
14A-bqg,bqg,Basque (Gernica),14A,Fixed Stress Locations,No fixed stress,Hualde-1999,
14A-bqh,bqh,Basque (Hondarribia),14A,Fixed Stress Locations,No fixed stress,Hualde-1999,
14A-bql,bql,Basque (Lekeitio),14A,Fixed Stress Locations,Penultimate,Hualde-1999,
14A-bqn,bqn,Basque (Northern High Navarrese),14A,Fixed Stress Locations,Penultimate,Hualde-1999;Ibarra-1994,
14A-bqo,bqo,Basque (Oñati),14A,Fixed Stress Locations,Second,Hualde-1999,
14A-bqr,bqr,Basque (Roncalese),14A,Fixed Stress Locations,Penultimate,Hualde-1999,
14A-bqs,bqs,Basque (Sakana),14A,Fixed Stress Locations,Initial,Hualde-1991;Hualde-1999,
14A-bso,bso,Basque (Souletin),14A,Fixed Stress Locations,No fixed stress,Hualde-1999;Hualde-1993;Hualde-nd,
14A-bqz,bqz,Basque (Zeberio),14A,Fixed Stress Locations,No fixed stress,Hualde-1999,
14A-cup,cup,Cupeño,14A,Fixed Stress Locations,Initial,Munro-1990,
14A-dhu,dhu,Dhurga,14A,Fixed Stress Locations,No fixed stress,Eades-1976,
14A-dou,dou,Doutai,14A,Fixed Stress Locations,Initial,McAllister-and-McAllister-1991,
14A-glp,glp,Gaalpu,14A,Fixed Stress Locations,Initial,Wood-1978,
14A-gay,gay,Gayo,14A,Fixed Stress Locations,No fixed stress,Hazeu-1907,
14A-gor,gor,Gorowa,14A,Fixed Stress Locations,No fixed stress,Seidel-1900,
14A-hno,hno,Haida (Northern),14A,Fixed Stress Locations,No fixed stress,Enrico-1991,
14A-jua,jua,Juat,14A,Fixed Stress Locations,Initial,Douglas-1968,
14A-klp,klp,Kalapuya,14A,Fixed Stress Locations,Initial,Berman-1990,
14A-kra,kra,Kara (in Papua New Guinea),14A,Fixed Stress Locations,No fixed stress,Schlie-and-Schlie-1993,
14A-kaj,kaj,Kaure,14A,Fixed Stress Locations,No fixed stress,Dommel-and-Dommel-1991,
14A-ktn,ktn,Ketengban,14A,Fixed Stress Locations,No fixed stress,Sims-and-Sims-1982,
14A-kit,kit,Kitsai,14A,Fixed Stress Locations,No fixed stress,Bucca-and-Lesser-1969,
14A-mly,mly,Malay,14A,Fixed Stress Locations,No fixed stress,Winstedt-1927;Lewis-1947,
14A-mnj,mnj,Mantjiltjara,14A,Fixed Stress Locations,Initial,Marsh-1969,
14A-myy,myy,Mayi-Yapi,14A,Fixed Stress Locations,Initial,Breen-1981b,
14A-mta,mta,Mentuh Tapuh,14A,Fixed Stress Locations,Ultimate,Court-1972,
14A-npu,npu,Napu,14A,Fixed Stress Locations,Penultimate,Hanna-and-Hanna-1991,
14A-nin,nin,Ningil,14A,Fixed Stress Locations,Initial,Manning-and-Jaggers-1977,
14A-nbo,nbo,Nyambo,14A,Fixed Stress Locations,Initial,Bickmore-1992;Bickmore-1989,
14A-obk,obk,Obokuitai,14A,Fixed Stress Locations,No fixed stress,Scott-and-Jenison-1991,
14A-olm,olm,Oloh Mangtangai,14A,Fixed Stress Locations,Penultimate,Muller-1858,
14A-pkm,pkm,Pokomchí,14A,Fixed Stress Locations,Ultimate,Mayers-1960,
14A-sru,sru,Selaru,14A,Fixed Stress Locations,No fixed stress,Drabbe-1932;Coward-1989,
14A-sly,sly,Selayar,14A,Fixed Stress Locations,Penultimate,Mithun-and-Basri-1986,
14A-skr,skr,Sikaritai,14A,Fixed Stress Locations,No fixed stress,Martin-1991b,
14A-sto,sto,Stoney,14A,Fixed Stress Locations,Second,Shaw-1985a,
14A-tbr,tbr,Tabaru,14A,Fixed Stress Locations,Penultimate,Fortgens-1928,
14A-tns,tns,Tanna (Southwest),14A,Fixed Stress Locations,No fixed stress,Lynch-1982b,
14A-tgw,tgw,Tarangan (West),14A,Fixed Stress Locations,No fixed stress,Nivens-1992,
14A-unm,unm,Unami,14A,Fixed Stress Locations,No fixed stress,Goddard-1979;Goddard-1982,
14A-wer,wer,Weri,14A,Fixed Stress Locations,Ultimate,Boxwell-and-Boxwell-1966,
14A-wet,wet,Wetan,14A,Fixed Stress Locations,Penultimate,de-Jong-1987,
14A-yzv,yzv,Yazva,14A,Fixed Stress Locations,No fixed stress,Itkonen-1955;Lytkin-1961;Austerlitz-1964,
14A-ych,ych,Yup'ik (Chevak),14A,Fixed Stress Locations,No fixed stress,Jacobson-1985;Woodbury-1981,
14A-yun,yun,Yup'ik (Norton Sound),14A,Fixed Stress Locations,No fixed stress,Jacobson-1985,
14A-ysl,ysl,Yupik (St. Lawrence Island),14A,Fixed Stress Locations,No fixed stress,Krauss-1975;Jacobson-1984b;Jacobson-1985,
14A-cpa,cpa,Campa Pajonal Asheninca,14A,Fixed Stress Locations,No fixed stress,Pike-and-Kindberg-1956,
14A-cyg,cyg,Cayuga,14A,Fixed Stress Locations,No fixed stress,Foster-1982;Chafe-1977[169-181],
14A-dri,dri,Dari,14A,Fixed Stress Locations,Ultimate,Mueller-1980,
14A-dob,dob,Dobel,14A,Fixed Stress Locations,Penultimate,Hughes-1995;Hughes-and-Hughes-1990,
14A-hnn,hnn,Hanunóo,14A,Fixed Stress Locations,Penultimate,Conklin-1953,
14A-iga,iga,Inga,14A,Fixed Stress Locations,No fixed stress,Levinsohn-1976,
14A-ksr,ksr,Kisar,14A,Fixed Stress Locations,Penultimate,Christensen-and-Christensen-1992,
14A-koo,koo,Kola,14A,Fixed Stress Locations,Penultimate,Takata-and-Takata-1992,
14A-kjn,kjn,Kunjen,14A,Fixed Stress Locations,Ultimate,Sommer-1969,
14A-mlc,mlc,Malacca Creole,14A,Fixed Stress Locations,No fixed stress,Baxter-1988,
14A-mnx,mnx,Manx,14A,Fixed Stress Locations,Initial,Broderick-1993;Thomson-1992,
14A-ngr,ngr,Ngarinyeri,14A,Fixed Stress Locations,Initial,Yallop-1975a,
14A-orc,orc,Oroch,14A,Fixed Stress Locations,Ultimate,Avrorin-and-Lebedeva-1968,
14A-pad,pad,Padoe,14A,Fixed Stress Locations,Penultimate,Karhunen-1991,
14A-swi,swi,Sawai,14A,Fixed Stress Locations,No fixed stress,Whisler-and-Whisler-1995;Whisler-1992,
14A-ymd,ymd,Yamdena,14A,Fixed Stress Locations,Penultimate,Mettler-and-Mettler-1990;Drabbe-1926b,
14A-atq,atq,Alutiiq,14A,Fixed Stress Locations,No fixed stress,Krauss-1985;Leer-1985b;Leer-1985a,
14A-apa,apa,Arabic (Palestinian),14A,Fixed Stress Locations,No fixed stress,Abu-Salim-1982;Abu-Salim-1980[1-11];Brahme-1974[39-61];Brahme-1973[14-25];Kenstowicz-and-Abdul-Karim-1980[55-76],
14A-bwa,bwa,Bandjalang (Waalubal),14A,Fixed Stress Locations,No fixed stress,Crowley-1978,
14A-bgg,bgg,Banggai,14A,Fixed Stress Locations,No fixed stress,van-den-Bergh-1953,
14A-bik,bik,Biak,14A,Fixed Stress Locations,Penultimate,Van-Hasselt-1905,
14A-dak,dak,Dakota,14A,Fixed Stress Locations,Second,Shaw-1985a;Shaw-1985b,
14A-emc,emc,Embera Chami,14A,Fixed Stress Locations,No fixed stress,Aguirre-Licht-1999,
14A-krl,krl,Karelian,14A,Fixed Stress Locations,Initial,Leskinen-1984;Raun-1964b,
14A-ksh,ksh,Kashaya,14A,Fixed Stress Locations,No fixed stress,Oswalt-1961;Oswalt-1988,
14A-mmo,mmo,Mordvin (Moksha),14A,Fixed Stress Locations,No fixed stress,Cygankin-and-Dabaev-1975;Itkonen-1955;Koljadenkov-1959;Paasonen-1909;Raun-1964a;Zavodova-and-Koljadenkov-1964,
14A-occ,occ,Occitan,14A,Fixed Stress Locations,No fixed stress,Alibert-1976;Bec-1963;Cardaillac-1971;Maas-1969;Maurand-1974;Sauzet-1994;Sauzet-1986;Roca-1999,
14A-pin,pin,Pintupi,14A,Fixed Stress Locations,Initial,Hansen-and-Hansen-1969,
14A-que,que,Quechan,14A,Fixed Stress Locations,Ultimate,Halpern-1946a;Halpern-1946b,
14A-spo,spo,Spokane,14A,Fixed Stress Locations,No fixed stress,Carlson-1989,
14A-tua,tua,Tuamotuan,14A,Fixed Stress Locations,Penultimate,Kuki-1970,
14A-crk,crk,Creek,14A,Fixed Stress Locations,No fixed stress,Haas-1977,
14A-frd,frd,Fordata,14A,Fixed Stress Locations,Penultimate,Drabbe-1926a,
14A-mah,mah,Mari (Hill),14A,Fixed Stress Locations,No fixed stress,Itkonen-1955;Kangasmaa-Minn-1998,
14A-mcs,mcs,Miwok (Central Sierra),14A,Fixed Stress Locations,No fixed stress,Freeland-1951;Freeland-and-Broadbent-1960,
14A-mwn,mwn,Miwok (Northern Sierra),14A,Fixed Stress Locations,No fixed stress,Callaghan-1987,
14A-qay,qay,Quechua (Ayacucho),14A,Fixed Stress Locations,Penultimate,Adelaar-1984,
14A-qch,qch,Quiché,14A,Fixed Stress Locations,Ultimate,Mayers-1966,
14A-tbb,tbb,Tübatulabal,14A,Fixed Stress Locations,Ultimate,Voegelin-1935,
14A-uli,uli,Ulithian,14A,Fixed Stress Locations,No fixed stress,Sohn-and-Bender-1973,
14A-wlm,wlm,Walmatjari,14A,Fixed Stress Locations,Initial,Hudson-and-Richards-1969,
14A-wnb,wnb,Winnebago,14A,Fixed Stress Locations,Third,Hale-and-White-Eagle-1980;Miner-1979[25-33];Miner-1981[340-42],
14A-arl,arl,Arabic (Lebanese),14A,Fixed Stress Locations,No fixed stress,Kenstowicz-and-Abdul-Karim-1980,
14A-kei,kei,Kei,14A,Fixed Stress Locations,Ultimate,Geurtjens-1921,
14A-mks,mks,Makassar,14A,Fixed Stress Locations,Penultimate,Basri-1999;Manyambeang-et-al-1996,
14A-mnt,mnt,Mentawai,14A,Fixed Stress Locations,Penultimate,Morris-1900,
14A-mse,mse,Munsee,14A,Fixed Stress Locations,No fixed stress,Goddard-1979;Goddard-1982,
14A-pna,pna,Pamona,14A,Fixed Stress Locations,Penultimate,Adriani-1931,
14A-rti,rti,Roti,14A,Fixed Stress Locations,Penultimate,Fox-and-Grimes-1995;Jonker-1915,
14A-sea,sea,Southeast Ambrym,14A,Fixed Stress Locations,No fixed stress,Parker-1968[81-91],
14A-des,des,Desano,14A,Fixed Stress Locations,No fixed stress,Miller-1999,
14A-dhw,dhw,Dharawal,14A,Fixed Stress Locations,No fixed stress,Eades-1976,
14A-nbb,nbb,Nambas (Big),14A,Fixed Stress Locations,Penultimate,Fox-1979,
14A-tor,tor,Toratán,14A,Fixed Stress Locations,Penultimate,Sneddon-1984,
14A-agu,agu,Aguacatec,14A,Fixed Stress Locations,No fixed stress,McArthur-and-McArthur-1956[72-76],
14A-mrs,mrs,Mairasi,14A,Fixed Stress Locations,No fixed stress,Peckham-1991,
14A-ono,ono,Ono,14A,Fixed Stress Locations,Initial,Phinnemore-1985,
14A-bui,bui,Buli (in Indonesia),14A,Fixed Stress Locations,No fixed stress,Maan-1951,
14A-far,far,Faroese,14A,Fixed Stress Locations,Initial,Arnason-1999;Lockwood-1955,
14A-hmu,hmu,Huitoto (Muinane),14A,Fixed Stress Locations,Initial,Minor-1956;Minor-and-Minor-1971,
14A-kjo,kjo,Konjo,14A,Fixed Stress Locations,Penultimate,Friberg-1995;Friberg-and-Friberg-1989,
14A-put,put,Paiute (Southern),14A,Fixed Stress Locations,Second,Harms-1966;Sapir-1930,
14A-yir,yir,Yir Yiront,14A,Fixed Stress Locations,Initial,Alpher-1991,
14A-gll,gll,Galela,14A,Fixed Stress Locations,Penultimate,van-Baarda-1891;van-Baarda-1908;Shelden-1990[77-88],
14A-lrk,lrk,Larike,14A,Fixed Stress Locations,Penultimate,Laidig-1992;Laidig-and-Laidig-1991,
14A-svk,svk,Slovak,14A,Fixed Stress Locations,Initial,Dogil-1999;Kralj-1988;Letz-1950;Rubach-1991,
14A-tsa,tsa,Tsakhur,14A,Fixed Stress Locations,Ultimate,Ibragimov-1990;Kodzasov-1999a,
14A-bgv,bgv,Bagvalal,14A,Fixed Stress Locations,No fixed stress,Kodzasov-1999a,
14A-nne,nne,Nengone,14A,Fixed Stress Locations,Penultimate,Tryon-1967b;Tryon-and-Dubois-1969,
14A-uma,uma,Uma,14A,Fixed Stress Locations,Penultimate,Esser-1964;Martens-1995;Martens-1988a,
14A-bal,bal,Balinese,14A,Fixed Stress Locations,Ultimate,Kersten-1948;Barber-1977;Ward-1973;Clynes-1995b[495-510];Clynes-nd[495-510],
14A-bug,bug,Bugis,14A,Fixed Stress Locations,Penultimate,Matthes-1875;Samsuri-1965;Sirk-1983;Abas-and-Grimes-1995[549-562],
14A-cap,cap,Capanahua,14A,Fixed Stress Locations,No fixed stress,Loos-1969;Safir-1979,
14A-nya,nya,Nyawaygi,14A,Fixed Stress Locations,No fixed stress,Dixon-1983,
14A-srb,srb,Sorbian,14A,Fixed Stress Locations,Initial,Janas-1976;Mucke-1965;Sjwela-1952;Dogil-1999;Wowcerk-1951,
14A-kuu,kuu,Kuuku Ya'u,14A,Fixed Stress Locations,No fixed stress,Thompson-1976b,
14A-nkb,nkb,Ngalkbun,14A,Fixed Stress Locations,Penultimate,Capell-1962b;Sandefur-and-Jentian-1977,
14A-ror,ror,Roro,14A,Fixed Stress Locations,No fixed stress,Strong-1913[286],
14A-wan,wan,Wangkumara,14A,Fixed Stress Locations,Initial,McDonald-and-Wurm-1979,
14A-awe,awe,Arrernte (Western),14A,Fixed Stress Locations,Second,Strehlow-1942[255-302],
14A-kal,kal,Kalami,14A,Fixed Stress Locations,Ultimate,Baart-1997,
14A-try,try,Tiruray,14A,Fixed Stress Locations,Antepenultimate,Schlegel-1971,
14A-uzn,uzn,Uzbek (Northern),14A,Fixed Stress Locations,Ultimate,Raun-1969,
14A-vot,vot,Votic,14A,Fixed Stress Locations,Initial,Ariste-1968,
14A-cav,cav,Cavineña,14A,Fixed Stress Locations,Penultimate,Key-1968,
14A-myn,myn,Ma'anyan,14A,Fixed Stress Locations,Penultimate,Sundermann-1913a,
14A-sdh,sdh,Sindhi,14A,Fixed Stress Locations,No fixed stress,Khubchandani-1969,
14A-tmc,tmc,Timucua,14A,Fixed Stress Locations,Initial,Granberry-1956,
14A-lmh,lmh,Lamaholot,14A,Fixed Stress Locations,No fixed stress,Arndt-1937,
14A-teh,teh,Tehuelche,14A,Fixed Stress Locations,Initial,Schmid-1910,
14A-yan,yan,Yana,14A,Fixed Stress Locations,No fixed stress,Sapir-and-Swadesh-1960,
14A-gug,gug,Gugada,14A,Fixed Stress Locations,Initial,Platt-1972,
14A-kop,kop,Komi-Permyak,14A,Fixed Stress Locations,No fixed stress,Austerlitz-1964;Itkonen-1955;Lytkin-1961,
14A-mbb,mbb,Mbabaram,14A,Fixed Stress Locations,Second,Dixon-1970,
14A-mea,mea,Meyah,14A,Fixed Stress Locations,No fixed stress,Gravelle-and-Gravelle-1991,
14A-gid,gid,Gidabal,14A,Fixed Stress Locations,Initial,Geytenbeek-and-Geytenbeek-1971,
14A-mdm,mdm,Madimadi,14A,Fixed Stress Locations,No fixed stress,Hercus-1969a,
14A-tbl,tbl,Tabla,14A,Fixed Stress Locations,No fixed stress,Collier-and-Collier-1986,
14A-agt,agt,Anguthimri,14A,Fixed Stress Locations,Initial,Crowley-1981,
14A-bdm,bdm,Badimaya,14A,Fixed Stress Locations,Initial,Dunn-1988,
14A-bkl,bkl,Bikol,14A,Fixed Stress Locations,No fixed stress,Mintz-1971a;Mintz-1973;Mintz-and-Del-Rosario-Britanico-1985,
14A-buu,buu,Buru,14A,Fixed Stress Locations,Penultimate,Grimes-1995;Hendriks-1897,
14A-lar,lar,Laragia,14A,Fixed Stress Locations,No fixed stress,Capell-1984b,
14A-rit,rit,Ritharngu,14A,Fixed Stress Locations,Initial,Heath-1980a,
14A-srd,srd,Sardinian,14A,Fixed Stress Locations,No fixed stress,Wagner-1984;Virdis-1978;Porru-1975;Jones-1988;Blasco-1986;Roca-1999,
14A-tlo,tlo,Tobelo,14A,Fixed Stress Locations,No fixed stress,Hueting-1908;Hueting-1936,
14A-cya,cya,Chatino (Yaitepec),14A,Fixed Stress Locations,Ultimate,Upson-and-Longacre-1965,
14A-let,let,Leti,14A,Fixed Stress Locations,No fixed stress,van-Engelenhoven-1995,
14A-mae,mae,Mae,14A,Fixed Stress Locations,Antepenultimate,Capell-1962a,
14A-mrw,mrw,Muruwari,14A,Fixed Stress Locations,No fixed stress,Oates-1988,
14A-sak,sak,Sakao,14A,Fixed Stress Locations,No fixed stress,Guy-1974a,
14A-acg,acg,Achagua,14A,Fixed Stress Locations,Initial,Wilson-and-Levinsohn-1992,
14A-bho,bho,Bhojpuri,14A,Fixed Stress Locations,No fixed stress,Trammell-1971,
14A-eno,eno,Enggano,14A,Fixed Stress Locations,Penultimate,Kohler-1939,
14A-ngd,ngd,Ngad'a,14A,Fixed Stress Locations,No fixed stress,Moore-1980;Arndt-1933b;Djawanai-1977;Djawanai-and-Grimes-1995,
14A-cpn,cpn,Chepang,14A,Fixed Stress Locations,Initial,Caughley-1982,
14A-for,for,Fore,14A,Fixed Stress Locations,No fixed stress,Nicholson-and-Nicholson-1962,
14A-mcd,mcd,Macedonian,14A,Fixed Stress Locations,Antepenultimate,Lunt-1952,
14A-mny,mny,Margany,14A,Fixed Stress Locations,Initial,Breen-1981a,
14A-yny,yny,Yanyuwa,14A,Fixed Stress Locations,Penultimate,Kirton-1977,
14A-aln,aln,Alune,14A,Fixed Stress Locations,Penultimate,Taguchi-and-Taguchi-1990[95-127],
14A-woi,woi,Woisika,14A,Fixed Stress Locations,No fixed stress,Stokhof-1979,
14A-wlo,wlo,Wolio,14A,Fixed Stress Locations,No fixed stress,Anceaux-and-Grimes-1995;Anceaux-1952,
14A-jav,jav,Javanese,14A,Fixed Stress Locations,No fixed stress,Dudas-1976;Herrfurth-1964;Horne-1961;Noordenbos-1941;Prijohoetomo-1937;Ras-1985,
14A-pkn,pkn,Paakantyi,14A,Fixed Stress Locations,Initial,Hercus-1982,
14A-pul,pul,Puluwat,14A,Fixed Stress Locations,No fixed stress,Elbert-1974,
14A-tps,tps,Tepehuan (Southeastern),14A,Fixed Stress Locations,No fixed stress,Willett-1982;Kim-1988,
14A-ywl,ywl,Yawelmani,14A,Fixed Stress Locations,Penultimate,Newman-1944,
14A-bua,bua,Burarra,14A,Fixed Stress Locations,Initial,Glasgow-1981;Glasgow-and-Glasgow-1967[1-14],
14A-guj,guj,Gujarati,14A,Fixed Stress Locations,No fixed stress,Cardona-1965,
14A-mng,mng,Manggarai,14A,Fixed Stress Locations,No fixed stress,Burger-1946;Verheijen-and-Grimes-1995,
14A-plh,plh,Paulohi,14A,Fixed Stress Locations,Penultimate,Stresemann-1918,
14A-pme,pme,Pomo (Eastern),14A,Fixed Stress Locations,Second,McLendon-1975,
14A-aro,aro,Arosi,14A,Fixed Stress Locations,Initial,Capell-1971,
14A-god,god,Godoberi,14A,Fixed Stress Locations,No fixed stress,Kodzasov-1999a;Saidova-1973,
14A-sio,sio,Sio,14A,Fixed Stress Locations,No fixed stress,Soetenga-1993,
14A-wrg,wrg,Warrgamay,14A,Fixed Stress Locations,No fixed stress,Dixon-1981,
14A-yin,yin,Yindjibarndi,14A,Fixed Stress Locations,No fixed stress,Wordick-1982;Kager-1992,
14A-au,au,Au,14A,Fixed Stress Locations,No fixed stress,Scorza-1985[215-273],
14A-slo,slo,Slovene,14A,Fixed Stress Locations,No fixed stress,Gvozdanovic-1999,
14A-taj,taj,Tajik,14A,Fixed Stress Locations,Ultimate,Rastorgueva-1963,
14A-tno,tno,Tondano,14A,Fixed Stress Locations,No fixed stress,Sneddon-1975,
14A-crn,crn,Cornish,14A,Fixed Stress Locations,Penultimate,George-1993;Pool-1958;Thomas-1992b,
14A-ese,ese,Ese Ejja,14A,Fixed Stress Locations,Penultimate,Key-1968,
14A-lmp,lmp,Lampung,14A,Fixed Stress Locations,Ultimate,Walker-1975a,
14A-naj,naj,Neo-Aramaic (Arbel Jewish),14A,Fixed Stress Locations,Penultimate,Khan-1999;Arsanis-1968[489-507],
14A-yuw,yuw,Yuwaalaraay,14A,Fixed Stress Locations,No fixed stress,Williams-1980a,
14A-ceb,ceb,Cebuano,14A,Fixed Stress Locations,No fixed stress,Shryrock-1993,
14A-djr,djr,Djaru,14A,Fixed Stress Locations,No fixed stress,Tsunoda-1981,
14A-sro,sro,Siroi,14A,Fixed Stress Locations,Second,Wells-1979,
14A-asy,asy,Arabic (Syrian),14A,Fixed Stress Locations,No fixed stress,McCarthy-1980[77-99],
14A-mnm,mnm,Manam,14A,Fixed Stress Locations,No fixed stress,Chaski-1985;Lichtenberk-1983,
14A-wbn,wbn,Wambon,14A,Fixed Stress Locations,Penultimate,de-Vries-and-de-Vries-Wiersma-1992,
14A-dji,dji,Djingili,14A,Fixed Stress Locations,Penultimate,Chadwick-1975,
14A-min,min,Minangkabau,14A,Fixed Stress Locations,Penultimate,Adelaar-1995a;van-der-Toorn-1899,
14A-moh,moh,Mohawk,14A,Fixed Stress Locations,Penultimate,Michelson-1988;Bonvillain-1973,
14A-nua,nua,Nuaulu,14A,Fixed Stress Locations,Penultimate,Bolton-1990;Bolton-1989,
14A-irr,irr,Irarutu,14A,Fixed Stress Locations,Ultimate,Voorhoeve-1995;Matsumura-1991b,
14A-koy,koy,Koya,14A,Fixed Stress Locations,Initial,Tyler-1969,
14A-men,men,Menomini,14A,Fixed Stress Locations,No fixed stress,Bloomfield-1962;Pesetsky-1979,
14A-nia,nia,Nias,14A,Fixed Stress Locations,Penultimate,Sundermann-1913b,
14A-ppi,ppi,Pitta Pitta,14A,Fixed Stress Locations,Initial,Blake-1979c;Blake-and-Breen-1971,
14A-rot,rot,Rotuman,14A,Fixed Stress Locations,No fixed stress,Churchward-1940,
14A-slp,slp,Selepet,14A,Fixed Stress Locations,Initial,McElhanon-1970b,
14A-shi,shi,Shiriana,14A,Fixed Stress Locations,Ultimate,Migliazza-and-Grimes-1961,
14A-tol,tol,Tol,14A,Fixed Stress Locations,No fixed stress,Fleming-and-Dennis-1977,
14A-ccp,ccp,Cocopa,14A,Fixed Stress Locations,Ultimate,Crawford-1966[28-29];Crawford-1989,
14A-kam,kam,Kambera,14A,Fixed Stress Locations,Penultimate,Klamer-1994,
14A-mai,mai,Maithili,14A,Fixed Stress Locations,No fixed stress,Davis-1984;Jha-1958;Yadav-1984,
14A-ser,ser,Seri,14A,Fixed Stress Locations,No fixed stress,Marlett-1988,
14A-tng,tng,Tongan,14A,Fixed Stress Locations,No fixed stress,Feldman-1978;Churchward-1953,
14A-wrl,wrl,Warlpiri,14A,Fixed Stress Locations,Initial,Reece-1970;Nash-1986,
14A-kws,kws,Kawaiisu,14A,Fixed Stress Locations,No fixed stress,Zigmond-et-al-1990-1991,
14A-aly,aly,Alyawarra,14A,Fixed Stress Locations,Second,Yallop-1977,
14A-taw,taw,Tawala,14A,Fixed Stress Locations,Penultimate,Ezard-1991,
14A-kwk,kwk,Kwakw'ala,14A,Fixed Stress Locations,No fixed stress,Boas-1947;Bach-1975,
14A-mlt,mlt,Maltese,14A,Fixed Stress Locations,No fixed stress,Aquilina-1959;French-1978;Schabert-1976;Sutcliffe-1936,
14A-wah,wah,Wahgi,14A,Fixed Stress Locations,Ultimate,Phillips-1976;Luzbetak-1956,
14A-bae,bae,Baré,14A,Fixed Stress Locations,Penultimate,Aikhenvald-1996,
14A-ben,ben,Bengali,14A,Fixed Stress Locations,Initial,Bykova-1981,
14A-mme,mme,Mari (Meadow),14A,Fixed Stress Locations,No fixed stress,Gruzov-1960;Itkonen-1955;Kangasmaa-Minn-1998;Sebeok-and-Ingemann-1961;Timofeeva-1961,
14A-sno,sno,Saami (Northern),14A,Fixed Stress Locations,Initial,Itkonen-1955,
14A-kya,kya,Kuku-Yalanji,14A,Fixed Stress Locations,Initial,Oates-and-Oates-1964,
14A-sah,sah,Sahu,14A,Fixed Stress Locations,Antepenultimate,Visser-and-Voorhoeve-1987,
14A-skp,skp,Selkup,14A,Fixed Stress Locations,No fixed stress,McNaughton-1976,
14A-alw,alw,Alawa,14A,Fixed Stress Locations,Penultimate,Sharpe-1972,
14A-bbw,bbw,Bininj Gun-Wok,14A,Fixed Stress Locations,Initial,Oates-1964a,
14A-grr,grr,Garrwa,14A,Fixed Stress Locations,Initial,Furby-1974,
14A-kgu,kgu,Kalkatungu,14A,Fixed Stress Locations,Initial,Blake-1969,
14A-tib,tib,Tibetan (Standard Spoken),14A,Fixed Stress Locations,No fixed stress,Goldstein-and-Nornang-1978,
14A-cct,cct,Choctaw,14A,Fixed Stress Locations,No fixed stress,Nicklas-1975;Ulrich-1986;Munro-and-Ulrich-1984;Nicklas-1974,
14A-oss,oss,Ossetic,14A,Fixed Stress Locations,No fixed stress,Abaev-1964,
14A-tas,tas,Tashlhiyt,14A,Fixed Stress Locations,Ultimate,Applegate-1958,
14A-tla,tla,Tolai,14A,Fixed Stress Locations,Second,Franklin-et-al-1974,
14A-yel,yel,Yelî Dnye,14A,Fixed Stress Locations,Initial,Henderson-1995;Henderson-1975,
14A-ara,ara,Arawak,14A,Fixed Stress Locations,Initial,Pet-1979,
14A-bto,bto,Batak (Toba),14A,Fixed Stress Locations,Penultimate,Nababan-1981;Adelaar-1995b;van-der-Tuuk-1864;Percival-1981,
14A-snc,snc,Seneca,14A,Fixed Stress Locations,No fixed stress,Chafe-1977;Chafe-1960;Chafe-and-Foster-1981;Foster-1982,
14A-tah,tah,Tahitian,14A,Fixed Stress Locations,No fixed stress,Vergnaud-and-Halle-1978;Tryon-1976,
14A-uhi,uhi,Uradhi,14A,Fixed Stress Locations,Second,Crowley-1983;Hale-1976a,
14A-cze,cze,Czech,14A,Fixed Stress Locations,Initial,Harkins-1953;Jakobson-1926,
14A-dsh,dsh,Danish,14A,Fixed Stress Locations,No fixed stress,Rischel-1970;Rischel-1972;Rischel-1982,
14A-kwa,kwa,Kwaio,14A,Fixed Stress Locations,Penultimate,Keesing-1985,
14A-ctl,ctl,Catalan,14A,Fixed Stress Locations,No fixed stress,Mascaro-1978;Roca-1999;Wheeler-1979;Wheeler-1988b;Hualde-1992;Gulsoy-1982;Fabra-1897;Fabra-1956,
14A-lui,lui,Luiseño,14A,Fixed Stress Locations,No fixed stress,Kroeber-and-Grace-1960;Munro-1990,
14A-nmb,nmb,Nambikuára (Southern),14A,Fixed Stress Locations,Ultimate,Price-1976,
14A-por,por,Portuguese,14A,Fixed Stress Locations,No fixed stress,Abaurre-and-Wetzels-1992;Camara-and-Mattoso-1979;Martins-1982;Parkinson-1988;Roca-1999;Mateus-et-al-1989,
14A-sun,sun,Sundanese,14A,Fixed Stress Locations,No fixed stress,Coolsma-1904;Clynes-1995a,
14A-est,est,Estonian,14A,Fixed Stress Locations,Initial,Eek-1975;Hint-1973,
14A-gae,gae,Gaelic (Scots),14A,Fixed Stress Locations,Initial,Gillies-1993;Dorian-1978,
14A-guu,guu,Guugu Yimidhirr,14A,Fixed Stress Locations,Initial,de-Zwaan-1969,
14A-hop,hop,Hopi,14A,Fixed Stress Locations,No fixed stress,Seaman-1985;Whorf-1946a;Kalectaca-1978;Hopi-Project-1998;Jeanne-1978,
14A-mis,mis,Miskito,14A,Fixed Stress Locations,Initial,Anonymous-1985,
14A-tac,tac,Tacana,14A,Fixed Stress Locations,Penultimate,Key-1968,
14A-wiy,wiy,Wiyot,14A,Fixed Stress Locations,No fixed stress,Proulx-1984,
14A-len,len,Lenakel,14A,Fixed Stress Locations,Penultimate,Lynch-1974;Lynch-1978,
14A-mam,mam,Mam,14A,Fixed Stress Locations,No fixed stress,England-1983,
14A-arg,arg,Arabic (Gulf),14A,Fixed Stress Locations,No fixed stress,Qafisheh-1977,
14A-cub,cub,Cubeo,14A,Fixed Stress Locations,No fixed stress,Morse-and-Maxwell-1999a,
14A-htc,htc,Huastec,14A,Fixed Stress Locations,No fixed stress,Larsen-and-Pike-1949,
14A-sed,sed,Sedang,14A,Fixed Stress Locations,Ultimate,Smith-1979,
14A-bsk,bsk,Bashkir,14A,Fixed Stress Locations,Ultimate,Dmitriev-1948;Poppe-1964,
14A-mlk,mlk,Malakmalak,14A,Fixed Stress Locations,No fixed stress,Birk-1975,
14A-mns,mns,Mansi,14A,Fixed Stress Locations,Initial,Kalman-1965;Lako-1957;Rombandeeva-1973,
14A-mna,mna,Muna,14A,Fixed Stress Locations,Penultimate,van-den-Berg-1989b,
14A-ngl,ngl,Ngalakan,14A,Fixed Stress Locations,Penultimate,Merlan-1983,
14A-scr,scr,Serbian-Croatian,14A,Fixed Stress Locations,No fixed stress,Gvozdanovic-1999;Hodge-1946,
14A-arc,arc,Archi,14A,Fixed Stress Locations,No fixed stress,Kodzasov-1999a;Kibrik-et-al-1977,
14A-ava,ava,Avar,14A,Fixed Stress Locations,No fixed stress,Bokarev-1949a;Charachidze-1981;Kodzasov-1999a,
14A-mym,mym,Malayalam,14A,Fixed Stress Locations,No fixed stress,Asher-and-Kumari-1997,
14A-awt,awt,Awtuw,14A,Fixed Stress Locations,Penultimate,Feldman-1986,
14A-klm,klm,Klamath,14A,Fixed Stress Locations,No fixed stress,Barker-1964,
14A-nep,nep,Nepali,14A,Fixed Stress Locations,No fixed stress,Meerendonk-1949,
14A-nor,nor,Norwegian,14A,Fixed Stress Locations,No fixed stress,Rice-1999,
14A-bre,bre,Breton,14A,Fixed Stress Locations,Penultimate,Bothorel-1982;Stephens-1993;Ternes-1992,
14A-psh,psh,Pashto,14A,Fixed Stress Locations,No fixed stress,Becka-1969;Shafeev-1964,
14A-wao,wao,Waorani,14A,Fixed Stress Locations,Initial,Pike-1964,
14A-kon,kon,Kongo,14A,Fixed Stress Locations,Initial,Bentley-1887,
14A-tsh,tsh,Tümpisa Shoshone,14A,Fixed Stress Locations,No fixed stress,Dayley-1989b;Dayley-1989a,
14A-wel,wel,Welsh,14A,Fixed Stress Locations,Penultimate,Jones-1955;Jones-and-Thomas-1977;Watkins-1993;Ball-1993;MacAulay-1992c;Williams-1980b,
14A-yap,yap,Yapese,14A,Fixed Stress Locations,No fixed stress,Jensen-et-al-1977a,
14A-iaa,iaa,Iaai,14A,Fixed Stress Locations,Initial,Tryon-1968,
14A-jaq,jaq,Jaqaru,14A,Fixed Stress Locations,Penultimate,Hardman-1966,
14A-tgk,tgk,Tigak,14A,Fixed Stress Locations,Initial,Beaumont-1979,
14A-die,die,Diegueño (Mesa Grande),14A,Fixed Stress Locations,No fixed stress,Couro-and-Hutcheson-1973;Langdon-1970,
14A-diy,diy,Diyari,14A,Fixed Stress Locations,Initial,Austin-1978;Austin-1981,
14A-ice,ice,Icelandic,14A,Fixed Stress Locations,Initial,Arnasonar-1980,
14A-mne,mne,Maidu (Northeast),14A,Fixed Stress Locations,No fixed stress,Robbins-1991;Shipley-1964,
14A-eka,eka,Ekari,14A,Fixed Stress Locations,No fixed stress,Doble-1962;Doble-1987;Drabbe-1952,
14A-mac,mac,Macushi,14A,Fixed Stress Locations,Ultimate,Abbott-1991;Carson-1982;Hawkins-1950,
14A-mrd,mrd,Marind,14A,Fixed Stress Locations,Ultimate,Drabbe-1955;Geurtjens-1926b,
14A-swe,swe,Swedish,14A,Fixed Stress Locations,No fixed stress,Bruce-1999a,
14A-ace,ace,Acehnese,14A,Fixed Stress Locations,Ultimate,Durie-1985;van-Langen-1889;Cowan-1981[522-549];Durie-1995,
14A-chv,chv,Chuvash,14A,Fixed Stress Locations,No fixed stress,Kruger-1961,
14A-dut,dut,Dutch,14A,Fixed Stress Locations,No fixed stress,Kager-1989;Trommelen-and-Zonneveld-1999a;van-der-Hulst-1984,
14A-pur,pur,Purépecha,14A,Fixed Stress Locations,Initial,Foster-1969,
14A-dyi,dyi,Dyirbal,14A,Fixed Stress Locations,Initial,Dixon-1972,
14A-haw,haw,Hawaiian,14A,Fixed Stress Locations,Penultimate,Elbert-and-Keala-1961;Elbert-and-Pukui-1979,
14A-ita,ita,Italian,14A,Fixed Stress Locations,No fixed stress,Vogel-and-Scalise-1982;Lepschy-1978;Vincent-1988;Muljacic-1972;Roca-1999;Saltarelli-1970;Malagoli-1946;Bertinetto-1981,
14A-lit,lit,Lithuanian,14A,Fixed Stress Locations,No fixed stress,Girdenis-1985;Leskien-1919;Ambrazas-1997;Otrebski-1958-1965;Mathiassen-1996;Young-1991,
14A-rom,rom,Romanian,14A,Fixed Stress Locations,No fixed stress,Ulivi-1977;Avram-1978;Steriade-1984;Roca-1999;Graur-and-Rosetti-1938;Lombard-1935;Ulivi-1985;Augerot-1974,
14A-yuc,yuc,Yuchi,14A,Fixed Stress Locations,No fixed stress,Wagner-1933-1938,
14A-zun,zun,Zuni,14A,Fixed Stress Locations,Initial,Miner-1986;Bunzel-1933-1938,
14A-snt,snt,Sentani,14A,Fixed Stress Locations,No fixed stress,Foley-1986;Cowan-1965,
14A-ypk,ypk,Yup'ik (Central),14A,Fixed Stress Locations,No fixed stress,Leer-1985a;Jacobson-1985;Miyaoka-1985;Woodbury-1987,
14A-pol,pol,Polish,14A,Fixed Stress Locations,Penultimate,Franks-1985,
14A-ker,ker,Kera,14A,Fixed Stress Locations,No fixed stress,Ebert-1979,
14A-wam,wam,Wambaya,14A,Fixed Stress Locations,No fixed stress,Nordlinger-1998,
14A-car,car,Carib,14A,Fixed Stress Locations,No fixed stress,Hoff-1968;Derbyshire-1999,
14A-mak,mak,Makah,14A,Fixed Stress Locations,No fixed stress,Jacobsen-1979,
14A-tsi,tsi,Tsimshian (Coast),14A,Fixed Stress Locations,Ultimate,Dunn-1995,
14A-tun,tun,Tunica,14A,Fixed Stress Locations,Initial,Haas-1953,
14A-mku,mku,Maranungku,14A,Fixed Stress Locations,Initial,Tryon-1970b,
14A-mrl,mrl,Murle,14A,Fixed Stress Locations,No fixed stress,Arensen-1982,
14A-psm,psm,Passamaquoddy-Maliseet,14A,Fixed Stress Locations,No fixed stress,Teeter-and-LeSourd-1983;Teeter-1971;LeSourd-1993,
14A-pit,pit,Pitjantjatjara,14A,Fixed Stress Locations,Initial,Glass-and-Hackett-1970;Douglas-1959,
14A-ana,ana,Araona,14A,Fixed Stress Locations,Second,de-Pitman-1981,
14A-cyv,cyv,Cayuvava,14A,Fixed Stress Locations,Antepenultimate,Key-1967;Key-and-Key-1967;Key-1963a;Key-1961,
14A-dio,dio,Diola-Fogny,14A,Fixed Stress Locations,Initial,Sapir-1965,
14A-arm,arm,Armenian (Eastern),14A,Fixed Stress Locations,No fixed stress,Abeghian-1936;Fairbanks-1958;Gulian-1957,
14A-aym,aym,Aymara (Central),14A,Fixed Stress Locations,Penultimate,Hardman-de-Bautista-et-al-1988,
14A-baw,baw,Bawm,14A,Fixed Stress Locations,Ultimate,Reichle-1981,
14A-nbd,nbd,Nubian (Dongolese),14A,Fixed Stress Locations,No fixed stress,Armbruster-1960,
14A-wrd,wrd,Wardaman,14A,Fixed Stress Locations,Penultimate,Merlan-1994,
14A-kmu,kmu,Khmu',14A,Fixed Stress Locations,Ultimate,Premsrirat-1987,
14A-usa,usa,Usan,14A,Fixed Stress Locations,No fixed stress,Reesink-1987,
14A-pai,pai,Paiwan,14A,Fixed Stress Locations,Penultimate,Ferrell-1982,
14A-ung,ung,Ungarinjin,14A,Fixed Stress Locations,No fixed stress,Capell-1970,
14A-bej,bej,Beja,14A,Fixed Stress Locations,No fixed stress,Almkvist-1881,
14A-dre,dre,Drehu,14A,Fixed Stress Locations,Initial,Tryon-1967a,
14A-pms,pms,Paamese,14A,Fixed Stress Locations,Antepenultimate,Crowley-1982,
14A-mss,mss,Miwok (Southern Sierra),14A,Fixed Stress Locations,No fixed stress,Broadbent-1964;Freeland-1951,
14A-sml,sml,Semelai,14A,Fixed Stress Locations,Ultimate,Kruspe-1999,
14A-nez,nez,Nez Perce,14A,Fixed Stress Locations,No fixed stress,Aoki-1970,
14A-cah,cah,Cahuilla,14A,Fixed Stress Locations,Initial,Seiler-1965;Seiler-1972;Seiler-1967,
14A-cle,cle,Chinantec (Lealao),14A,Fixed Stress Locations,No fixed stress,Rupp-1989,
14A-knm,knm,Kunama,14A,Fixed Stress Locations,No fixed stress,Bender-1996;Tucker-and-Bryan-1966,
14A-nav,nav,Navajo,14A,Fixed Stress Locations,No fixed stress,Baskakov-1966c[107],
14A-zqc,zqc,Zoque (Copainalá),14A,Fixed Stress Locations,Penultimate,Knudson-1975;Wonderly-1951a,
14A-bkr,bkr,Batak (Karo),14A,Fixed Stress Locations,No fixed stress,Neumann-1922;Joustra-1901,
14A-cmn,cmn,Comanche,14A,Fixed Stress Locations,Initial,Charney-1993;Osborn-and-Smalley-1949,
14A-iri,iri,Irish,14A,Fixed Stress Locations,Initial,Bammesberger-1983;O-Siadhail-1989,
14A-squ,squ,Squamish,14A,Fixed Stress Locations,Penultimate,Demers-and-Horn-1978,
14A-tru,tru,Trumai,14A,Fixed Stress Locations,Ultimate,Guirardello-1999a,
14A-dni,dni,Dani (Lower Grand Valley),14A,Fixed Stress Locations,Ultimate,Bromley-1961,
14A-nen,nen,Nenets,14A,Fixed Stress Locations,Initial,Salminen-1993-99,
14A-urk,urk,Urubú-Kaapor,14A,Fixed Stress Locations,Ultimate,Kakumasu-1986,
14A-coo,coo,Coos (Hanis),14A,Fixed Stress Locations,No fixed stress,Frachtenberg-1922a,
14A-cre,cre,Cree (Plains),14A,Fixed Stress Locations,Antepenultimate,Okimasis-and-Ratt-1999;Wolfart-1996,
14A-nht,nht,Nahuatl (Tetelcingo),14A,Fixed Stress Locations,Penultimate,Pittman-1954,
14A-yim,yim,Yimas,14A,Fixed Stress Locations,Initial,Foley-1991,
14A-mun,mun,Mundari,14A,Fixed Stress Locations,No fixed stress,Cook-1965,
14A-yid,yid,Yidiny,14A,Fixed Stress Locations,No fixed stress,Dixon-1977b;Dixon-1977a;Nash-1979,
14A-krk,krk,Karok,14A,Fixed Stress Locations,No fixed stress,Bright-1957,
14A-tab,tab,Taba,14A,Fixed Stress Locations,Penultimate,Bowden-1997a,
14A-pau,pau,Paumarí,14A,Fixed Stress Locations,Antepenultimate,Chapman-and-Derbyshire-1991,
14A-arp,arp,Arapesh (Mountain),14A,Fixed Stress Locations,Penultimate,Fortune-1942;Gerstner-1963;Conrad-and-Wogiga-1991,
14A-ond,ond,Oneida,14A,Fixed Stress Locations,Penultimate,Michelson-1988,
14A-asm,asm,Asmat,14A,Fixed Stress Locations,Ultimate,Voorhoeve-1965,
14A-grb,grb,Grebo,14A,Fixed Stress Locations,No fixed stress,Innes-1966,
14A-khs,khs,Khasi,14A,Fixed Stress Locations,Ultimate,Rabel-1961,
14A-khm,khm,Khmer,14A,Fixed Stress Locations,Ultimate,Gorgoniyev-1966;Griffith-1991;Huffman-1970b;Jacob-1968;Nacaskul-1978,
14A-wic,wic,Wichita,14A,Fixed Stress Locations,No fixed stress,Rood-1996,
14A-klv,klv,Kilivila,14A,Fixed Stress Locations,No fixed stress,Senft-1986,
14A-nug,nug,Nunggubuyu,14A,Fixed Stress Locations,Penultimate,Hore-1981,
14A-irq,irq,Iraqw,14A,Fixed Stress Locations,No fixed stress,Mous-1993,
14A-kew,kew,Kewa,14A,Fixed Stress Locations,No fixed stress,Franklin-1971;Franklin-and-Franklin-1978;Franklin-1967,
14A-snm,snm,Sanuma,14A,Fixed Stress Locations,Penultimate,Borgman-1990,
14A-shk,shk,Shipibo-Konibo,14A,Fixed Stress Locations,No fixed stress,Faust-1973,
14A-epe,epe,Epena Pedee,14A,Fixed Stress Locations,No fixed stress,Harms-1994,
14A-koa,koa,Koasati,14A,Fixed Stress Locations,No fixed stress,Kimball-1991,
14A-luv,luv,Luvale,14A,Fixed Stress Locations,Penultimate,Horton-1949,
14A-bag,bag,Bagirmi,14A,Fixed Stress Locations,Ultimate,Gaden-1909;Stevenson-1969,
14A-hzb,hzb,Hunzib,14A,Fixed Stress Locations,No fixed stress,van-den-Berg-1995,
14A-ing,ing,Ingush,14A,Fixed Stress Locations,Initial,Nichols-1994b,
14A-mau,mau,Maung,14A,Fixed Stress Locations,Penultimate,Capell-and-Hinch-1970,
14A-kfe,kfe,Koromfe,14A,Fixed Stress Locations,Initial,Rennison-1997,
14A-qim,qim,Quechua (Imbabura),14A,Fixed Stress Locations,Penultimate,Cole-1982,
14A-ram,ram,Rama,14A,Fixed Stress Locations,No fixed stress,Grinevald-nd,
14A-wch,wch,Wichí,14A,Fixed Stress Locations,Initial,Vinas-Urquiza-1974,
14A-niv,niv,Nivkh,14A,Fixed Stress Locations,Initial,Gruzdeva-1998,
14A-apu,apu,Apurinã,14A,Fixed Stress Locations,No fixed stress,Facundes-2000,
14A-bma,bma,Berber (Middle Atlas),14A,Fixed Stress Locations,Ultimate,Abdel-Massih-1971,
14A-wra,wra,Warao,14A,Fixed Stress Locations,Penultimate,Romero-Figueroa-1997;Osborn-1966,
14A-kob,kob,Kobon,14A,Fixed Stress Locations,Penultimate,Davies-1980,
14A-lat,lat,Latvian,14A,Fixed Stress Locations,Initial,Ekblom-1933;Fennell-and-Gelsen-1980;Markus-1991;Markus-1987,
14A-mar,mar,Maricopa,14A,Fixed Stress Locations,Ultimate,Gordon-1986,
14A-ala,ala,Alamblak,14A,Fixed Stress Locations,No fixed stress,Bruce-1984,
14A-goo,goo,Gooniyandi,14A,Fixed Stress Locations,Initial,McGregor-1990,
14A-kut,kut,Kutenai,14A,Fixed Stress Locations,Penultimate,Garvin-1948a,
14A-lav,lav,Lavukaleve,14A,Fixed Stress Locations,Initial,Terrill-1999,
14A-rap,rap,Rapanui,14A,Fixed Stress Locations,Penultimate,Du-Feu-1996,
14A-jak,jak,Jakaltek,14A,Fixed Stress Locations,Initial,Day-1973,
14A-mrt,mrt,Martuthunira,14A,Fixed Stress Locations,Initial,Dench-1987;Dench-1995,
14A-prh,prh,Pirahã,14A,Fixed Stress Locations,No fixed stress,Everett-and-Everett-1984;Everett-1988,
14A-war,war,Wari',14A,Fixed Stress Locations,Ultimate,Everett-and-Kern-1997,
14A-gua,gua,Guaraní,14A,Fixed Stress Locations,Ultimate,Ayala-1993,
14A-ngi,ngi,Ngiyambaa,14A,Fixed Stress Locations,No fixed stress,Donaldson-1980;Donaldson-1977,
14A-kro,kro,Krongo,14A,Fixed Stress Locations,No fixed stress,Reh-1985,
14A-myi,myi,Mangarrayi,14A,Fixed Stress Locations,Penultimate,Merlan-1989,
14A-tiw,tiw,Tiwi,14A,Fixed Stress Locations,Penultimate,Osborne-1974;Lee-1987,
14A-kay,kay,Kayardild,14A,Fixed Stress Locations,Initial,Evans-1995;Keen-1969,
14A-map,map,Mapudungun,14A,Fixed Stress Locations,Second,Echeverria-and-Contreras-1965,
14A-yko,yko,Yukaghir (Kolyma),14A,Fixed Stress Locations,No fixed stress,Maslova-1999,
14A-may,may,Maybrat,14A,Fixed Stress Locations,Initial,Dol-1999,
14A-tuk,tuk,Tukang Besi,14A,Fixed Stress Locations,Penultimate,Donohue-1999a,
14A-bur,bur,Burushaski,14A,Fixed Stress Locations,No fixed stress,Berger-1974;Morgenstierne-1945,
14A-cha,cha,Chamorro,14A,Fixed Stress Locations,No fixed stress,Chung-1983;Seiden-1960,
14A-chk,chk,Chukchi,14A,Fixed Stress Locations,Initial,Bogoras-1922,
14A-fij,fij,Fijian,14A,Fixed Stress Locations,No fixed stress,Dixon-1988;Schutz-1985,
14A-heb,heb,Hebrew (Modern),14A,Fixed Stress Locations,Ultimate,Bolozky-1982;Glinert-1989,
14A-lan,lan,Lango,14A,Fixed Stress Locations,Initial,Noonan-1992,
14A-yaq,yaq,Yaqui,14A,Fixed Stress Locations,Initial,Johnson-1962,
14A-zul,zul,Zulu,14A,Fixed Stress Locations,Penultimate,Doke-1945,
14A-sla,sla,Slave,14A,Fixed Stress Locations,No fixed stress,Rice-1989,
14A-aeg,aeg,Arabic (Egyptian),14A,Fixed Stress Locations,No fixed stress,McCarthy-1979a;McCarthy-1979b[443-466],
14A-grw,grw,Greenlandic (West),14A,Fixed Stress Locations,Ultimate,Fortescue-1984;Schultz-Lorentzen-1945;Rischel-1974,
14A-hix,hix,Hixkaryana,14A,Fixed Stress Locations,No fixed stress,Derbyshire-1985;Derbyshire-1979,
14A-swa,swa,Swahili,14A,Fixed Stress Locations,Penultimate,Wald-1987;Ashton-1947,
14A-hin,hin,Hindi,14A,Fixed Stress Locations,No fixed stress,Fairbanks-1981;McGregor-1977,
14A-ckr,ckr,Canela-Krahô,14A,Fixed Stress Locations,Ultimate,Popjes-and-Popjes-1986,
14A-tag,tag,Tagalog,14A,Fixed Stress Locations,Penultimate,Bloomfield-1917;Schachter-and-Otanes-1972;Llamzon-1966,
14A-geo,geo,Georgian,14A,Fixed Stress Locations,Antepenultimate,Fahnrich-1987;Tschenkeli-1958;Aronson-1982;Rudenko-1972;Vogt-1971,
14A-kha,kha,Khalkha,14A,Fixed Stress Locations,No fixed stress,Poppe-1970;Street-1963,
14A-mal,mal,Malagasy,14A,Fixed Stress Locations,Penultimate,Rajaonarimanana-1995,
14A-sup,sup,Supyire,14A,Fixed Stress Locations,Initial,Carlson-1994,
14A-mao,mao,Maori,14A,Fixed Stress Locations,No fixed stress,Ngata-nd;Hohepa-1967,
14A-abk,abk,Abkhaz,14A,Fixed Stress Locations,No fixed stress,Hewitt-1979,
14A-eve,eve,Evenki,14A,Fixed Stress Locations,No fixed stress,Nedjalkov-1997,
14A-prs,prs,Persian,14A,Fixed Stress Locations,Ultimate,Lambton-1953,
14A-ame,ame,Amele,14A,Fixed Stress Locations,No fixed stress,Roberts-1987,
14A-ger,ger,German,14A,Fixed Stress Locations,No fixed stress,Jessen-1999,
14A-grk,grk,Greek (Modern),14A,Fixed Stress Locations,Antepenultimate,Drachman-and-Malikouti-Drachman-1999;Malikouti-Drachman-and-Drachman-1981,
14A-lez,lez,Lezgian,14A,Fixed Stress Locations,No fixed stress,Haspelmath-1993;Kodzasov-1999a,
14A-mnd,mnd,Mandarin,14A,Fixed Stress Locations,No fixed stress,Henne-et-al-1977,
14A-hun,hun,Hungarian,14A,Fixed Stress Locations,Initial,Szinnyei-1912;Kerek-1971,
14A-ind,ind,Indonesian,14A,Fixed Stress Locations,Penultimate,Halim-1974;Samsuri-1971,
14A-fin,fin,Finnish,14A,Fixed Stress Locations,Initial,Fromm-1982,
14A-rus,rus,Russian,14A,Fixed Stress Locations,No fixed stress,Unbegaun-1957;Hamilton-1980;Kodzasov-1999b,
14A-spa,spa,Spanish,14A,Fixed Stress Locations,No fixed stress,Roca-1991;Green-1988;Harris-1969a;Harris-1983;Navarro-1965;Roca-1999;Alarcos-Llorach-1965,
14A-tur,tur,Turkish,14A,Fixed Stress Locations,No fixed stress,Lees-1961;Kornfilt-1997;Underhill-1976;Sezer-1983,
14A-fre,fre,French,14A,Fixed Stress Locations,No fixed stress,Dell-1984;Roca-1999;van-Oostendorp-1995,
14A-eng,eng,English,14A,Fixed Stress Locations,No fixed stress,Trommelen-and-Zonneveld-1999b,
14A-pir,pir,Piro,14A,Fixed Stress Locations,Penultimate,Matteson-1965,
14A-ndy,ndy,Ndyuka,14A,Fixed Stress Locations,No fixed stress,Huttar-and-Huttar-1994,
