{
    "@context": [
        "http://www.w3.org/ns/csvw",
        {
            "@language": "en"
        }
    ],
    "dc:bibliographicCitation": "Dryer, Matthew S. & Haspelmath, Martin (eds.) 2019. The World Atlas of Language Structures Online. Jena: Max Planck Institute for the Science of Human History. (Available online at https://wals.info)",
    "dc:conformsTo": "http://cldf.clld.org/v1.0/terms.rdf#StructureDataset",
    "dc:identifier": "https://wals.info",
    "dc:license": "https://creativecommons.org/licenses/by/4.0/",
    "dc:source": "sources.bib",
    "dc:title": "The World Atlas of Language Structures Online",
    "dcat:accessURL": "https://github.com/cldf-datasets/wals",
    "prov:wasDerivedFrom": [
        {
            "rdf:type": "prov:Entity",
            "dc:title": "Repository",
            "rdf:about": "https://github.com/cldf-datasets/wals",
            "dc:created": "v2014-71-gfb5620e"
        },
        {
            "rdf:type": "prov:Entity",
            "dc:title": "Glottolog",
            "rdf:about": "https://github.com/glottolog/glottolog",
            "dc:created": "v4.1"
        }
    ],
    "prov:wasGeneratedBy": [
        {
            "dc:title": "python",
            "dc:description": "3.5.2"
        },
        {
            "dc:title": "python-packages",
            "dc:relation": "requirements.txt"
        }
    ],
    "rdf:ID": "wals",
    "rdf:type": "http://www.w3.org/ns/dcat#Distribution",
    "dialect": {
        "commentPrefix": null
    },
    "tables": [
        {
            "dc:conformsTo": "http://cldf.clld.org/v1.0/terms.rdf#ValueTable",
            "dc:extent": 76475,
            "tableSchema": {
                "columns": [
                    {
                        "datatype": {
                            "base": "string",
                            "format": "[a-zA-Z0-9_\\-]+"
                        },
                        "propertyUrl": "http://cldf.clld.org/v1.0/terms.rdf#id",
                        "required": true,
                        "name": "ID"
                    },
                    {
                        "datatype": "string",
                        "propertyUrl": "http://cldf.clld.org/v1.0/terms.rdf#languageReference",
                        "required": true,
                        "name": "Language_ID"
                    },
                    {
                        "datatype": "string",
                        "propertyUrl": "http://cldf.clld.org/v1.0/terms.rdf#parameterReference",
                        "required": true,
                        "name": "Parameter_ID"
                    },
                    {
                        "datatype": "string",
                        "null": [
                            "?",
                            ""
                        ],
                        "propertyUrl": "http://cldf.clld.org/v1.0/terms.rdf#value",
                        "required": false,
                        "name": "Value"
                    },
                    {
                        "datatype": "string",
                        "propertyUrl": "http://cldf.clld.org/v1.0/terms.rdf#codeReference",
                        "required": false,
                        "name": "Code_ID"
                    },
                    {
                        "datatype": "string",
                        "propertyUrl": "http://cldf.clld.org/v1.0/terms.rdf#comment",
                        "required": false,
                        "name": "Comment"
                    },
                    {
                        "datatype": "string",
                        "propertyUrl": "http://cldf.clld.org/v1.0/terms.rdf#source",
                        "required": false,
                        "separator": ";",
                        "name": "Source"
                    },
                    {
                        "propertyUrl": "http://cldf.clld.org/v1.0/terms.rdf#exampleReference",
                        "separator": " ",
                        "name": "Example_ID"
                    }
                ],
                "foreignKeys": [
                    {
                        "columnReference": [
                            "Parameter_ID"
                        ],
                        "reference": {
                            "resource": "parameters.csv",
                            "columnReference": [
                                "ID"
                            ]
                        }
                    },
                    {
                        "columnReference": [
                            "Code_ID"
                        ],
                        "reference": {
                            "resource": "codes.csv",
                            "columnReference": [
                                "ID"
                            ]
                        }
                    },
                    {
                        "columnReference": [
                            "Language_ID"
                        ],
                        "reference": {
                            "resource": "languages.csv",
                            "columnReference": [
                                "ID"
                            ]
                        }
                    },
                    {
                        "columnReference": [
                            "Example_ID"
                        ],
                        "reference": {
                            "resource": "examples.csv",
                            "columnReference": [
                                "ID"
                            ]
                        }
                    }
                ],
                "primaryKey": [
                    "ID"
                ]
            },
            "url": "values.csv"
        },
        {
            "dc:conformsTo": "http://cldf.clld.org/v1.0/terms.rdf#ParameterTable",
            "dc:extent": 192,
            "tableSchema": {
                "columns": [
                    {
                        "datatype": {
                            "base": "string",
                            "format": "[a-zA-Z0-9_\\-]+"
                        },
                        "propertyUrl": "http://cldf.clld.org/v1.0/terms.rdf#id",
                        "required": true,
                        "name": "ID"
                    },
                    {
                        "datatype": "string",
                        "propertyUrl": "http://cldf.clld.org/v1.0/terms.rdf#name",
                        "required": false,
                        "name": "Name"
                    },
                    {
                        "datatype": "string",
                        "propertyUrl": "http://cldf.clld.org/v1.0/terms.rdf#description",
                        "required": false,
                        "name": "Description"
                    },
                    {
                        "separator": " ",
                        "name": "Contributor_ID"
                    },
                    {
                        "datatype": "string",
                        "name": "Chapter"
                    },
                    {
                        "datatype": "string",
                        "name": "Area"
                    }
                ],
                "foreignKeys": [
                    {
                        "columnReference": [
                            "Contributor_ID"
                        ],
                        "reference": {
                            "resource": "contributors.csv",
                            "columnReference": [
                                "ID"
                            ]
                        }
                    }
                ],
                "primaryKey": [
                    "ID"
                ]
            },
            "url": "parameters.csv"
        },
        {
            "dc:conformsTo": "http://cldf.clld.org/v1.0/terms.rdf#CodeTable",
            "dc:extent": 1143,
            "tableSchema": {
                "columns": [
                    {
                        "datatype": {
                            "base": "string",
                            "format": "[a-zA-Z0-9_\\-]+"
                        },
                        "propertyUrl": "http://cldf.clld.org/v1.0/terms.rdf#id",
                        "required": true,
                        "name": "ID"
                    },
                    {
                        "datatype": "string",
                        "propertyUrl": "http://cldf.clld.org/v1.0/terms.rdf#parameterReference",
                        "required": true,
                        "name": "Parameter_ID"
                    },
                    {
                        "datatype": "string",
                        "propertyUrl": "http://cldf.clld.org/v1.0/terms.rdf#name",
                        "required": false,
                        "name": "Name"
                    },
                    {
                        "datatype": "string",
                        "propertyUrl": "http://cldf.clld.org/v1.0/terms.rdf#description",
                        "required": false,
                        "name": "Description"
                    },
                    {
                        "datatype": "integer",
                        "name": "Number"
                    },
                    {
                        "datatype": "string",
                        "name": "icon"
                    }
                ],
                "foreignKeys": [
                    {
                        "columnReference": [
                            "Parameter_ID"
                        ],
                        "reference": {
                            "resource": "parameters.csv",
                            "columnReference": [
                                "ID"
                            ]
                        }
                    }
                ],
                "primaryKey": [
                    "ID"
                ]
            },
            "url": "codes.csv"
        },
        {
            "dc:conformsTo": "http://cldf.clld.org/v1.0/terms.rdf#LanguageTable",
            "dc:extent": 2662,
            "tableSchema": {
                "columns": [
                    {
                        "datatype": {
                            "base": "string",
                            "format": "[a-zA-Z0-9_\\-]+"
                        },
                        "propertyUrl": "http://cldf.clld.org/v1.0/terms.rdf#id",
                        "required": true,
                        "name": "ID"
                    },
                    {
                        "datatype": "string",
                        "propertyUrl": "http://cldf.clld.org/v1.0/terms.rdf#name",
                        "required": false,
                        "name": "Name"
                    },
                    {
                        "datatype": "string",
                        "propertyUrl": "http://cldf.clld.org/v1.0/terms.rdf#macroarea",
                        "required": false,
                        "name": "Macroarea"
                    },
                    {
                        "datatype": {
                            "base": "decimal",
                            "minimum": -90,
                            "maximum": 90
                        },
                        "propertyUrl": "http://cldf.clld.org/v1.0/terms.rdf#latitude",
                        "required": false,
                        "name": "Latitude"
                    },
                    {
                        "datatype": {
                            "base": "decimal",
                            "minimum": -180,
                            "maximum": 180
                        },
                        "propertyUrl": "http://cldf.clld.org/v1.0/terms.rdf#longitude",
                        "required": false,
                        "name": "Longitude"
                    },
                    {
                        "datatype": {
                            "base": "string",
                            "format": "[a-z0-9]{4}[1-9][0-9]{3}"
                        },
                        "propertyUrl": "http://cldf.clld.org/v1.0/terms.rdf#glottocode",
                        "required": false,
                        "valueUrl": "http://glottolog.org/resource/languoid/id/{glottocode}",
                        "name": "Glottocode"
                    },
                    {
                        "datatype": {
                            "base": "string",
                            "format": "[a-z]{3}"
                        },
                        "propertyUrl": "http://cldf.clld.org/v1.0/terms.rdf#iso639P3code",
                        "required": false,
                        "name": "ISO639P3code"
                    },
                    {
                        "datatype": "string",
                        "name": "Family"
                    },
                    {
                        "datatype": "string",
                        "name": "Subfamily"
                    },
                    {
                        "datatype": "string",
                        "name": "Genus"
                    },
                    {
                        "separator": " ",
                        "name": "ISO_codes"
                    },
                    {
                        "dc:description": "https://wals.info/chapter/s1#3.1._The_WALS_samples",
                        "datatype": "boolean",
                        "name": "Samples_100"
                    },
                    {
                        "dc:description": "https://wals.info/chapter/s1#3.1._The_WALS_samples",
                        "datatype": "boolean",
                        "name": "Samples_200"
                    }
                ],
                "primaryKey": [
                    "ID"
                ]
            },
            "url": "languages.csv"
        },
        {
            "dc:conformsTo": "http://cldf.clld.org/v1.0/terms.rdf#ExampleTable",
            "dc:extent": 3907,
            "tableSchema": {
                "columns": [
                    {
                        "datatype": {
                            "base": "string",
                            "format": "[a-zA-Z0-9_\\-]+"
                        },
                        "propertyUrl": "http://cldf.clld.org/v1.0/terms.rdf#id",
                        "required": true,
                        "name": "ID"
                    },
                    {
                        "datatype": "string",
                        "propertyUrl": "http://cldf.clld.org/v1.0/terms.rdf#languageReference",
                        "required": true,
                        "name": "Language_ID"
                    },
                    {
                        "datatype": "string",
                        "propertyUrl": "http://cldf.clld.org/v1.0/terms.rdf#primaryText",
                        "required": true,
                        "name": "Primary_Text"
                    },
                    {
                        "datatype": "string",
                        "propertyUrl": "http://cldf.clld.org/v1.0/terms.rdf#analyzedWord",
                        "required": false,
                        "separator": "\\t",
                        "name": "Analyzed_Word"
                    },
                    {
                        "datatype": "string",
                        "propertyUrl": "http://cldf.clld.org/v1.0/terms.rdf#gloss",
                        "required": false,
                        "separator": "\\t",
                        "name": "Gloss"
                    },
                    {
                        "datatype": "string",
                        "propertyUrl": "http://cldf.clld.org/v1.0/terms.rdf#translatedText",
                        "required": false,
                        "name": "Translated_Text"
                    },
                    {
                        "datatype": "string",
                        "propertyUrl": "http://cldf.clld.org/v1.0/terms.rdf#metaLanguageReference",
                        "required": false,
                        "name": "Meta_Language_ID"
                    },
                    {
                        "datatype": "string",
                        "propertyUrl": "http://cldf.clld.org/v1.0/terms.rdf#comment",
                        "required": false,
                        "name": "Comment"
                    }
                ],
                "foreignKeys": [
                    {
                        "columnReference": [
                            "Language_ID"
                        ],
                        "reference": {
                            "resource": "languages.csv",
                            "columnReference": [
                                "ID"
                            ]
                        }
                    },
                    {
                        "columnReference": [
                            "Meta_Language_ID"
                        ],
                        "reference": {
                            "resource": "languages.csv",
                            "columnReference": [
                                "ID"
                            ]
                        }
                    }
                ],
                "primaryKey": [
                    "ID"
                ]
            },
            "url": "examples.csv"
        },
        {
            "dc:conformsTo": null,
            "dc:extent": 7377,
            "tableSchema": {
                "columns": [
                    {
                        "propertyUrl": "http://cldf.clld.org/v1.0/terms.rdf#id",
                        "name": "ID"
                    },
                    {
                        "separator": " ",
                        "name": "Language_ID"
                    },
                    {
                        "propertyUrl": "http://cldf.clld.org/v1.0/terms.rdf#name",
                        "name": "Name"
                    },
                    {
                        "datatype": "string",
                        "name": "Provider"
                    }
                ],
                "foreignKeys": [
                    {
                        "columnReference": [
                            "Language_ID"
                        ],
                        "reference": {
                            "resource": "languages.csv",
                            "columnReference": [
                                "ID"
                            ]
                        }
                    }
                ],
                "primaryKey": [
                    "ID"
                ]
            },
            "url": "language_names.csv"
        },
        {
            "dc:conformsTo": null,
            "dc:extent": 55,
            "tableSchema": {
                "columns": [
                    {
                        "propertyUrl": "http://cldf.clld.org/v1.0/terms.rdf#id",
                        "name": "ID"
                    },
                    {
                        "propertyUrl": "http://cldf.clld.org/v1.0/terms.rdf#name",
                        "name": "Name"
                    }
                ],
                "primaryKey": [
                    "ID"
                ]
            },
            "url": "contributors.csv"
        }
    ]
}